id,numero,cliente_id,descricao,data_abertura,status,analista_id,grupo_trabalho,complexidade,proposta_status,data_envio_proposta,data_aprovacao,horas_dev,pct_margem,pct_negociado,pct_qa_aplicado,pct_gerencial_aplicado,valor_hora_aplicado,criado_em,atualizado_em,qtd_parcelas,valor_projeto_real,desconto_negociado_real,valor_total_projeto_real
004acb19-468d-448d-ae87-15b9856ce643,18691,20e510ba-1c96-4519-bd31-5ff87bcb61e2,Campanha Selos 2026,2026-01-16,Concluido,4f873c3e-7e48-434a-8f65-02f3b0582863,PDV / Inovação,3,Aprovado,2026-05-15,2026-05-19,190.00,0.1600,0.0592,0.6000,0.3200,162.94,2026-07-24 17:06:28.173943+00,2026-07-25 14:26:00.868754+00,1,69086.56,4086.47,65000.00
0075ba97-d949-4f16-84f1-695ee28e0583,74155,20e510ba-1c96-4519-bd31-5ff87bcb61e2,CRM Sales Force Festval Projeto Time & Material - Mês 03,2021-04-12,Concluido,24887f2b-0a3f-4e8c-b699-fac9ebbea3a7,,,Aprovado,2022-04-14,2022-04-14,0.00,0.0000,0.0000,0.6000,0.2000,162.94,2026-07-24 17:06:27.597938+00,2026-07-25 14:26:00.868754+00,1,5515.77,0.00,5517.77
008e9afc-8d9d-4a14-90ce-e72f9cef38ca,96140,20e510ba-1c96-4519-bd31-5ff87bcb61e2,Integração C5 - Agosto,2023-02-22,Concluido,24887f2b-0a3f-4e8c-b699-fac9ebbea3a7,,,Aprovado,2023-09-06,2023-09-06,0.00,0.0000,0.0000,0.6000,0.2000,152.94,2026-07-24 17:06:27.597938+00,2026-07-25 14:26:00.868754+00,1,9176.40,0.00,9176.40
00aaab0f-ca46-4450-968c-05c0a69bc569,106881,4f9970fc-7e10-4350-8cdb-03c2c57cad8b,Melhoria Polling,2024-01-04,BackLog,,Visual Store,2,,,,0.00,0.0000,0.0000,0.6000,0.2000,152.94,2026-07-24 17:06:28.173943+00,2026-07-25 14:26:00.868754+00,1,39465.86,0.00,42046.34
010ef01b-f8b4-4e3f-9739-0f8c90f3bbdb,104607,d6661814-260f-4b92-9b0d-d619007208d2,Implementação Senha forte,2023-10-23,Encerrado,24887f2b-0a3f-4e8c-b699-fac9ebbea3a7,,,Enviado,2023-10-31,,0.00,0.0000,0.0000,0.6000,0.2000,152.94,2026-07-24 17:06:27.597938+00,2026-07-25 14:26:00.868754+00,1,6117.60,0.00,6117.60
0124c02b-ae9f-45af-9ee5-be8564a6c3e5,102289,b371113f-0789-40f1-9cb3-8cdd1fd32ac9,Integração NSU / autorização,2023-09-04,Concluido,b5f82498-f4af-427d-995d-77f6e9116056,,,Encerrado,2023-11-08,,10.00,0.2000,1.0000,0.7000,0.3400,152.94,2026-07-24 17:06:27.597938+00,2026-07-25 14:26:00.868754+00,1,3743.97,3743.97,0.00
0146aea6-d201-4cf9-96e9-4f7e0e6d193b,2395,610af016-3cf6-49a0-8ebd-c84cffce3f47,Comercialização Kit com Celular no AV,2025-01-21,Enviar Proposta,b5f82498-f4af-427d-995d-77f6e9116056,AV,3,,,,40.00,0.2000,0.0000,0.6000,0.2000,162.94,2026-07-24 17:06:27.597938+00,2026-07-25 14:26:00.868754+00,1,0.00,0.00,0.00
0193c89d-93bc-415c-8f69-700e928f47ab,95294,aebbcea0-4af1-424f-8951-f3941e6cc793,Pedidos representantes,2023-01-25,Encerrado,b5f82498-f4af-427d-995d-77f6e9116056,,,Enviado,2023-08-07,,21.00,0.2000,0.2850,0.6000,0.3200,163.87,2026-07-24 17:06:27.597938+00,2026-07-25 14:26:00.868754+00,1,7928.64,2259.66,5668.98
01c17cdb-e240-45e6-a649-680fa3481073,93239,d6661814-260f-4b92-9b0d-d619007208d2,Operações de Fechamento de Caixa,2022-11-24,Encerrado,4f873c3e-7e48-434a-8f65-02f3b0582863,,,,,,0.00,0.0000,0.0000,0.6000,0.2000,162.94,2026-07-24 17:06:27.597938+00,2026-07-25 14:26:00.868754+00,1,0.00,0.00,0.00
024067d1-a1a8-49db-85eb-ec93e386ef7b,117582,20e510ba-1c96-4519-bd31-5ff87bcb61e2,Relatório de desconto detalhada por desconto,2024-11-12,Encerrado,,Visual Store,1,,,,0.00,0.0000,0.0000,0.6000,0.2000,162.94,2026-07-24 17:06:28.173943+00,2026-07-25 14:26:00.868754+00,1,0.00,0.00,0.00
026bcd5c-2e6b-4e86-92af-10970088698c,99707,b371113f-0789-40f1-9cb3-8cdd1fd32ac9,Texto na impressão do Cupom desconto,2023-06-07,Concluido,,,,Suporte,,,0.00,0.0000,0.0000,0.6000,0.2000,162.94,2026-07-24 17:06:27.597938+00,2026-07-25 14:26:00.868754+00,1,0.00,0.00,0.00
0294ad14-1f3a-4725-8350-7ebebe7dedb6,91527,4f9970fc-7e10-4350-8cdb-03c2c57cad8b,Geração Voucher único,2022-09-28,Encerrado,4f873c3e-7e48-434a-8f65-02f3b0582863,,,,,,0.00,0.0000,0.0000,0.6000,0.2000,162.94,2026-07-24 17:06:27.597938+00,2026-07-25 14:26:00.868754+00,1,0.00,0.00,0.00
02d544a0-b057-478b-a4c1-c7ed37c1c89a,86584,01ff7797-f539-45cb-9e9a-dc195620d23f,Migração de SOAP para API da IZIO,2022-04-12,Concluido,24887f2b-0a3f-4e8c-b699-fac9ebbea3a7,,,Aprovado,2022-05-30,2022-06-15,60.00,0.1000,0.1000,0.6000,0.2000,162.94,2026-07-24 17:06:27.597938+00,2026-07-25 14:26:00.868754+00,1,19357.27,1935.73,14000.00
03557b28-9cb4-432b-b99a-5b88b4797922,88867,4f9970fc-7e10-4350-8cdb-03c2c57cad8b,Melhoria Self,2022-07-04,Concluido,4f873c3e-7e48-434a-8f65-02f3b0582863,,,Equipe Exclusiva,,,20.00,0.2000,0.0000,0.6000,0.2000,162.94,2026-07-24 17:06:27.597938+00,2026-07-25 14:26:00.868754+00,1,7039.01,0.00,0.00
03695b3c-7a72-48d5-abba-5072469f683b,107094,f6728acf-eb1b-4d3b-9723-523554e2c0a4,Melhoria Scanntech,2024-01-12,Encerrado,,,,,,,0.00,0.0000,0.0000,0.6000,0.2000,162.94,2026-07-24 17:06:27.597938+00,2026-07-25 14:26:00.868754+00,1,0.00,0.00,0.00
0393f26b-e9cf-4b6a-b2c7-46c18ccd7dc6,99227,80f9054a-4b42-4362-b04e-47852bd387ab,Pesagem Self - Tara Comparar Peso,2023-05-24,Encerrado,,,,,,,0.00,0.0000,0.0000,0.6000,0.2000,162.94,2026-07-24 17:06:27.597938+00,2026-07-25 14:26:00.868754+00,1,0.00,0.00,0.00
041bcb38-1b20-4a46-9383-e379d9243dc5,102327,265b48f6-1d24-4dd6-a22e-a5f9eab7546a,"Integração E-commerce ",2023-09-05,Encerrado,,,,,,,0.00,0.0000,0.0000,0.6000,0.2000,162.94,2026-07-24 17:06:27.597938+00,2026-07-24 17:06:27.597938+00,1,,,
044efbec-aceb-45b2-9eab-4a1d95d2ae38,85122,923e43a8-d718-46bc-b174-5ddab0ef6da2,Aumento do Campo Complemento,2022-02-24,Concluido,7cf7d560-8945-44d0-8aa9-f57e5e40bee7,,,Cancelado,2022-04-26,,32.00,0.2000,0.0000,0.6000,0.2000,144.79,2026-07-24 17:06:27.597938+00,2026-07-25 14:26:00.868754+00,1,10007.76,0.00,10007.76
0461edf7-6d46-4c63-a1e3-f5fb4dc8837c,111022,44900930-9abb-42ec-977e-076034299a13,Self permitir o cliente multiplicar,2024-05-22,Em Analise,4f873c3e-7e48-434a-8f65-02f3b0582863,PDV,1,Suporte,,,0.00,0.0000,0.0000,0.6000,0.2000,162.94,2026-07-24 17:06:27.597938+00,2026-07-25 14:26:00.868754+00,1,0.00,0.00,0.00
049c16b8-beb5-45ec-80c8-589c0614e693,87548,923e43a8-d718-46bc-b174-5ddab0ef6da2,Integração de Sistema Tintometrico,2022-05-18,Concluido,b5f82498-f4af-427d-995d-77f6e9116056,,,Cancelado,2022-08-30,,140.00,0.2000,0.1000,0.6000,0.2000,162.94,2026-07-24 17:06:27.597938+00,2026-07-25 14:26:00.868754+00,1,49273.06,4927.31,44345.75
0525f3c8-005b-4da2-8e12-3da018b9ef2f,112670,61714421-ac80-47e3-a190-f40fb8efd17b,Paineis geral por componente,2024-07-02,Encerrado,7a0a249c-9cd5-4c74-8f79-91925439d261,Visual Store,2,,,,0.00,0.2000,0.0000,0.6000,0.2000,162.94,2026-07-24 17:06:28.173943+00,2026-07-25 14:26:00.868754+00,1,0.00,0.00,0.00
0543bc7f-1932-4e90-9961-da12303cc337,12458,20e510ba-1c96-4519-bd31-5ff87bcb61e2,Integração Ambipar,2025-08-19,Encerrado,4f873c3e-7e48-434a-8f65-02f3b0582863,Inovação,3,,,,0.00,0.0000,0.0000,0.6000,0.2000,152.94,2026-07-24 17:06:28.173943+00,2026-07-25 14:26:00.868754+00,1,1835.28,0.00,1835.28
056a068c-7628-49a1-988b-3c3003419e1f,111911,44900930-9abb-42ec-977e-076034299a13,Incluir finalizadora 09 diferença de Preço no Self,2024-06-14,Em Analise,4f873c3e-7e48-434a-8f65-02f3b0582863,PDV,1,Suporte,,,0.00,0.0000,0.0000,0.6000,0.2000,162.94,2026-07-24 17:06:27.597938+00,2026-07-25 14:26:00.868754+00,1,0.00,0.00,0.00
05709739-e49b-449a-bcf6-4608be77ce73,21003,3636c0c9-fdae-439b-b2d4-9714d0e7ef66,Chama Fiscal,2026-03-12,Concluido,24887f2b-0a3f-4e8c-b699-fac9ebbea3a7,Implantação,3,Bonificado,2026-03-20,2026-04-02,0.00,0.0000,0.0000,0.6000,0.2000,162.94,2026-07-24 17:06:28.173943+00,2026-07-25 14:26:00.868754+00,1,5214.08,0.00,5214.08
05a1708c-8f7a-4394-856c-5e729e5aed43,7068,56d9260f-27ea-41bd-87a6-7ed51ae6fe0f,Integração Pricefy,2025-04-15,Encerrado,24887f2b-0a3f-4e8c-b699-fac9ebbea3a7,Integração,3,,,,0.00,0.0000,0.0000,0.6000,0.2000,162.94,2026-07-24 17:06:28.173943+00,2026-07-25 14:26:00.868754+00,1,0.00,0.00,0.00
0611d30c-0375-4b48-ac26-725433cc1b25,106920,07ef7533-9281-4b78-bee4-6b35bdc48e39,Envio de cupom por e-mail,2024-01-05,Concluido,b5f82498-f4af-427d-995d-77f6e9116056,,,Aprovado,2024-03-20,2024-03-27,0.00,0.0000,0.1373,0.6000,0.2000,152.94,2026-07-24 17:06:27.597938+00,2026-07-25 14:26:00.868754+00,1,11011.68,1511.68,9500.00
0687ffe3-cace-4bf6-bb41-b9d4ae3d806a,18271,d6661814-260f-4b92-9b0d-d619007208d2,Solicitação de melhoria  e ajuste de Fluxo OS,2026-12-29,Encerrado,bb1443d3-c1f4-4712-8e52-04b694a00cc9,PDV,2,,,,0.00,0.0000,0.0000,0.6000,0.2000,162.94,2026-07-24 17:06:28.173943+00,2026-07-25 14:26:00.868754+00,1,0.00,0.00,0.00
0744a05a-75ab-464b-be72-251fa800620f,89820,bca31377-9c12-4604-9992-bb0098808459,Integração Ifoods,2022-08-08,Concluido,24887f2b-0a3f-4e8c-b699-fac9ebbea3a7,,,Aprovado,2022-08-08,2022-08-09,0.00,0.0000,0.0000,0.6000,0.2000,162.94,2026-07-24 17:06:27.597938+00,2026-07-25 14:26:00.868754+00,1,5000.00,0.00,5000.00
07beb73c-677c-4f03-bb5b-7dbc0556697d,88762,80f9054a-4b42-4362-b04e-47852bd387ab,Integração InfoCard,2022-06-30,Concluido,4f873c3e-7e48-434a-8f65-02f3b0582863,,,Aprovado,2022-08-03,2022-08-09,80.00,0.1500,0.1391,0.6000,0.2000,162.94,2026-07-24 17:06:27.597938+00,2026-07-25 14:26:00.868754+00,1,26982.86,3349.92,23632.94
07cc7ed9-707a-4476-946e-fcdfe948fa00,83828,4f9970fc-7e10-4350-8cdb-03c2c57cad8b,Pesquisa NPS,2022-01-18,Concluido,4f873c3e-7e48-434a-8f65-02f3b0582863,,,Equipe Exclusiva,,,120.00,0.2000,0.0000,0.6000,0.2000,162.94,2026-07-24 17:06:27.597938+00,2026-07-25 14:26:00.868754+00,1,42234.05,0.00,0.00
080969c8-1185-42ec-b914-60ada13f911e,5946,d6661814-260f-4b92-9b0d-d619007208d2,implementação de tela de lembrete de pagamento com PIX,2025-03-19,Encerrado,4f873c3e-7e48-434a-8f65-02f3b0582863,PDV,1,,,,0.00,0.0000,0.0000,0.6000,0.2000,162.94,2026-07-24 17:06:28.173943+00,2026-07-25 14:26:00.868754+00,1,0.00,0.00,0.00
080df40a-e9b9-46e5-89bd-f4c1415e681c,101102,fd257c9b-88cb-46bc-959c-6cf6a0c84e98,Cartão Presente Todo Cartões,2023-07-24,Encerrado,4f873c3e-7e48-434a-8f65-02f3b0582863,PDV / Convenio,2,,,,0.00,0.0000,0.0000,0.6000,0.2000,162.94,2026-07-24 17:06:27.597938+00,2026-07-25 14:26:00.868754+00,1,0.00,0.00,0.00
081c155b-d3db-4f1d-a090-ca07781bc665,98073,38a2bac3-d309-43c4-81fc-66eb66f2acdb,Orçamento de Horas,2023-04-15,Concluido,24887f2b-0a3f-4e8c-b699-fac9ebbea3a7,,,Aprovado,2023-09-15,2023-09-20,0.00,0.0000,0.0846,0.6000,0.2000,152.94,2026-07-24 17:06:27.597938+00,2026-07-25 14:26:00.868754+00,1,15294.00,1294.00,14000.00
08cff8d4-56a6-40c5-93d9-df2f433aeeac,5580,d6661814-260f-4b92-9b0d-d619007208d2,Melhoria na tela de pagamento,2025-03-12,Em Analise,4f873c3e-7e48-434a-8f65-02f3b0582863,PDV,1,Release,,,0.00,0.0000,0.0000,0.6000,0.2000,162.94,2026-07-24 17:06:28.173943+00,2026-07-25 14:26:00.868754+00,1,0.00,0.00,0.00
091282ae-0779-4b00-9ea1-f4bd2ac9470d,24584,3636c0c9-fdae-439b-b2d4-9714d0e7ef66,Reabertura e Edição de operação Papa fila,2026-05-27,Concluido,24887f2b-0a3f-4e8c-b699-fac9ebbea3a7,Iinovação,2,Enviado,2026-06-22,,0.00,0.0000,1.0000,0.6000,0.2000,162.94,2026-07-24 17:06:28.173943+00,2026-07-25 14:26:00.868754+00,1,6517.60,6517.60,0.00
0a3c936c-eb0f-4971-81c4-c9a9039b4df6,80982,4a26fcf1-9bab-48eb-86b9-999e64310cd2,Integração SAP Time & Material de 11/05 a 13/06/22,2022-10-21,Concluido,24887f2b-0a3f-4e8c-b699-fac9ebbea3a7,,,Aprovado,2022-06-14,2022-07-13,0.00,0.0000,0.0000,0.6000,0.2000,162.94,2026-07-24 17:06:27.597938+00,2026-07-25 14:26:00.868754+00,1,0.00,0.00,0.00
0b4eb659-ffee-4584-a9f6-ccf756089906,3920,b1d643c6-242a-4e67-a845-e7c0ad2fe09d,DAVT D'ville,2025-02-10,Encerrado,24887f2b-0a3f-4e8c-b699-fac9ebbea3a7,TODOS,4,,,,0.00,0.0000,0.0000,0.6000,0.2000,162.94,2026-07-24 17:06:28.173943+00,2026-07-25 14:26:00.868754+00,1,0.00,0.00,0.00
0b54e37d-c870-4ad5-a617-3e7f422670a1,114451,1906d458-3c21-4f23-9720-ab05b01fb3f6,"Campo código Voucher IDEver ",2024-08-16,Encerrado,b5f82498-f4af-427d-995d-77f6e9116056,Visual Store,1,,,,0.00,0.0000,0.0000,0.6000,0.2000,162.94,2026-07-24 17:06:28.173943+00,2026-07-24 17:06:28.173943+00,1,,,
0c74a87d-738e-4894-9498-7bc5f5375dd0,102181,b371113f-0789-40f1-9cb3-8cdd1fd32ac9,Troco Solidário,2023-08-31,Encerrado,,,,,,,0.00,0.0000,0.0000,0.6000,0.2000,162.94,2026-07-24 17:06:27.597938+00,2026-07-25 14:26:00.868754+00,1,0.00,0.00,0.00
0ca6761b-aad0-4068-8276-1a1cbc1820c4,7985,efd952ed-7c24-43cf-b565-2c4f1fa3c8c5,Integração Visual Mix + Bonifiq,2025-05-07,Encerrado,4f873c3e-7e48-434a-8f65-02f3b0582863,Inovação,,,,,0.00,0.0000,0.0000,0.6000,0.2000,162.94,2026-07-24 17:06:28.173943+00,2026-07-25 14:26:00.868754+00,1,0.00,0.00,0.00
0cb335c4-f981-4455-9c7d-c1042b7ef9bf,109139,88627d86-ab81-4fb7-904e-5fd914fc4b7a,Integração Mercafacil - Padrão,2024-03-19,Concluido,24887f2b-0a3f-4e8c-b699-fac9ebbea3a7,,,Aprovado,2024-04-19,2024-04-22,360.00,0.2000,0.0000,0.6000,0.3250,152.94,2026-07-24 17:06:27.597938+00,2026-07-25 14:26:00.868754+00,1,127184.90,0.00,127184.90
0cc1e5c6-a8a5-473e-989d-9ae7e515f573,92157,f8a59749-e052-458a-afc4-d7e7f228ddbe,Integração Pocket GO,2022-10-18,Concluido,24887f2b-0a3f-4e8c-b699-fac9ebbea3a7,,,Bonificado,2022-12-07,2022-12-07,50.00,0.2000,1.0000,0.6000,0.2000,162.94,2026-07-24 17:06:27.597938+00,2026-07-25 14:26:00.868754+00,1,17597.52,17597.52,
0d220945-0b73-4aaf-98b9-a56c65adad21,87499,610af016-3cf6-49a0-8ebd-c84cffce3f47,Adicionar serviço de Validação de E-mail no Cadastro de Cliente,2022-05-16,Concluido,b5f82498-f4af-427d-995d-77f6e9116056,,,Encerrado,2022-08-31,,110.00,0.2000,0.0000,0.6000,0.2000,162.94,2026-07-24 17:06:27.597938+00,2026-07-25 14:26:00.868754+00,1,38714.54,0.00,38714.54
0d23ab46-4fa6-45cb-ac3e-a1f398ed8467,11433,770a7889-ad6f-47c2-b614-e3db637a49c6,Integração IdEver,2025-07-28,Concluido,24887f2b-0a3f-4e8c-b699-fac9ebbea3a7,Implantação,2,Bonificado,2025-07-28,2025-07-29,0.00,0.0000,0.0000,0.6000,0.2000,162.94,2026-07-24 17:06:28.173943+00,2026-07-25 14:26:00.868754+00,1,,,
0d30e7a8-3641-4b7a-ae1e-15702c24c830,91269,e4c27a86-8300-4d23-8ffc-3a28cfcc3d48,Integração Pricefy,2022-09-21,Encerrado,4f873c3e-7e48-434a-8f65-02f3b0582863,,,,2022-10-27,,80.00,0.2000,0.0000,0.6000,0.2000,162.94,2026-07-24 17:06:27.597938+00,2026-07-25 14:26:00.868754+00,1,28156.03,0.00,28156.03
0d769523-51ad-419b-9110-d54ce73d524a,9528,8e92fca3-e9fb-43f4-b2f2-f1764c842d74,Identificação Cliente / desconto,2025-06-11,Encerrado,4f873c3e-7e48-434a-8f65-02f3b0582863,Inovação,3,Enviado,2025-06-09,,48.00,0.2000,0.1780,0.6000,0.3200,162.94,2026-07-24 17:06:28.173943+00,2026-07-25 14:26:00.868754+00,1,18249.28,3248.37,15000.91
0db3c80c-9239-4aa1-88bf-a881ce297c1b,96311,fd257c9b-88cb-46bc-959c-6cf6a0c84e98,Inclusão campo no Web Service,2023-02-28,Encerrado,b5f82498-f4af-427d-995d-77f6e9116056,,,,,,0.00,0.0000,0.0000,0.6000,0.2000,162.94,2026-07-24 17:06:27.597938+00,2026-07-25 14:26:00.868754+00,1,0.00,0.00,0.00
0de33f1d-497f-4a9d-92c9-673d9cbbde2a,10322,88627d86-ab81-4fb7-904e-5fd914fc4b7a,"Função para copiar tidas as promoções do Clube ",2025-07-02,Concluido,24887f2b-0a3f-4e8c-b699-fac9ebbea3a7,Gestão,3,Aprovado,2025-07-04,2025-07-04,48.00,0.0000,0.0000,0.0000,0.0000,162.94,2026-07-24 17:06:28.173943+00,2026-07-25 14:48:02.60565+00,1,,,
0e0ab520-ce11-40c1-a6d4-eafec00f535b,15498,bddc3eea-c4b9-4010-a353-481fb50e5f99,Integração Vip Commerce,2025-10-24,Encerrado,24887f2b-0a3f-4e8c-b699-fac9ebbea3a7,Implantação,3,Enviado,2025-10-31,,0.00,0.0000,0.0000,0.6000,0.2000,162.94,2026-07-24 17:06:28.173943+00,2026-07-25 14:26:00.868754+00,1,0.00,0.00,0.00
0e61acd9-fe05-4c41-b659-1b581bb7807b,91824,aebbcea0-4af1-424f-8951-f3941e6cc793,Integração Intelispost,2022-10-07,Encerrado,b5f82498-f4af-427d-995d-77f6e9116056,,,,,,0.00,0.0000,0.0000,0.6000,0.2000,162.94,2026-07-24 17:06:27.597938+00,2026-07-25 14:26:00.868754+00,1,0.00,0.00,0.00
0e85c57e-f1ec-4fa1-b82b-e24d1e18d7f4,83539,bac6277e-ed8f-4df1-80ee-f3ea1d7100d7,E-mail com Nfce,2022-01-07,Concluido,b5f82498-f4af-427d-995d-77f6e9116056,,,Cancelado,2022-04-06,,40.00,0.2000,0.0000,0.6000,0.2000,162.94,2026-07-24 17:06:27.597938+00,2026-07-25 14:26:00.868754+00,1,14078.02,0.00,14078.02
0eabbac3-a138-4084-9c30-b09ccb716c53,96140,20e510ba-1c96-4519-bd31-5ff87bcb61e2,Integração C5 - Julho,2023-02-22,Concluido,24887f2b-0a3f-4e8c-b699-fac9ebbea3a7,,,Aprovado,2023-08-07,2023-08-07,0.00,0.0000,0.0000,0.6000,0.2000,152.94,2026-07-24 17:06:27.597938+00,2026-07-25 14:26:00.868754+00,1,9635.22,0.00,9635.22
0eaec628-318f-4864-be8e-2c872774ae58,98762,7f63efab-ea62-4df5-8339-5875ae9b2732,Pedido de e-commerce com cesta basica,2023-05-09,Concluido,b5f82498-f4af-427d-995d-77f6e9116056,,,Recusada,2023-06-23,,40.00,0.2000,0.1486,0.6000,0.3200,152.94,2026-07-24 17:06:27.597938+00,2026-07-25 14:26:00.868754+00,1,14094.95,2094.95,12000.00
0eb02fe9-2e93-44e8-8968-050ac3e616b2,6953,80f9054a-4b42-4362-b04e-47852bd387ab,Ajuste de msg na casadinha duplicada,2025-04-11,Em Analise,b5f82498-f4af-427d-995d-77f6e9116056,Viasual Store,,Release,,,0.00,0.0000,0.0000,0.6000,0.2000,162.94,2026-07-24 17:06:28.173943+00,2026-07-25 14:26:00.868754+00,1,0.00,0.00,0.00
0ed2f343-0d7b-46e5-bfcf-9d0a7bdbead1,20060,db047eb4-c014-41d0-b052-78601e1977e1,Integração produtos proxima da Validade,2026-02-10,Em Analise,,Inovação / PDV,3,,,,0.00,0.0000,0.0000,0.6000,0.2000,162.94,2026-07-24 17:06:28.173943+00,2026-07-25 14:26:00.868754+00,1,0.00,0.00,0.00
0f3e32d0-9423-41ba-b6f7-5b78016ffeaa,110800,96f36366-04b6-47a3-8545-91e84d426059,Formas de pagamento no Site Delivery,2024-05-18,Em Analise,b5f82498-f4af-427d-995d-77f6e9116056,"Integração ",1,Release,,,0.00,0.0000,0.0000,0.6000,0.2000,162.94,2026-07-24 17:06:27.597938+00,2026-07-25 14:26:00.868754+00,1,0.00,0.00,0.00
0f8c9bda-4d31-42c7-8c55-0ef8c7a3288d,82080,4f9970fc-7e10-4350-8cdb-03c2c57cad8b,Relatorio Painel,2021-11-24,Concluido,7cf7d560-8945-44d0-8aa9-f57e5e40bee7,,,Equipe Exclusiva,,,40.00,0.2000,0.0000,0.6000,0.2000,162.94,2026-07-24 17:06:27.597938+00,2026-07-25 14:26:00.868754+00,1,11340.62,0.00,0.00
0f9f41cf-9249-48c1-bf32-6852a3dbfa6e,9390,07ef7533-9281-4b78-bee4-6b35bdc48e39," Aderencia PDV's para NFC'e ",2025-06-09,Encerrado,24887f2b-0a3f-4e8c-b699-fac9ebbea3a7,Implantação,3,Enviado,2025-06-09,,0.00,0.0000,0.0000,0.6000,0.2000,162.94,2026-07-24 17:06:28.173943+00,2026-07-24 17:06:28.173943+00,1,,,
0fb3e6f0-af79-4957-901c-bd333b71bf2d,20556,88627d86-ab81-4fb7-904e-5fd914fc4b7a,Mudança na API Cartaz facil,2026-02-23,Concluido,24887f2b-0a3f-4e8c-b699-fac9ebbea3a7,Gestão,3,Aprovado,2026-03-31,2026-04-06,0.00,0.0000,0.0000,0.6000,0.2000,162.94,2026-07-24 17:06:28.173943+00,2026-07-25 14:26:00.868754+00,1,3258.80,0.00,3258.80
1036032b-adde-4293-95b6-282e5bebb196,5580,d6661814-260f-4b92-9b0d-d619007208d2,Melhoria Tela de Pagamento,2025-03-12,Em Analise,4f873c3e-7e48-434a-8f65-02f3b0582863,PDV,2,Release,,,0.00,0.0000,0.0000,0.6000,0.2000,162.94,2026-07-24 17:06:28.173943+00,2026-07-25 14:26:00.868754+00,1,0.00,0.00,0.00
1071ee18-10ec-494f-b5e0-e663bc505bdf,84163,6a00b6df-bc61-4335-8976-3e39e064aff5,Lista de Itens,2022-01-31,Concluido,4f873c3e-7e48-434a-8f65-02f3b0582863,,,Bonificado,2022-03-09,,8.00,0.0000,1.0000,0.6000,0.2000,162.94,2026-07-24 17:06:27.597938+00,2026-07-25 14:26:00.868754+00,1,2346.34,2346.34,0.00
107e9933-51d4-4761-906f-bbeb33f6f44c,113051,88627d86-ab81-4fb7-904e-5fd914fc4b7a,Alterações de Cadastro de Fornecedor,2024-07-12,Concluido,24887f2b-0a3f-4e8c-b699-fac9ebbea3a7,Gestão,2,Suporte,2024-07-24,,44.00,0.0000,0.0000,0.6000,0.2000,162.94,2026-07-24 17:06:27.597938+00,2026-07-25 14:26:00.868754+00,1,13458.72,0.00,13458.72
1089b512-ffe4-4651-90a4-58eaf4079f34,19332,3636c0c9-fdae-439b-b2d4-9714d0e7ef66,Projeto CRM,2026-01-22,Encerrado,24887f2b-0a3f-4e8c-b699-fac9ebbea3a7,Inovação / PDV,2,Enviado,2026-02-20,,0.00,0.0000,0.0000,0.6000,0.2000,162.94,2026-07-24 17:06:28.173943+00,2026-07-25 14:26:00.868754+00,1,18901.04,0.00,18901.04
115d94c9-34a4-473b-a82d-30c70b7bafd3,13771,d6661814-260f-4b92-9b0d-d619007208d2,integração Esphera,2025-09-16,Concluido,b5f82498-f4af-427d-995d-77f6e9116056,integração,2,Aprovado,2025-10-21,2025-10-22,50.00,0.1100,0.0000,0.6000,0.3200,162.94,2026-07-24 17:06:28.173943+00,2026-07-25 14:26:00.868754+00,1,16945.76,0.00,16945.76
11601d36-11c0-455b-9766-6ae21b311475,98276,da5da913-1129-43d9-9acc-f74742c01ed0,Horas de implementação do chamado 98276,2023-04-27,Concluido,24887f2b-0a3f-4e8c-b699-fac9ebbea3a7,,,Aprovado,2023-11-08,2023-11-08,0.00,0.0000,0.0000,0.6000,0.2000,152.94,2026-07-24 17:06:27.597938+00,2026-07-25 14:26:00.868754+00,1,19576.32,0.00,19576.32
119bfa00-142a-40b7-8e41-7c883cce6728,85068,d6661814-260f-4b92-9b0d-d619007208d2,Novo processo Produtos Santa Rosa,2022-03-23,Concluido,4f873c3e-7e48-434a-8f65-02f3b0582863,,,Bonificado,2022-04-20,2022-05-04,12.00,0.0000,1.0000,0.6000,0.2000,174.59,2026-07-24 17:06:27.597938+00,2026-07-25 14:26:00.868754+00,1,3771.04,3771.04,0.00
11d2c330-ff87-4b5e-b652-82b526b860d0,87860,610af016-3cf6-49a0-8ebd-c84cffce3f47,"Implantação Pix ",2022-05-31,Concluido,24887f2b-0a3f-4e8c-b699-fac9ebbea3a7,,,Aprovado,2022-06-02,2022-06-02,0.00,0.0000,0.0000,0.6000,0.2000,162.94,2026-07-24 17:06:27.597938+00,2026-07-24 17:06:27.597938+00,1,,,
12308d4b-3584-42fb-9fa9-da0fda0cc72a,114586,4f9970fc-7e10-4350-8cdb-03c2c57cad8b,Preço para colaborador,2024-08-20,Encerrado,4f873c3e-7e48-434a-8f65-02f3b0582863,PDV /Integração,2,,,,0.00,0.0000,0.0000,0.6000,0.2000,162.94,2026-07-24 17:06:28.173943+00,2026-07-25 14:26:00.868754+00,1,0.00,0.00,0.00
1232d5a2-7d3d-4e08-a282-6ab5b707f822,14157,eedf6198-b134-4d0a-9acb-9fec23f95f90,"Venda de segurta Mafre ",2025-09-25,Encerrado,4f873c3e-7e48-434a-8f65-02f3b0582863,AV,,,,,0.00,0.0000,0.0000,0.6000,0.2000,162.94,2026-07-24 17:06:28.173943+00,2026-07-24 17:06:28.173943+00,1,,,
125acbc9-5e19-4945-baad-d978ab56cfaa,100848,d6661814-260f-4b92-9b0d-d619007208d2,Melhoria Tesouraria,2023-07-14,Encerrado,4f873c3e-7e48-434a-8f65-02f3b0582863,,,,,,0.00,0.0000,0.0000,0.6000,0.2000,162.94,2026-07-24 17:06:27.597938+00,2026-07-25 14:26:00.868754+00,1,0.00,0.00,0.00
12656b48-0d9e-4634-aada-ed5984514915,753,61714421-ac80-47e3-a190-f40fb8efd17b,Alocação de 2 Recurso,2025-01-06,Encerrado,24887f2b-0a3f-4e8c-b699-fac9ebbea3a7,Implantação,2,Negada,2025-01-27,,0.00,0.0000,0.0000,0.6000,0.2000,162.94,2026-07-24 17:06:28.173943+00,2026-07-25 14:26:00.868754+00,1,13035.20,0.00,13035.20
12a19e8f-08ca-418e-9579-6736a6c7b845,7964,88627d86-ab81-4fb7-904e-5fd914fc4b7a,Projeto Clube,2025-05-07,Concluido,24887f2b-0a3f-4e8c-b699-fac9ebbea3a7,Gestão,3,Aprovado,2025-05-07,2025-05-07,0.00,0.0000,0.0000,0.6000,0.2000,162.94,2026-07-24 17:06:28.173943+00,2026-07-25 14:26:00.868754+00,1,1955.28,0.00,1955.28
12d444a7-5a31-4b62-8e43-82c7b0d2031e,97632,923e43a8-d718-46bc-b174-5ddab0ef6da2,Personalização da data de vencimento das parcelas,2023-04-12,Encerrado,b5f82498-f4af-427d-995d-77f6e9116056,,,,,,0.00,0.0000,0.0000,0.6000,0.2000,162.94,2026-07-24 17:06:27.597938+00,2026-07-25 14:26:00.868754+00,1,0.00,0.00,0.00
12e0a0c9-c877-4d39-aa7a-3299c88b7e91,659,96f36366-04b6-47a3-8545-91e84d426059,Atualização API Tickets SIS,2025-12-10,Encerrado,b5f82498-f4af-427d-995d-77f6e9116056," Integração",2,Enviado,2025-02-17,,44.00,0.2000,0.1493,0.6000,0.3200,162.34,2026-07-24 17:06:27.597938+00,2026-07-25 14:26:00.868754+00,1,16456.94,2456.86,14000.08
131ff759-f7c6-42fd-a6e1-a1616d274c0e,87655,bddc3eea-c4b9-4010-a353-481fb50e5f99,Alteração no tamanha do campo da descrição Reduzida,2022-05-24,Concluido,24887f2b-0a3f-4e8c-b699-fac9ebbea3a7,,,Recusada,2022-07-04,,20.00,0.2000,0.2000,0.6000,0.2000,162.94,2026-07-24 17:06:27.597938+00,2026-07-25 14:26:00.868754+00,1,7039.01,1407.80,5631.21
137c1eed-2b3c-48a5-97eb-405abf610657,95612,ab01596f-cd83-4dc7-b76f-406168367461,"Integração Mercafacil ",2023-02-03,Concluido,24887f2b-0a3f-4e8c-b699-fac9ebbea3a7,,,Aprovado,2023-02-03,2023-02-23,0.00,0.0000,0.0000,0.6000,0.2000,152.94,2026-07-24 17:06:27.597938+00,2026-07-24 17:06:27.597938+00,1,,,
13b1d2eb-9145-44d9-81a8-ad1488ae3d33,97340,bddc3eea-c4b9-4010-a353-481fb50e5f99,Customização envio do Mercadologico,2023-03-30,Concluido,b5f82498-f4af-427d-995d-77f6e9116056,,,Bonificado,2023-04-05,2023-04-13,14.00,0.2000,1.0000,0.6000,0.3200,152.94,2026-07-24 17:06:27.597938+00,2026-07-25 14:26:00.868754+00,1,4933.23,4933.23,0.00
13b2645a-2302-44fc-a747-5e7915bb4b85,94748,d6661814-260f-4b92-9b0d-d619007208d2,Integração JUI,2023-01-09,Concluido,4f873c3e-7e48-434a-8f65-02f3b0582863,,,Aprovado,2023-07-03,2023-07-25,184.00,0.1500,0.0000,0.6000,0.1957,162.94,2026-07-24 17:06:27.597938+00,2026-07-25 14:26:00.868754+00,1,61265.44,0.00,61265.44
14b3627d-ec18-4da8-8553-4ca71ec13068,8570,770a7889-ad6f-47c2-b614-e3db637a49c6,Entrega em Domicilio,2025-05-20,Encerrado,b5f82498-f4af-427d-995d-77f6e9116056,PDV,3,,,,0.00,0.0000,0.0000,0.6000,0.2000,162.94,2026-07-24 17:06:27.597938+00,2026-07-25 14:26:00.868754+00,1,0.00,0.00,0.00
15b37356-262f-4115-be62-bfecf45f6a5b,95674,418ed8e3-cad9-407c-ac64-872f59d269ca,Conta Contabil,2023-02-06,Concluido,24887f2b-0a3f-4e8c-b699-fac9ebbea3a7,,,Encerrado,2023-03-20,,12.00,0.2000,0.0000,0.6000,0.3200,152.94,2026-07-24 17:06:27.597938+00,2026-07-25 14:26:00.868754+00,1,3523.74,0.00,3523.74
15ba9312-ff38-425a-b83e-decb600dd86d,97580,4f9970fc-7e10-4350-8cdb-03c2c57cad8b,Consentimento +18,2023-04-05,Encerrado,b5f82498-f4af-427d-995d-77f6e9116056,,,,,,0.00,0.0000,0.0000,0.6000,0.2000,162.94,2026-07-24 17:06:27.597938+00,2026-07-25 14:26:00.868754+00,1,0.00,0.00,0.00
15e77945-2e85-460f-859a-ae6dab4d0aa3,107054,4f9970fc-7e10-4350-8cdb-03c2c57cad8b,Atualizador de Versão,2024-01-11,BackLog,,Inovação,4,,,,0.00,0.0000,0.0000,0.6000,0.2000,154.89,2026-07-24 17:06:28.173943+00,2026-07-25 14:26:00.868754+00,1,8564.64,0.00,9124.64
1610d57c-4f50-43d2-a8ec-f31bc2b96d17,24222,8f01babb-a316-44ee-902d-311847e45720,Projeto plugin SCO for SCO-Vision,2026-05-18,Concluido,b5f82498-f4af-427d-995d-77f6e9116056,Inovação,3,Enviado,2026-05-06,,256.00,0.0000,0.0500,0.6000,0.2000,162.94,2026-07-24 17:06:28.173943+00,2026-07-25 14:26:00.868754+00,1,71957.70,3597.89,68359.82
1613a2c8-1bc1-484b-9da8-e08c49312be5,22368,e09cb1ba-6728-488e-84c9-d3a7b308a604,DAVT Mercadão Atacadista,2026-03-23,Novo Cliente,24887f2b-0a3f-4e8c-b699-fac9ebbea3a7,Todos,4,,,,0.00,0.0000,0.0000,0.6000,0.2000,162.94,2026-07-24 17:06:28.173943+00,2026-07-25 14:26:00.868754+00,1,0.00,0.00,0.00
16181f7c-31ee-4efa-bdde-a78231a9c106,98572,b371113f-0789-40f1-9cb3-8cdd1fd32ac9,Tempo de espera PIX,2023-05-03,Concluido,,,,Encerrado,,,0.00,0.0000,0.0000,0.6000,0.2000,162.94,2026-07-24 17:06:27.597938+00,2026-07-25 14:26:00.868754+00,1,0.00,0.00,0.00
1647eb66-d64e-4b83-9f60-9facd14fcfa2,84058,d6661814-260f-4b92-9b0d-d619007208d2,Tela Promoção Relampago,2022-01-27,Concluido,7cf7d560-8945-44d0-8aa9-f57e5e40bee7,,,Bonificado,2022-03-02,,16.00,0.1000,1.0000,0.6000,0.2000,148.13,2026-07-24 17:06:27.597938+00,2026-07-25 14:26:00.868754+00,1,4692.67,4692.67,0.00
1674f842-b91e-461f-9d18-ab95205c5bed,239,96f36366-04b6-47a3-8545-91e84d426059,Delivery,2024-05-28,Encerrado,b5f82498-f4af-427d-995d-77f6e9116056,Integração,1,,,,0.00,0.0000,0.0000,0.6000,0.2000,162.94,2026-07-24 17:06:27.597938+00,2026-07-25 14:26:00.868754+00,1,0.00,0.00,0.00
167b9e1b-20d9-4f08-88a9-20ad07b5b3b0,114691,d6661814-260f-4b92-9b0d-d619007208d2,Manutenção do Módulo Clientes,2024-08-23,Em Analise,4f873c3e-7e48-434a-8f65-02f3b0582863,Convenio,3,Suporte,,,0.00,0.0000,0.0000,0.6000,0.2000,162.94,2026-07-24 17:06:28.173943+00,2026-07-25 14:26:00.868754+00,1,0.00,0.00,0.00
16e90650-4365-4a17-8f8b-2867e90fcd22,504,d6661814-260f-4b92-9b0d-d619007208d2,Cartão Plurix - Integração Afinz,2024-10-23,Concluido,4f873c3e-7e48-434a-8f65-02f3b0582863,"PDV / Vm_pay /Implantação ",4,Aprovado,2025-02-07,2025-02-12,24.00,0.2000,0.0000,0.6000,0.2000,162.94,2026-07-24 17:06:28.173943+00,2026-07-25 14:26:00.868754+00,1,18738.10,0.00,18738.10
16f2a1ae-46df-494a-8dd2-bc49f6ccf0b9,115136,d6661814-260f-4b92-9b0d-d619007208d2,Controle de produção Açougue,2024-09-04,Encerrado,4f873c3e-7e48-434a-8f65-02f3b0582863,Todos,4,,,,0.00,0.0000,0.0000,0.6000,0.2000,162.94,2026-07-24 17:06:28.173943+00,2026-07-25 14:26:00.868754+00,1,0.00,0.00,0.00
17059897-3e0b-4ffa-a28d-120e2fd21b7f,95047,418ed8e3-cad9-407c-ac64-872f59d269ca,Pesquisa de Satisfação,2023-01-17,Concluido,4f873c3e-7e48-434a-8f65-02f3b0582863,,,Suporte,,,0.00,0.0000,0.0000,0.6000,0.2000,162.94,2026-07-24 17:06:27.597938+00,2026-07-25 14:26:00.868754+00,1,0.00,0.00,0.00
1711f065-ef9f-4ce7-8595-e56ef22f7482,99202,44900930-9abb-42ec-977e-076034299a13,Integração PDV X Tabela do ERP SAP,2023-05-23,Concluido,b5f82498-f4af-427d-995d-77f6e9116056,,,Cancelado,,,0.00,0.0000,0.0000,0.6000,0.2000,162.94,2026-07-24 17:06:27.597938+00,2026-07-25 14:26:00.868754+00,1,0.00,0.00,0.00
172eaac8-3d8e-4529-8a0a-111c9f40e08c,7902,44900930-9abb-42ec-977e-076034299a13,Inserir informação de cupom,2025-05-05,Em Analise,4f873c3e-7e48-434a-8f65-02f3b0582863,PDV,1,Release,,,0.00,0.0000,0.0000,0.6000,0.2000,162.94,2026-07-24 17:06:28.173943+00,2026-07-25 14:26:00.868754+00,1,0.00,0.00,0.00
175424d7-457f-4410-a642-2f7002a9c891,95960,eedf6198-b134-4d0a-9acb-9fec23f95f90,Migração Banco de dados,2023-02-15,Concluido,24887f2b-0a3f-4e8c-b699-fac9ebbea3a7,,,Recusada,2023-02-17,,0.00,0.0000,0.0000,0.6000,0.2000,152.94,2026-07-24 17:06:27.597938+00,2026-07-25 14:26:00.868754+00,1,56434.86,0.00,56434.86
17ab68b6-fecd-45ce-bfa3-5b6e985cc941,95744,d6661814-260f-4b92-9b0d-d619007208d2,Uso de beneficio pelo CPF,2023-02-08,Reunião Tecnica,b5f82498-f4af-427d-995d-77f6e9116056,Convêncio,2,,,,0.00,0.0000,0.0000,0.6000,0.2000,162.94,2026-07-24 17:06:28.173943+00,2026-07-25 14:26:00.868754+00,1,0.00,0.00,0.00
188b4853-2904-462e-b56c-c7dddb3d545f,107778,4f9970fc-7e10-4350-8cdb-03c2c57cad8b,Alteração no Envio de e-mail,2024-02-05,Encerrado,4f873c3e-7e48-434a-8f65-02f3b0582863,,,,,,0.00,0.0000,0.0000,0.6000,0.2000,162.94,2026-07-24 17:06:27.597938+00,2026-07-25 14:26:00.868754+00,1,0.00,0.00,0.00
18be4072-96b7-4a65-940f-9978f897fd92,90835,44900930-9abb-42ec-977e-076034299a13,Pix Saque / Troco,2022-09-08,Concluido,b5f82498-f4af-427d-995d-77f6e9116056,,,Bonificado,2022-11-03,2022-11-03,42.00,0.2000,1.0000,0.6000,0.2000,162.94,2026-07-24 17:06:27.597938+00,2026-07-25 14:26:00.868754+00,1,14781.92,14781.92,
199db4a3-00ed-4080-b3f3-6922853f13ec,93044,903465be-01cf-46cf-a6c6-cfdf8f6c9c58,Implantação Mercafacil,2022-11-18,Concluido,b5f82498-f4af-427d-995d-77f6e9116056,,,Cancelado,,,0.00,0.0000,0.0000,0.6000,0.2000,162.94,2026-07-24 17:06:27.597938+00,2026-07-25 14:26:00.868754+00,1,0.00,0.00,0.00
19b405b4-b408-46a7-8511-2be5ac6531f0,4988,4b321fec-7a47-471c-8aca-9acf68095b96,Elaboração DAVT,2024-12-19,Novo Cliente,24887f2b-0a3f-4e8c-b699-fac9ebbea3a7,Expansão,4,Aprovado,,,0.00,0.0000,0.0000,0.6000,0.2000,162.94,2026-07-24 17:06:28.173943+00,2026-07-25 14:26:00.868754+00,1,0.00,0.00,0.00
1a4bdf90-3055-42db-835d-24c366d8035f,9591,88627d86-ab81-4fb7-904e-5fd914fc4b7a,Qtde minima e maxima da promoção,2025-06-13,Concluido,24887f2b-0a3f-4e8c-b699-fac9ebbea3a7,Gestão,2,Aprovado,2025-06-23,2025-07-02,0.00,0.0000,0.0000,0.6000,0.2000,162.94,2026-07-24 17:06:28.173943+00,2026-07-25 14:26:00.868754+00,1,2607.04,0.00,2607.04
1a558184-76c8-4bea-9b9c-9d2e3d06e9e5,108219,dbcd63f9-ac5e-48d1-ae36-93a5710cf0a0,Implantação Cresce Vendas,2024-02-20,Concluido,24887f2b-0a3f-4e8c-b699-fac9ebbea3a7,,,Aprovado,2023-03-18,2024-03-18,0.00,0.0000,0.0000,0.6000,0.2000,152.94,2026-07-24 17:06:27.597938+00,2026-07-25 14:26:00.868754+00,1,12235.20,0.00,12235.20
1b0d6b51-4e2e-4078-86d2-26133128ba6c,91829,7f63efab-ea62-4df5-8339-5875ae9b2732,"Integração ""EU Entrego""",2022-10-07,Cancelado,b5f82498-f4af-427d-995d-77f6e9116056,,,,,,0.00,0.0000,0.0000,0.6000,0.2000,162.94,2026-07-24 17:06:27.597938+00,2026-07-25 14:26:00.868754+00,1,0.00,0.00,0.00
1b11a947-4c4c-47f5-af2a-099cf18265e3,82910,923e43a8-d718-46bc-b174-5ddab0ef6da2,Parametrização de Restrição de Estoque,2021-12-17,Concluido,7cf7d560-8945-44d0-8aa9-f57e5e40bee7,,,Aprovado,2022-04-20,2022-05-25,10.00,0.2000,0.1500,0.6000,0.2000,147.73,2026-07-24 17:06:27.597938+00,2026-07-25 14:26:00.868754+00,1,3190.88,478.63,2712.25
1b1a6b08-63ab-467a-a7f6-ac788adad363,100616,4a26fcf1-9bab-48eb-86b9-999e64310cd2,Tabela de Integração de produtos,2023-07-06,Em Analise,4f873c3e-7e48-434a-8f65-02f3b0582863,,,Encerrado,,,0.00,0.0000,0.0000,0.6000,0.2000,162.94,2026-07-24 17:06:27.597938+00,2026-07-25 14:26:00.868754+00,1,0.00,0.00,0.00
1bad6c29-4f08-43f9-b965-15b8a842c077,94451,80fdd68a-1536-41e7-a7c6-29444ed91d18,Desconto sobre desconto Propz,2022-12-29,Concluido,4f873c3e-7e48-434a-8f65-02f3b0582863,,,Encerrado,,,0.00,0.0000,0.0000,0.6000,0.2000,162.94,2026-07-24 17:06:27.597938+00,2026-07-25 14:26:00.868754+00,1,0.00,0.00,0.00
1bcdbec8-db90-453e-a608-2a9f617151f2,92835,903465be-01cf-46cf-a6c6-cfdf8f6c9c58,Atualização Captura de senha 3DES,2022-11-09,Concluido,24887f2b-0a3f-4e8c-b699-fac9ebbea3a7,,,Aprovado,2023-05-05,2023-05-10,60.00,0.2000,0.5000,0.6000,0.3200,152.67,2026-07-24 17:06:27.597938+00,2026-07-25 14:26:00.868754+00,1,21105.72,10552.86,10552.86
1bd8fb91-0a6d-41f0-8dc7-7a022e4c2bd4,20094,88627d86-ab81-4fb7-904e-5fd914fc4b7a,Critica valor crédito de ICMS,2026-02-11,Concluido,24887f2b-0a3f-4e8c-b699-fac9ebbea3a7,Gestão,3,Aprovado,2026-03-31,2026-04-06,0.00,0.0000,0.0000,0.6000,0.2000,162.94,2026-07-24 17:06:28.173943+00,2026-07-25 14:26:00.868754+00,1,4888.20,0.00,4888.20
1c12ae71-b890-4404-931a-e3980e251bd9,78918,44900930-9abb-42ec-977e-076034299a13,App Mobile - função 215 (convenio cesta básica),2021-08-23,Concluido,7cf7d560-8945-44d0-8aa9-f57e5e40bee7,,,Recusada,,,36.00,0.2000,0.0000,0.6000,0.2000,162.94,2026-07-24 17:06:27.597938+00,2026-07-25 14:26:00.868754+00,1,12670.21,0.00,0.00
1d47f78f-a843-418e-8a29-86878accbedb,14902,8290d590-bae6-4b00-ba08-db4dd0e46e51,Controle de Convênio Venda PDV's,2025-10-13,Em Analise,24887f2b-0a3f-4e8c-b699-fac9ebbea3a7,,,,,,0.00,0.0000,0.0000,0.6000,0.2000,162.94,2026-07-24 17:06:28.173943+00,2026-07-25 14:26:00.868754+00,1,0.00,0.00,9776.40
1d6aea93-a0b1-47b0-97e5-532c6ba53ec3,106268,fea3bb07-f66e-475f-9377-0b2b1f69459f,Payless Heartbeat,2023-12-15,Encerrado,,Integração / PDV,2,,,,32.00,0.0000,0.0000,0.6000,0.3200,152.94,2026-07-24 17:06:27.597938+00,2026-07-25 14:26:00.868754+00,1,9396.63,0.00,9396.63
1dfe42ee-a2e1-41a5-8ad7-1f195cd9cfa1,26314,aaecc0f0-d47f-497e-b57d-dd1d65d7814b,Elaboração DAVT,2026-07-01,Novo Cliente,24887f2b-0a3f-4e8c-b699-fac9ebbea3a7,Todos,4,,,,32.00,0.2000,0.0000,0.6000,0.2000,162.94,2026-07-24 17:06:28.173943+00,2026-07-25 14:26:00.868754+00,1,12057.56,0.00,12057.56
1e28d691-6529-492a-b7ee-510bfad81242,90077,d6661814-260f-4b92-9b0d-d619007208d2,Identificação de Componentes,2022-08-15,Concluido,24887f2b-0a3f-4e8c-b699-fac9ebbea3a7,,,Aprovado,2022-09-21,2022-09-22,44.00,0.2000,0.5000,0.6000,0.2000,162.94,2026-07-24 17:06:27.597938+00,2026-07-25 14:26:00.868754+00,1,15485.82,7742.91,7742.91
1e7cfce0-9038-44ef-ab7c-079897fc96cc,85477,07ef7533-9281-4b78-bee4-6b35bdc48e39,Proposta Banco a Banco RMS,2022-03-08,Concluido,24887f2b-0a3f-4e8c-b699-fac9ebbea3a7,,,Aprovado,2022-05-05,2022-05-11,0.00,0.0000,0.1500,0.6000,0.2000,162.94,2026-07-24 17:06:27.597938+00,2026-07-25 14:26:00.868754+00,1,39972.00,5995.80,33976.20
1f1aa155-08aa-4b87-8e63-804a93243e01,10261,062f29c0-68da-4e01-aaef-2e9441927201,Elaboração DAVT,2025-06-24,Encerrado,24887f2b-0a3f-4e8c-b699-fac9ebbea3a7,TODOS,4,,,,0.00,0.0000,0.0000,0.6000,0.2000,162.94,2026-07-24 17:06:28.173943+00,2026-07-25 14:26:00.868754+00,1,0.00,0.00,0.00
1f23ca9d-d16d-4a83-8512-1de1298837dc,91143,d6661814-260f-4b92-9b0d-d619007208d2,Migração / Validação ambiente Visual Store para Oracle 19c,2022-09-16,Concluido,24887f2b-0a3f-4e8c-b699-fac9ebbea3a7,,,Aprovado,2022-09-26,2022-09-26,0.00,0.0000,0.1000,0.6000,0.2000,145.04,2026-07-24 17:06:27.597938+00,2026-07-25 14:26:00.868754+00,1,10152.80,1015.28,9137.52
1f7cd018-00e9-453a-9339-7d3ab95c56c5,110964,1906d458-3c21-4f23-9720-ab05b01fb3f6,Integração Cupom Digital  IDEver,2024-05-21,Concluido,b5f82498-f4af-427d-995d-77f6e9116056,Integração / PDV,2,Aprovado,2024-08-12,2024-10-04,21.00,0.2000,0.1145,0.6000,0.3200,151.73,2026-07-24 17:06:27.597938+00,2026-07-25 14:26:00.868754+00,1,7341.12,840.71,6500.00
1f90ea13-213d-4c89-ae30-d31c08993d4e,117321,265b48f6-1d24-4dd6-a22e-a5f9eab7546a,Integração Big2be,2024-11-04,Encerrado,b5f82498-f4af-427d-995d-77f6e9116056,Implantação,3,Enviado,2025-01-27,,0.00,0.0000,0.2000,0.6000,0.2000,162.94,2026-07-24 17:06:28.173943+00,2026-07-25 14:26:00.868754+00,1,18249.28,3649.86,14599.42
1fc75b8c-b825-4fc7-a69d-5346f3e6757a,103172,4a26fcf1-9bab-48eb-86b9-999e64310cd2,Ofertas De/Por - terminal de Consulta,2023-09-29,Em Analise,24887f2b-0a3f-4e8c-b699-fac9ebbea3a7,Visual Store / QA,2,Suporte,,,0.00,0.0000,0.0000,0.6000,0.2000,162.94,2026-07-24 17:06:27.597938+00,2026-07-25 14:26:00.868754+00,1,0.00,0.00,0.00
206920cb-44d8-46ce-a708-aa093ade0d98,103099,44900930-9abb-42ec-977e-076034299a13,Possibilidade de Ação de Desconto em Casadinha,2023-09-27,Concluido,4f873c3e-7e48-434a-8f65-02f3b0582863,,,Aprovado,2024-05-24,2024-06-03,97.00,0.2000,0.0000,0.6082,0.3196,152.67,2026-07-24 17:06:27.597938+00,2026-07-25 14:26:00.868754+00,1,34258.56,0.00,34258.56
206f74f7-b7da-4a8a-8b32-525bbeb12c6f,91381,44900930-9abb-42ec-977e-076034299a13,Ajustes na chamada da Propz do PDV,2022-09-23,Concluido,b5f82498-f4af-427d-995d-77f6e9116056,,,Aprovado,2022-10-17,2022-12-28,17.00,0.2000,0.0000,0.6000,0.2000,162.94,2026-07-24 17:06:27.597938+00,2026-07-25 14:26:00.868754+00,1,5983.16,0.00,5983.16
20b2fb80-64c8-443a-b8ee-e384183db404,88731,f8a59749-e052-458a-afc4-d7e7f228ddbe,Integração Cloud Park,2022-06-29,Concluido,4f873c3e-7e48-434a-8f65-02f3b0582863,,,Aprovado,2022-07-21,2022-08-24,20.00,0.2000,0.0000,0.6000,0.2000,162.94,2026-07-24 17:06:27.597938+00,2026-07-25 14:26:00.868754+00,1,7039.01,0.00,7039.01
20b51b98-f9d4-4980-87a8-6b088229a125,19753,4a048ab2-42ef-42b2-a30d-597ab6c4c84d,Substituição da maquina da pré-venda,2026-02-02,Concluido,24887f2b-0a3f-4e8c-b699-fac9ebbea3a7,Implantação,3,,,,0.00,0.0000,0.5000,0.6000,0.2000,162.94,2026-07-24 17:06:28.173943+00,2026-07-25 14:26:00.868754+00,1,7821.12,3910.56,3910.56
21139db1-4f76-4828-8a30-eaed93a61e93,3347,d6661814-260f-4b92-9b0d-d619007208d2,Implementação da NFc'e,2025-01-31,Concluido,24887f2b-0a3f-4e8c-b699-fac9ebbea3a7,NFCE,4,Aprovado,2025-05-26,2025-12-17,0.00,0.0000,0.0000,0.6000,0.2000,162.94,2026-07-24 17:06:28.173943+00,2026-07-25 14:26:00.868754+00,1,13035.20,0.00,13035.20
211da7c7-dfba-4bbf-8c96-83cf17fb5567,83609,44900930-9abb-42ec-977e-076034299a13,Cartão Alimentação,2022-01-10,Concluido,24887f2b-0a3f-4e8c-b699-fac9ebbea3a7,,,Bonificado,,2022-02-07,12.00,0.0000,1.0000,0.6000,0.2000,162.94,2026-07-24 17:06:27.597938+00,2026-07-25 14:26:00.868754+00,1,3519.50,3519.50,0.00
217cc0ce-5924-4a56-b372-e7f95717b4a4,104628,f8a59749-e052-458a-afc4-d7e7f228ddbe,Plano de pagamento CDC,2023-10-24,Encerrado,4f873c3e-7e48-434a-8f65-02f3b0582863,,,,,,0.00,0.0000,0.0000,0.6000,0.2000,162.94,2026-07-24 17:06:27.597938+00,2026-07-25 14:26:00.868754+00,1,0.00,0.00,0.00
219c93fd-e9e6-418a-a104-0c04d149a448,18132,d6661814-260f-4b92-9b0d-d619007208d2,Aplicação do CPF,2025-12-27,Encerrado,bb1443d3-c1f4-4712-8e52-04b694a00cc9,Digger,2,,,,0.00,0.0000,0.0000,0.6000,0.2000,162.94,2026-07-24 17:06:28.173943+00,2026-07-25 14:26:00.868754+00,1,0.00,0.00,0.00
2201c460-a0e2-457f-beda-9a3d668af8cc,101428,4f9970fc-7e10-4350-8cdb-03c2c57cad8b,Ajuste no fluxo de venda,2023-08-04,Concluido,4f873c3e-7e48-434a-8f65-02f3b0582863,PDV,2,Equipe Exclusiva,2023-09-25,,24.00,0.2000,0.0000,0.6250,0.3250,152.94,2026-07-24 17:06:27.597938+00,2026-07-25 14:26:00.868754+00,1,8589.11,0.00,8589.11
220fefc0-560f-483d-8a6f-ac0e25c6e589,24765,4a048ab2-42ef-42b2-a30d-597ab6c4c84d,Segregação Ambinete - Alvarenga,2026-06-01,Concluido,24887f2b-0a3f-4e8c-b699-fac9ebbea3a7,Implantação,2,Aprovado,2026-06-29,2026-07-15,0.00,0.0000,0.0000,0.6000,0.2000,162.94,2026-07-24 17:06:28.173943+00,2026-07-25 14:26:00.868754+00,1,9776.40,0.00,9776.40
229a7c14-6442-4a5c-b684-f77962b80c61,86150,923e43a8-d718-46bc-b174-5ddab0ef6da2,Data de entrega de Acordo com o local de Saida,2022-03-31,Concluido,b5f82498-f4af-427d-995d-77f6e9116056,,,Bonificado,2022-05-16,2022-05-16,30.00,0.1000,1.0000,0.6000,0.2000,144.06,2026-07-24 17:06:27.597938+00,2026-07-25 14:26:00.868754+00,1,8557.36,8557.36,
22adaf91-ecb6-46c3-9107-22e78c8b4283,92271,80fdd68a-1536-41e7-a7c6-29444ed91d18,"Pack Virtual - Percentual Desconto ",2022-10-21,Concluido,4f873c3e-7e48-434a-8f65-02f3b0582863,,,Aprovado,2022-11-29,2023-01-11,20.00,0.1500,0.1792,0.6000,0.2000,147.14,2026-07-24 17:06:27.597938+00,2026-07-24 17:06:27.597938+00,1,,,
22b8bf35-1910-44b2-9c82-2d1050e005db,3166,d6661814-260f-4b92-9b0d-d619007208d2,Campnhas Ano 2025,2025-01-28,Encerrado,4f873c3e-7e48-434a-8f65-02f3b0582863,PDV / VM_pay / Integração,3,,,,96.00,0.1000,0.0000,0.6000,0.3200,152.94,2026-07-24 17:06:28.173943+00,2026-07-25 14:26:00.868754+00,1,31008.89,0.00,31008.89
22c8c1e8-63cd-49ad-bf32-01306a527111,116587,610af016-3cf6-49a0-8ebd-c84cffce3f47,Desligamento do Liveness passivo,2024-10-14,Concluido,b5f82498-f4af-427d-995d-77f6e9116056,AV,4,Aprovado,2024-11-25,2024-12-06,62.00,0.2000,0.0000,0.6000,0.3200,146.57,2026-07-24 17:06:28.173943+00,2026-07-25 14:26:00.868754+00,1,21105.72,0.00,21105.72
2318da9b-6ae7-4d3e-ad64-94952cac47cf,99850,fd257c9b-88cb-46bc-959c-6cf6a0c84e98,Cupom Ecologico Self Checkout,2023-06-13,Enviar Proposta,b5f82498-f4af-427d-995d-77f6e9116056,PDV,2,Release,,,0.00,0.0000,0.0000,0.6000,0.2000,162.94,2026-07-24 17:06:27.597938+00,2026-07-25 14:26:00.868754+00,1,0.00,0.00,0.00
235ad0cb-7dd7-49b1-8fdf-a8dfd923febb,19465,649bf5d4-1dc6-46b7-afea-e2e3ebb12630,Implantação Scanntech Nordestão,2026-01-26,Em Analise,24887f2b-0a3f-4e8c-b699-fac9ebbea3a7,Implantação,3,,,,0.00,0.0000,0.0000,0.6000,0.2000,162.94,2026-07-24 17:06:28.173943+00,2026-07-25 14:26:00.868754+00,1,0.00,0.00,0.00
23a13a42-f76a-47e2-a4d1-3bfdea819e8b,13930,88627d86-ab81-4fb7-904e-5fd914fc4b7a,"Ajuste no campo Qtde vendida ",2025-09-19,A Iniciar,24887f2b-0a3f-4e8c-b699-fac9ebbea3a7,Gestão,2,,,,0.00,0.0000,0.0000,0.6000,0.2000,162.94,2026-07-24 17:06:28.173943+00,2026-07-24 17:06:28.173943+00,1,,,
23ee9488-b952-4d02-bd13-7ef43b6b7a7c,110731,4f9970fc-7e10-4350-8cdb-03c2c57cad8b,Retirar ICMS-ST da BC de PIS/COFINS,2024-05-13,Em Analise,24887f2b-0a3f-4e8c-b699-fac9ebbea3a7,PDV / Integração,2,Suporte,,,0.00,0.0000,0.0000,0.6000,0.2000,162.94,2026-07-24 17:06:27.597938+00,2026-07-25 14:26:00.868754+00,1,0.00,0.00,0.00
24650912-cc41-4702-ad77-6e3c372af32d,90316,e69e8cab-a9d3-41f7-a45f-530d33af51f2,Integração Payface,2022-08-22,Encerrado,4f873c3e-7e48-434a-8f65-02f3b0582863,PDV / Integração / Vm_pay,4,Enviado,2023-10-03,,124.00,0.1500,0.0000,0.6000,0.2000,162.94,2026-07-24 17:06:27.597938+00,2026-07-25 14:26:00.868754+00,1,41823.44,0.00,41823.44
248025b5-3f4e-48fe-9fc6-7d7ce955fbb0,253,44900930-9abb-42ec-977e-076034299a13,INCLUSÃO DA PERGUNTA CLUBE DA GENTE (CONVÊNIO COLABORADOR/FUNCIONÁRIO,2024-06-06,Encerrado,4f873c3e-7e48-434a-8f65-02f3b0582863,PDV,1,Enviado,2024-10-17,,18.00,0.2000,0.0000,0.6000,0.3200,152.94,2026-07-24 17:06:27.597938+00,2026-07-25 14:26:00.868754+00,1,6423.48,0.00,6423.48
24956fe7-c1e0-44b7-aa30-0e088bc44014,92677,aebbcea0-4af1-424f-8951-f3941e6cc793,Ajuste na RFC Consulta de Crédito,2022-11-04,Concluido,b5f82498-f4af-427d-995d-77f6e9116056,,,Aprovado,2022-12-19,2022-12-22,12.00,0.2000,0.0000,0.6000,0.2000,157.28,2026-07-24 17:06:27.597938+00,2026-07-25 14:26:00.868754+00,1,4076.64,0.00,4076.64
251367eb-dc12-43dc-b5a2-20c35114198e,92794,4f9970fc-7e10-4350-8cdb-03c2c57cad8b,PDV Hibrido Touch,2022-11-08,Encerrado,,,,,,,0.00,0.0000,0.0000,0.6000,0.2000,162.94,2026-07-24 17:06:27.597938+00,2026-07-25 14:26:00.868754+00,1,0.00,0.00,0.00
252408c3-c9b3-42f2-9630-5f84204bd434,24306,923e43a8-d718-46bc-b174-5ddab0ef6da2,Integração Pay Cheque,2026-05-20,A Iniciar,4f873c3e-7e48-434a-8f65-02f3b0582863,AV,,,,,0.00,0.0000,0.0000,0.6000,0.2000,162.94,2026-07-24 17:06:28.173943+00,2026-07-25 14:26:00.868754+00,1,0.00,0.00,0.00
2526b1dd-4152-47c6-bdb0-2fb92855e19c,13316,44900930-9abb-42ec-977e-076034299a13,Campo tara - Equipe dedicada,2025-09-04,Concluido,bb1443d3-c1f4-4712-8e52-04b694a00cc9,,,Equipe Exclusiva,,,0.00,0.0000,0.0000,0.6000,0.2000,162.94,2026-07-24 17:06:28.173943+00,2026-07-25 14:26:00.868754+00,1,0.00,0.00,0.00
252c069c-6924-47a2-b325-40d7ac93166d,3156,80f9054a-4b42-4362-b04e-47852bd387ab,Opções de App e nota fiscal Gaucha,2025-01-28,Em Analise,b5f82498-f4af-427d-995d-77f6e9116056,,3,,,,0.00,0.0000,0.0000,0.6000,0.2000,162.94,2026-07-24 17:06:27.597938+00,2026-07-25 14:26:00.868754+00,1,0.00,0.00,0.00
25479fed-eb51-402b-ad65-7b56ef15cfac,90591,923e43a8-d718-46bc-b174-5ddab0ef6da2,Opção todos os produtos na casadinha,2022-08-31,Concluido,4f873c3e-7e48-434a-8f65-02f3b0582863,,,Aprovado,2023-03-03,2023-03-13,44.00,0.2000,0.0000,0.6000,0.2000,144.98,2026-07-24 17:06:27.597938+00,2026-07-25 14:26:00.868754+00,1,13778.80,0.00,13778.80
2579046f-b113-4b4a-a035-f747bc074802,109886,25fb280d-6272-4826-99de-32d918204dff,For BIX,2024-04-15,Encerrado,b5f82498-f4af-427d-995d-77f6e9116056,Integração,2,Enviado,2024-07-01,,32.00,0.2000,0.0000,0.6000,0.3200,152.94,2026-07-24 17:06:27.597938+00,2026-07-25 14:26:00.868754+00,1,11011.68,0.00,11011.68
25ce0070-e42f-4ced-af58-3a9cc2378799,114323,1906d458-3c21-4f23-9720-ab05b01fb3f6,Integração Estacionamento BRA Parking,2024-08-13,Encerrado,b5f82498-f4af-427d-995d-77f6e9116056,Integração,2,Enviado,2024-09-19,,40.00,0.2000,0.1472,0.6000,0.3200,152.67,2026-07-24 17:06:27.597938+00,2026-07-25 14:26:00.868754+00,1,14070.48,2070.47,12000.00
25f2ba25-e552-49bc-9f56-a02cfeb4c460,98276,6a00b6df-bc61-4335-8976-3e39e064aff5,Atualização API Dotz,2023-04-27,Concluido,b5f82498-f4af-427d-995d-77f6e9116056,,,Aprovado,2023-06-29,2023-07-06,64.00,0.2000,0.1500,0.5625,0.3125,152.94,2026-07-24 17:06:27.597938+00,2026-07-25 14:26:00.868754+00,1,22023.36,3303.50,18719.86
2618b436-f171-4656-8bab-6323fa39e728,15781,8290d590-bae6-4b00-ba08-db4dd0e46e51,Desconto Finalizadora com Intellisys,2025-10-30,Encerrado,bb1443d3-c1f4-4712-8e52-04b694a00cc9,,,,,,0.00,0.0000,0.0000,0.6000,0.2000,162.94,2026-07-24 17:06:28.173943+00,2026-07-25 14:26:00.868754+00,1,0.00,0.00,0.00
26446f9b-1e48-426e-8b84-161fb55b5007,106075,037e23fd-1363-4635-8ef6-a73329228c53,CRM MercaFacil,2023-12-08,Encerrado,b5f82498-f4af-427d-995d-77f6e9116056,Implatação /Integração,2,Bonificado,2024-02-14,,0.00,0.0000,0.0000,0.6000,0.2000,152.94,2026-07-24 17:06:27.597938+00,2026-07-25 14:26:00.868754+00,1,12235.20,0.00,12235.20
266a1a56-3018-4d0e-99a5-ebc9d206431c,99260,bddc3eea-c4b9-4010-a353-481fb50e5f99,Carga de Clientes Off-Line,2023-05-25,Encerrado,,PDV / Integração,4,,,,0.00,0.0000,0.0000,0.6000,0.2000,162.94,2026-07-24 17:06:27.597938+00,2026-07-25 14:26:00.868754+00,1,0.00,0.00,0.00
26711b01-38b0-4140-a4eb-70d2e07c62ad,25500,879633fa-54eb-4eb7-b131-f35ced891fb3,Criação de view para BI,2026-06-17,Em Analise,24887f2b-0a3f-4e8c-b699-fac9ebbea3a7,Integração,2,,,,68.00,0.2000,0.0000,0.6000,0.3200,162.94,2026-07-24 17:06:28.173943+00,2026-07-25 14:26:00.868754+00,1,0.00,0.00,0.00
267d3c13-f3a6-42e5-a6b9-a35278c72aaa,89971,7f63efab-ea62-4df5-8339-5875ae9b2732,Integração de pedido Vtex,2022-08-11,Concluido,b5f82498-f4af-427d-995d-77f6e9116056,,,Aprovado,2022-08-19,2022-08-23,70.00,0.2000,0.1000,0.6000,0.2000,162.94,2026-07-24 17:06:27.597938+00,2026-07-25 14:26:00.868754+00,1,24636.53,2463.65,22172.88
26e24788-8a99-4b52-9512-ae3a9ec0fa06,93152,ab01596f-cd83-4dc7-b76f-406168367461,"Customizações Mercafacil ",2022-10-28,Concluido,b5f82498-f4af-427d-995d-77f6e9116056,,,Aprovado,2022-11-22,2023-01-30,0.00,0.0000,0.0000,0.6000,0.2000,145.04,2026-07-24 17:06:27.597938+00,2026-07-24 17:06:27.597938+00,1,,,
2741cb1c-ca98-4903-a26c-7f027b0bfc74,98253,6a00b6df-bc61-4335-8976-3e39e064aff5,Integração Conector Vmix X Autorizador Peralta,2023-04-26,Concluido,b5f82498-f4af-427d-995d-77f6e9116056,,,Aprovado,2023-06-26,2023-07-06,76.00,0.2000,0.1451,0.6000,0.3289,152.94,2026-07-24 17:06:27.597938+00,2026-07-25 14:26:00.868754+00,1,26905.20,3905.21,23000.00
2760ee66-b89e-42d8-aac1-6053d6fcbea6,104924,4f9970fc-7e10-4350-8cdb-03c2c57cad8b,Identifcação do cliente nos PDV's,2023-11-03,Concluido,4f873c3e-7e48-434a-8f65-02f3b0582863,,,Equipe Exclusiva,,,60.00,0.2000,0.0000,0.6667,0.3333,152.94,2026-07-24 17:06:27.597938+00,2026-07-25 14:26:00.868754+00,1,22023.36,0.00,22023.36
27790664-2ea8-455c-abd5-4e578c114f9d,85755,903465be-01cf-46cf-a6c6-cfdf8f6c9c58,Inauguração de Loja 53 - Licenciamento / Horas Implantação,2022-03-17,Concluido,24887f2b-0a3f-4e8c-b699-fac9ebbea3a7,,,Aprovado,2022-03-29,2022-03-29,0.00,0.0000,0.0000,0.6000,0.2000,162.94,2026-07-24 17:06:27.597938+00,2026-07-25 14:26:00.868754+00,1,11842.95,0.00,11842.95
27963d59-0245-42dc-b1d4-a37e7d01ecdd,96198,d6661814-260f-4b92-9b0d-d619007208d2,Cupom Vtex,2023-02-23,Concluido,b5f82498-f4af-427d-995d-77f6e9116056,,,Encerrado,2023-05-08,,6.00,0.2000,0.0000,0.6000,0.3200,152.94,2026-07-24 17:06:27.597938+00,2026-07-25 14:26:00.868754+00,1,2114.24,0.00,2114.24
279da0d4-65d2-4a83-8a74-dca6172b02ca,16836,56d9260f-27ea-41bd-87a6-7ed51ae6fe0f,Motivos de descontos,2025-11-25,Encerrado,4f873c3e-7e48-434a-8f65-02f3b0582863,PDV,2,,,,0.00,0.0000,0.0000,0.6000,0.2000,162.94,2026-07-24 17:06:28.173943+00,2026-07-25 14:26:00.868754+00,1,0.00,0.00,0.00
286d62b3-eeb8-4dbb-889d-5d1f3948683c,671,80fdd68a-1536-41e7-a7c6-29444ed91d18,Qr-Code na tela do PDV,2024-12-12,Encerrado,24887f2b-0a3f-4e8c-b699-fac9ebbea3a7,PDV,2,,,,0.00,0.0000,0.0000,0.6000,0.2000,162.94,2026-07-24 17:06:28.173943+00,2026-07-25 14:26:00.868754+00,1,0.00,0.00,0.00
28fc4089-79fe-4284-872e-a3ac4b1501a3,102063,59e31192-3070-4b8f-babd-ba73861c046e,Views para consulta preço,2023-08-28,Concluido,24887f2b-0a3f-4e8c-b699-fac9ebbea3a7,,,Aprovado,2023-10-13,2023-10-13,0.00,0.0000,0.0000,0.6000,0.2000,162.94,2026-07-24 17:06:27.597938+00,2026-07-25 14:26:00.868754+00,1,500.00,0.00,500.00
29251a39-4f74-4930-a7a4-a77370f86b8b,90372,20e510ba-1c96-4519-bd31-5ff87bcb61e2,Mercapromo,2022-08-24,Concluido,b5f82498-f4af-427d-995d-77f6e9116056,,,Aprovado,2023-11-30,2024-01-31,0.00,0.0000,0.0000,0.6000,0.2000,152.94,2026-07-24 17:06:27.597938+00,2026-07-25 14:26:00.868754+00,1,12235.20,0.00,12235.20
293d3828-4023-4336-b2e5-7c771a9e335c,115186,44900930-9abb-42ec-977e-076034299a13,Operadores Tercerizados,2024-06-06,Encerrado,b5f82498-f4af-427d-995d-77f6e9116056,Integração / Tesouraria,3,Enviado,2025-01-06,,48.00,0.2000,0.0000,0.6000,0.3200,152.94,2026-07-24 17:06:28.173943+00,2026-07-25 14:26:00.868754+00,1,17129.28,0.00,17129.28
295f91fd-29eb-4809-a172-e46c0b1d481c,102795,96f36366-04b6-47a3-8545-91e84d426059,Gerenciamento dos SAT's e PDV's,2023-09-19,Encerrado,4f873c3e-7e48-434a-8f65-02f3b0582863,PDV / Visual Store,4,,,,0.00,0.0000,0.0000,0.6000,0.2000,162.94,2026-07-24 17:06:27.597938+00,2026-07-25 14:26:00.868754+00,1,0.00,0.00,0.00
2974acec-b2af-4fc9-a905-ba2888413626,98801,923e43a8-d718-46bc-b174-5ddab0ef6da2,Integração campo profissão,2023-05-10,Concluido,b5f82498-f4af-427d-995d-77f6e9116056,,,Aprovado,2023-06-27,2023-07-03,16.00,0.0000,0.0000,0.6000,0.3200,152.94,2026-07-24 17:06:27.597938+00,2026-07-25 14:26:00.868754+00,1,4894.08,0.00,4894.08
2992347c-3fae-4d66-8dea-8e0a641a9e1b,98760,229d045a-7db0-446c-8af0-7efea4522eaa,Criptografia Visual Digger,2023-05-09,Encerrado,24887f2b-0a3f-4e8c-b699-fac9ebbea3a7,,,Enviado,2023-05-12,,0.00,0.0000,0.0000,0.6000,0.2000,152.94,2026-07-24 17:06:27.597938+00,2026-07-25 14:26:00.868754+00,1,6117.60,0.00,6117.60
2a174b8f-09a4-42af-b711-d652fcbdd0e0,18553,80f9054a-4b42-4362-b04e-47852bd387ab,Obrigatoriedade no cadastro Cliente,2026-01-06,Encerrado,bb1443d3-c1f4-4712-8e52-04b694a00cc9,Visual Store,2,,,,0.00,0.0000,0.0000,0.6000,0.2000,162.94,2026-07-24 17:06:28.173943+00,2026-07-25 14:26:00.868754+00,1,0.00,0.00,0.00
2a293332-a5b0-4755-8ba8-1b2f58019bd9,116856,7f63efab-ea62-4df5-8339-5875ae9b2732,Campo Observação / ordem compra função 321 e 507,2024-10-22,Encerrado,,PDV,1,,,,0.00,0.0000,0.0000,0.6000,0.2000,162.94,2026-07-24 17:06:28.173943+00,2026-07-25 14:26:00.868754+00,1,0.00,0.00,0.00
2a671fa0-73cd-45c1-9fbc-d96235c1910f,83656,7f63efab-ea62-4df5-8339-5875ae9b2732,Tipos de Casadinhas - Vtex,2022-01-12,Concluido,4f873c3e-7e48-434a-8f65-02f3b0582863,,,Recusada,,,76.00,0.2000,0.0000,0.6000,0.2000,162.94,2026-07-24 17:06:27.597938+00,2026-07-25 14:26:00.868754+00,1,26748.23,0.00,0.00
2a818672-7493-48ef-9231-55b2c48f8078,21002,3636c0c9-fdae-439b-b2d4-9714d0e7ef66,Chama Fila,2026-03-04,Concluido,24887f2b-0a3f-4e8c-b699-fac9ebbea3a7,Implantação,2,Bonificado,2026-03-20,2026-04-02,0.00,0.0000,0.0000,0.6000,0.2000,162.94,2026-07-24 17:06:28.173943+00,2026-07-25 14:26:00.868754+00,1,3910.56,0.00,3910.56
2aadac86-3528-4ee2-afd4-c60afc8a5180,96132,923e43a8-d718-46bc-b174-5ddab0ef6da2,"Av- Mobile Dados de  endereço ",2023-02-22,Aguard. Retorno do Cliente,b5f82498-f4af-427d-995d-77f6e9116056,AV,1,,,,0.00,0.0000,0.0000,0.6000,0.2000,162.94,2026-07-24 17:06:28.173943+00,2026-07-24 17:06:28.173943+00,1,,,
2b758aa1-1209-41a1-b2f6-4e2dbc3e9711,86106,bddc3eea-c4b9-4010-a353-481fb50e5f99,Proposta Integração Ifood,2022-03-30,Concluido,24887f2b-0a3f-4e8c-b699-fac9ebbea3a7,,,Aprovado,2022-06-30,2022-07-11,0.00,0.0000,0.0000,0.6000,0.2000,162.94,2026-07-24 17:06:27.597938+00,2026-07-25 14:26:00.868754+00,1,8000.00,0.00,8000.00
2bfb90ea-f1cc-4b22-9d60-fdccef7ede37,99729,d6661814-260f-4b92-9b0d-d619007208d2,Realtorio de acompanhamento CRM Izio,2023-06-08,Concluido,4f873c3e-7e48-434a-8f65-02f3b0582863,,,Aprovado,2023-07-20,2023-07-20,20.00,0.2000,0.0000,0.6000,0.3200,152.94,2026-07-24 17:06:27.597938+00,2026-07-25 14:26:00.868754+00,1,7341.12,0.00,7341.12
2bfd1683-7419-4f75-aea5-376f7f487687,102052,923e43a8-d718-46bc-b174-5ddab0ef6da2,Opção de configuração Copia e Cola,2023-08-28,Aguard. Retorno do Cliente,b5f82498-f4af-427d-995d-77f6e9116056,AV,2,Suporte,,,24.00,0.0000,0.0000,0.6667,0.3333,152.94,2026-07-24 17:06:27.597938+00,2026-07-25 14:26:00.868754+00,1,7341.12,0.00,7341.12
2c3e24d7-7a96-43c2-b6a6-bc03a23422c5,85146,88627d86-ab81-4fb7-904e-5fd914fc4b7a,Integração BTG,2022-02-24,Concluido,24887f2b-0a3f-4e8c-b699-fac9ebbea3a7,,,Aprovado,2022-04-01,2022-04-08,120.00,0.2000,0.0000,0.6000,0.2000,162.94,2026-07-24 17:06:27.597938+00,2026-07-25 14:26:00.868754+00,1,42234.05,0.00,37594.37
2d02e72c-2da6-4183-a0f7-4901d14ddacb,25255,d6661814-260f-4b92-9b0d-d619007208d2,Implantação Mercapromo,2026-07-24,Aguard. Retorno do Cliente,24887f2b-0a3f-4e8c-b699-fac9ebbea3a7,Implantação,3,Enviado,2026-06-12,,0.00,0.0000,0.0000,0.6000,0.2000,162.94,2026-07-24 17:06:28.173943+00,2026-07-25 14:26:00.868754+00,1,14012.84,0.00,14012.84
2dc18755-104e-44de-bc7f-87f19351fd4d,106207,7f63efab-ea62-4df5-8339-5875ae9b2732,Contabilizar o desconto Funcionario,2023-12-13,Concluido,b5f82498-f4af-427d-995d-77f6e9116056,,,Encerrado,2024-03-06,,48.00,0.2000,0.0000,0.6250,0.3250,152.50,2026-07-24 17:06:27.597938+00,2026-07-25 14:26:00.868754+00,1,17129.28,0.00,17129.28
2de72dc0-302d-4bd2-9cde-56a2088e8055,24104,d6661814-260f-4b92-9b0d-d619007208d2,Implementação do troco Solidário,2026-07-24,Encerrado,24887f2b-0a3f-4e8c-b699-fac9ebbea3a7,Implantação,3,Enviado,2026-06-09,,48.00,0.2000,0.0000,0.6000,0.3200,162.94,2026-07-24 17:06:28.173943+00,2026-07-25 14:26:00.868754+00,1,18249.28,0.00,18249.28
2ef54b0f-c5d9-4d85-9662-7401999a5bd8,89157,3f2129ff-8a6b-494c-b4bd-334c77b36967,Geração do Sped Contribuições,2022-07-14,Concluido,24887f2b-0a3f-4e8c-b699-fac9ebbea3a7,,,Aprovado,2022-08-03,2022-08-08,0.00,0.0000,0.0000,0.6000,0.2000,162.94,2026-07-24 17:06:27.597938+00,2026-07-25 14:26:00.868754+00,1,0.00,0.00,0.00
2f3772a8-89cd-4593-9666-714b7a159579,85918,d6661814-260f-4b92-9b0d-d619007208d2,Proposta Configuração Servidores Nuvem,2022-03-23,Concluido,24887f2b-0a3f-4e8c-b699-fac9ebbea3a7,,,Aprovado,2022-03-31,2022-03-31,90.00,0.2000,0.0000,0.6000,0.2000,162.94,2026-07-24 17:06:27.597938+00,2026-07-25 14:26:00.868754+00,1,21117.02,0.00,16026.92
2f6e82ee-8bb4-4ade-99e7-a9a1cd2bb7d1,112409,d6661814-260f-4b92-9b0d-d619007208d2,MercaPromo,2024-06-26,Encerrado,24887f2b-0a3f-4e8c-b699-fac9ebbea3a7,Implatação / Integração,2,Enviado,2024-07-10,,0.00,0.0000,0.0000,0.6000,0.2000,162.94,2026-07-24 17:06:27.597938+00,2026-07-25 14:26:00.868754+00,1,0.00,0.00,0.00
301da534-6c46-40bd-b874-1c7236a7d47f,95096,4f9970fc-7e10-4350-8cdb-03c2c57cad8b,Equipe Dedicada,2023-01-17,Concluido,24887f2b-0a3f-4e8c-b699-fac9ebbea3a7,,,Encerrado,2023-01-23,,0.00,0.0000,0.0000,0.6000,0.2000,162.94,2026-07-24 17:06:27.597938+00,2026-07-25 14:26:00.868754+00,1,42075.60,0.00,42075.60
3026aa89-cd5a-49c0-a64f-7825294a3e41,113291,6a00b6df-bc61-4335-8976-3e39e064aff5,Nova integração Dotz,2024-07-18,Encerrado,b5f82498-f4af-427d-995d-77f6e9116056,Integração / PDV,3,,,,0.00,0.0000,0.0000,0.6000,0.2000,162.94,2026-07-24 17:06:27.597938+00,2026-07-25 14:26:00.868754+00,1,0.00,0.00,0.00
313b1fe9-c0a8-4bcd-8186-c64fbe66005f,18082,80fdd68a-1536-41e7-a7c6-29444ed91d18,Implantação CRM Mercafacil,2026-12-23,Concluido,24887f2b-0a3f-4e8c-b699-fac9ebbea3a7,Integração / Implantação,3,Aprovado,2026-01-25,2026-02-05,116.00,0.0000,0.0000,0.0000,0.0000,162.94,2026-07-24 17:06:28.173943+00,2026-07-25 13:46:29.727785+00,1,,,
3164b1d8-0df2-4121-a16c-46a808200a77,8684,20e510ba-1c96-4519-bd31-5ff87bcb61e2,Venda não fiscal,2025-05-23,Aguard. Analise Desen.,b5f82498-f4af-427d-995d-77f6e9116056,AV,3,,,,0.00,0.0000,0.0000,0.6000,0.2000,162.94,2026-07-24 17:06:28.173943+00,2026-07-25 14:26:00.868754+00,1,0.00,0.00,1001.10
31cae3b1-b09d-424d-a3a6-855bc9aa06cf,20984,649bf5d4-1dc6-46b7-afea-e2e3ebb12630,Implantação Scanntech Festval,2026-03-04,Encerrado,24887f2b-0a3f-4e8c-b699-fac9ebbea3a7,Implantação,3,,,,0.00,0.0000,0.0000,0.6000,0.2000,162.94,2026-07-24 17:06:28.173943+00,2026-07-25 14:26:00.868754+00,1,0.00,0.00,0.00
32b445bd-92a4-4863-bace-2c30c4480c61,106262,037e23fd-1363-4635-8ef6-a73329228c53,Exportação Dotz,2023-12-14,Encerrado,b5f82498-f4af-427d-995d-77f6e9116056,Integração,1,Enviado,2024-07-03,,10.00,0.2000,0.2000,0.7000,0.3400,152.94,2026-07-24 17:06:27.597938+00,2026-07-25 14:26:00.868754+00,1,3743.97,748.79,2995.18
32d0a14d-5d2a-46e3-a1c2-ca7528026925,89258,80fdd68a-1536-41e7-a7c6-29444ed91d18,"Customização Propz ",2022-07-19,Concluido,4f873c3e-7e48-434a-8f65-02f3b0582863,,,Bonificado,2022-09-15,,16.00,0.0000,1.0000,0.6000,0.2000,145.04,2026-07-24 17:06:27.597938+00,2026-07-24 17:06:27.597938+00,1,,,
33290cb2-dbac-4ca3-9743-a54547febb9e,112873,d6661814-260f-4b92-9b0d-d619007208d2,Empresa podem comprar um lista de produto especifica,2024-07-08,Encerrado,4f873c3e-7e48-434a-8f65-02f3b0582863,PDV,2,,,,0.00,0.0000,0.0000,0.6000,0.2000,162.94,2026-07-24 17:06:28.173943+00,2026-07-25 14:26:00.868754+00,1,0.00,0.00,0.00
333dc9bb-8054-4936-a7d3-46cc718fc697,116056,229d045a-7db0-446c-8af0-7efea4522eaa,Automatizar o processo de resgate de pedido,2024-10-01,Aguard. Analise Desen.,b5f82498-f4af-427d-995d-77f6e9116056,Ext-Sale,2,,,,0.00,0.0000,0.0000,0.6000,0.2000,162.94,2026-07-24 17:06:28.173943+00,2026-07-25 14:26:00.868754+00,1,18770.69,0.00,18770.69
33440be2-e1c5-4049-9403-3814b93e0b8e,105927,923e43a8-d718-46bc-b174-5ddab0ef6da2,Chave PIX no cadastro do cliente,2023-12-04,Concluido,b5f82498-f4af-427d-995d-77f6e9116056,AV / Integração,1,Bonificado,2024-05-06,,18.00,0.2000,0.0000,0.6000,0.3200,152.94,2026-07-24 17:06:27.597938+00,2026-07-25 14:26:00.868754+00,1,6342.73,0.00,6342.73
338b2216-ffd1-45a2-b5bb-d82ca687729a,102329,b371113f-0789-40f1-9cb3-8cdd1fd32ac9,Integração leads whats,2023-09-05,Encerrado,b5f82498-f4af-427d-995d-77f6e9116056,Integração / PDV,2,Bonificado,,,0.00,0.0000,0.0000,0.6000,0.2000,162.94,2026-07-24 17:06:27.597938+00,2026-07-25 14:26:00.868754+00,1,0.00,0.00,0.00
33c9b74c-2ece-4f66-8d4c-d24294dffbf3,102799,96f36366-04b6-47a3-8545-91e84d426059,Arquivo de PDV's,2023-09-19,Concluido,24887f2b-0a3f-4e8c-b699-fac9ebbea3a7,,,Aprovado,2024-03-04,2024-03-07,40.00,0.2000,0.0000,0.6000,0.3200,152.94,2026-07-24 17:06:27.597938+00,2026-07-25 14:26:00.868754+00,1,14094.95,0.00,14094.95
33dba11f-1852-4e8b-9fde-f41402d88697,113163,923e43a8-d718-46bc-b174-5ddab0ef6da2,Criação da coluna Senha,2024-07-16,Encerrado,b5f82498-f4af-427d-995d-77f6e9116056,AV,1,,,,0.00,0.0000,0.0000,0.6000,0.2000,162.94,2026-07-24 17:06:27.597938+00,2026-07-25 14:26:00.868754+00,1,0.00,0.00,0.00
34208100-7147-4bef-ad8a-6b8f39cf39c7,97824,b371113f-0789-40f1-9cb3-8cdd1fd32ac9,Incluir consulta CEP cadastro de cliente,2023-04-12,Concluido,b5f82498-f4af-427d-995d-77f6e9116056,,,Aprovado,2023-06-15,2023-06-16,32.00,0.2000,0.1131,0.6000,0.3200,152.94,2026-07-24 17:06:27.597938+00,2026-07-25 14:26:00.868754+00,1,11275.96,1275.31,10000.65
34652729-f9c9-419b-b84e-a934573f6746,115214,4f9970fc-7e10-4350-8cdb-03c2c57cad8b,Integração CRM Coretaba,2024-09-06,Encerrado,b5f82498-f4af-427d-995d-77f6e9116056,PDV /EXTCRM,3,,,,0.00,0.0000,0.0000,0.6000,0.2000,162.94,2026-07-24 17:06:28.173943+00,2026-07-25 14:26:00.868754+00,1,0.00,0.00,0.00
34776d39-9d64-4442-a540-5890ab91ae75,99848,56d9260f-27ea-41bd-87a6-7ed51ae6fe0f,% de desconto funcionario,2023-06-13,Concluido,b5f82498-f4af-427d-995d-77f6e9116056,PDV,1,Bonificado,,,14.00,0.2000,1.0000,0.6000,0.3200,152.94,2026-07-24 17:06:27.597938+00,2026-07-25 14:26:00.868754+00,1,4933.23,4933.23,
35028860-7297-42ff-8566-84075cd82da1,9381,44900930-9abb-42ec-977e-076034299a13,Integração deposito sangrias Brinks,2025-06-09,Encerrado,b5f82498-f4af-427d-995d-77f6e9116056,Tesouraria,3,,,,0.00,0.0000,0.0000,0.6000,0.2000,162.94,2026-07-24 17:06:28.173943+00,2026-07-25 14:26:00.868754+00,1,0.00,0.00,0.00
3580d926-a950-4377-b4d0-204cd72c3fdf,19520,c069fb43-c230-41b4-8b0a-ae7e02072cd1,Integração Ifoods,2026-01-27,Concluido,24887f2b-0a3f-4e8c-b699-fac9ebbea3a7,Implantação,2,Enviado,2026-04-20,,0.00,0.0000,0.0000,0.6000,0.2000,162.94,2026-07-24 17:06:28.173943+00,2026-07-25 14:26:00.868754+00,1,0.00,0.00,0.00
35dac09e-876b-4628-ab0b-c914717d0cc5,88417,d6661814-260f-4b92-9b0d-d619007208d2,Proposta homologação e atualização da ISO no PDV JADE,2022-06-17,Concluido,24887f2b-0a3f-4e8c-b699-fac9ebbea3a7,,,Aprovado,2023-01-04,2023-01-05,0.00,0.0000,0.0843,0.6000,0.2000,145.04,2026-07-24 17:06:27.597938+00,2026-07-25 14:26:00.868754+00,1,9282.56,782.56,8500.00
35fa1ee2-3b6b-4a85-9c88-2291c0cd3b45,17842,9e608591-aa8c-41df-b07a-298b754eb384,Recuros para instalação de 2 Selfs,2025-12-18,Encerrado,24887f2b-0a3f-4e8c-b699-fac9ebbea3a7,Implantação,3,Enviado,2026-01-09,,0.00,0.0000,0.0000,0.6000,0.2000,162.94,2026-07-24 17:06:28.173943+00,2026-07-25 14:26:00.868754+00,1,0.00,0.00,0.00
36322713-56a4-480a-8d77-9fb7329c623d,98968,f8a59749-e052-458a-afc4-d7e7f228ddbe,Cach back Cartão ZontaCard,2023-05-16,Concluido,4f873c3e-7e48-434a-8f65-02f3b0582863,,,Encerrado,,,0.00,0.0000,0.0000,0.6000,0.2000,162.94,2026-07-24 17:06:27.597938+00,2026-07-25 14:26:00.868754+00,1,0.00,0.00,0.00
366035c7-cef8-4700-8c12-41da4cc048d3,113487,4a26fcf1-9bab-48eb-86b9-999e64310cd2,Preço Oferta,2024-10-04,Encerrado,4f873c3e-7e48-434a-8f65-02f3b0582863,PDV,2,Enviado,2024-09-25,,28.00,0.2000,0.0878,0.6000,0.3200,152.94,2026-07-24 17:06:28.173943+00,2026-07-25 14:26:00.868754+00,1,9866.47,866.28,9000.00
36802126-bbca-49d4-b868-9fd15d519272,98967,f8a59749-e052-458a-afc4-d7e7f228ddbe,Cancelamento transações ZontaCard,2023-05-16,Encerrado,4f873c3e-7e48-434a-8f65-02f3b0582863,,,,,,0.00,0.0000,0.0000,0.6000,0.2000,162.94,2026-07-24 17:06:27.597938+00,2026-07-25 14:26:00.868754+00,1,0.00,0.00,0.00
36818e1b-67f4-4b64-beea-90117b74b18b,9870,56d9260f-27ea-41bd-87a6-7ed51ae6fe0f,Campanha Ebook - V02,2025-06-20,Concluido,24887f2b-0a3f-4e8c-b699-fac9ebbea3a7,Integração,2,Aprovado,2025-08-04,2025-09-04,78.00,0.2000,0.0000,0.6000,0.3200,163.20,2026-07-24 17:06:28.173943+00,2026-07-25 14:26:00.868754+00,1,29329.20,0.00,29329.20
37791a1f-20a8-45a9-8d6d-864d084b9690,88840,ab01596f-cd83-4dc7-b76f-406168367461,Atualização / Incremento da Integração V2 para V2.2,2022-07-04,Concluido,24887f2b-0a3f-4e8c-b699-fac9ebbea3a7,,,Aprovado,2022-08-24,2022-09-06,116.00,0.1100,0.0000,0.6000,0.2000,162.94,2026-07-24 17:06:27.597938+00,2026-07-25 14:26:00.868754+00,1,37764.28,0.00,37764.28
3787795b-8e44-48d2-b1de-ba7d8573e3b8,15266,eedf6198-b134-4d0a-9acb-9fec23f95f90,Venda de E-book PII,2026-05-27,Concluido,4f873c3e-7e48-434a-8f65-02f3b0582863,PDV / VS / Integração,3,Aprovado,2026-06-09,2026-06-22,24.00,0.2000,0.1675,0.6000,0.3200,162.94,2026-07-24 17:06:28.173943+00,2026-07-25 14:26:00.868754+00,1,9009.93,1509.16,7500.00
379c152c-6fa5-4f8d-b302-70ab252bedb5,97132,44900930-9abb-42ec-977e-076034299a13,Maquina contadora de moeda,2023-03-24,Concluido,b5f82498-f4af-427d-995d-77f6e9116056,,,Cancelado,2023-06-13,,177.00,0.2000,0.2000,0.6000,0.3200,152.94,2026-07-24 17:06:27.597938+00,2026-07-25 14:26:00.868754+00,1,62370.16,12474.03,49896.12
37b58529-3b27-48e0-9d61-b5d5f4106b05,103554,bddc3eea-c4b9-4010-a353-481fb50e5f99,Integração Newtail (e-commerce),2023-10-06,Encerrado,b5f82498-f4af-427d-995d-77f6e9116056,PDV / Integtração,4,Enviado,2024-05-24,,90.00,0.2000,0.0000,0.6000,0.3222,152.94,2026-07-24 17:06:27.597938+00,2026-07-25 14:26:00.868754+00,1,31750.34,0.00,31750.34
3814e888-2fa0-4065-8f36-e0084df1a475,16012,8e92fca3-e9fb-43f4-b2f2-f1764c842d74,Implantação CRM Bnex,2025-11-05,Concluido,24887f2b-0a3f-4e8c-b699-fac9ebbea3a7,Implantação,3,Aprovado,2026-01-06,2026-02-13,80.00,0.0000,0.1178,0.0000,0.0000,162.94,2026-07-24 17:06:28.173943+00,2026-07-25 13:51:20.978089+00,1,,,
384f4cda-e6b1-4249-b033-45116eb690c2,16269,56d9260f-27ea-41bd-87a6-7ed51ae6fe0f,Cashback como Desconto no Cupom,2025-11-11,Aguard. Retorno do Cliente,,Integração / PDV,,,,,0.00,0.0000,0.0000,0.6000,0.2000,162.94,2026-07-24 17:06:28.173943+00,2026-07-25 14:26:00.868754+00,1,0.00,0.00,0.00
388fcad0-4d84-4cd7-b1c8-9fd4dd5e1184,4349,923e43a8-d718-46bc-b174-5ddab0ef6da2,Produtos processando diariamente,2025-02-14,A Iniciar,b5f82498-f4af-427d-995d-77f6e9116056,,2,,,,0.00,0.0000,0.0000,0.6000,0.2000,162.94,2026-07-24 17:06:27.597938+00,2026-07-25 14:26:00.868754+00,1,4894.08,0.00,6117.60
38c5b52a-1018-4b07-a665-53d6ab10519a,108873,229d045a-7db0-446c-8af0-7efea4522eaa,"Ajuste na regra de ativação de preço 3 ",2024-03-11,Encerrado,4f873c3e-7e48-434a-8f65-02f3b0582863,PDV,2,,,,0.00,0.0000,0.0000,0.6000,0.2000,162.94,2026-07-24 17:06:27.597938+00,2026-07-24 17:06:27.597938+00,1,,,
38f850de-1753-4ce3-a1b5-cb5fb855f6d2,8370,80f9054a-4b42-4362-b04e-47852bd387ab,Projeto promoção Explosão PDV,2025-05-15,Encerrado,4f873c3e-7e48-434a-8f65-02f3b0582863,Implantação,,Enviado,2025-08-21,,6.00,0.2000,0.0000,0.6000,0.2000,162.94,2026-07-24 17:06:28.173943+00,2026-07-25 14:26:00.868754+00,1,10428.16,0.00,10428.16
3954786f-425b-4938-a3fd-54b8c1b25094,86728,25fb280d-6272-4826-99de-32d918204dff,Integração Origem Venda,2022-04-18,Concluido,b5f82498-f4af-427d-995d-77f6e9116056,,,Aprovado,2022-06-21,2022-07-18,26.00,0.2000,0.0000,0.6000,0.2000,162.94,2026-07-24 17:06:27.597938+00,2026-07-25 14:26:00.868754+00,1,9150.71,0.00,9150.71
397ae535-ed81-40e5-bb46-2469828661a2,20157,923e43a8-d718-46bc-b174-5ddab0ef6da2,Alteração na descrição DAV retira,2026-02-12,Em Analise,24887f2b-0a3f-4e8c-b699-fac9ebbea3a7,AV,2,,,,0.00,0.0000,0.0000,0.6000,0.2000,162.94,2026-07-24 17:06:28.173943+00,2026-07-25 14:26:00.868754+00,1,0.00,0.00,0.00
39816020-d763-433b-bff3-e1e34c996bc1,98300,b371113f-0789-40f1-9cb3-8cdd1fd32ac9,Alteraçãoes Chama fiscal,2023-04-27,Encerrado,b5f82498-f4af-427d-995d-77f6e9116056,,,,,,60.00,0.0000,0.0000,0.6000,0.2000,152.94,2026-07-24 17:06:27.597938+00,2026-07-25 14:26:00.868754+00,1,16517.52,0.00,16517.52
39c7f230-12d7-4d98-a48a-c7b643d71641,7456,80f9054a-4b42-4362-b04e-47852bd387ab,Ecommerce Mercafacil,2025-04-24,Concluido,b5f82498-f4af-427d-995d-77f6e9116056,,,,,,0.00,0.0000,0.0000,0.6000,0.2000,162.94,2026-07-24 17:06:27.597938+00,2026-07-25 14:26:00.868754+00,1,9776.40,0.00,782.11
39f064f8-821f-4ecf-98d2-04dca26007df,105928,923e43a8-d718-46bc-b174-5ddab0ef6da2,Tabela com valores de frete,2023-12-04,Encerrado,b5f82498-f4af-427d-995d-77f6e9116056,AV,2,Bonificado,,,0.00,0.0000,0.0000,0.6000,0.2000,162.94,2026-07-24 17:06:27.597938+00,2026-07-25 14:26:00.868754+00,1,0.00,0.00,0.00
3a4d32cb-9477-442c-bb53-af3015aae8c4,86173,20e510ba-1c96-4519-bd31-5ff87bcb61e2,Dados CRM Sales,2022-04-01,Concluido,b5f82498-f4af-427d-995d-77f6e9116056,,,Aprovado,2022-06-01,2022-06-10,60.00,0.2000,0.1000,0.6000,0.2000,162.94,2026-07-24 17:06:27.597938+00,2026-07-25 14:26:00.868754+00,1,21117.02,2111.70,16969.68
3a5281cd-a122-4217-b1dc-f33d4b0fe931,17999,20e510ba-1c96-4519-bd31-5ff87bcb61e2,Casadinha Sou festval,2025-12-22,Em Analise,24887f2b-0a3f-4e8c-b699-fac9ebbea3a7,Integração,2,,,,0.00,0.0000,0.0000,0.6000,0.2000,162.94,2026-07-24 17:06:28.173943+00,2026-07-25 14:26:00.868754+00,1,0.00,0.00,0.00
3ad3fe5d-38c2-48de-8682-8c12665241ed,98648,3f2129ff-8a6b-494c-b4bd-334c77b36967,Implantação PIX,2023-05-05,Concluido,24887f2b-0a3f-4e8c-b699-fac9ebbea3a7,,,Aprovado,2023-05-05,2023-05-05,0.00,0.0000,0.0000,0.6000,0.2000,162.94,2026-07-24 17:06:27.597938+00,2026-07-25 14:26:00.868754+00,1,5000.00,0.00,5000.00
3adea8a8-50af-4361-b503-c7d396fcee8f,98994,b371113f-0789-40f1-9cb3-8cdd1fd32ac9,Desconto Funcionario,2023-05-17,Concluido,24887f2b-0a3f-4e8c-b699-fac9ebbea3a7,,,Suporte,,,0.00,0.0000,0.0000,0.6000,0.2000,162.94,2026-07-24 17:06:27.597938+00,2026-07-25 14:26:00.868754+00,1,0.00,0.00,0.00
3aeee1d2-3b67-41da-a95f-f2975d26b427,84219,44900930-9abb-42ec-977e-076034299a13,Alteração de Tela de PDV,2022-02-02,Concluido,4f873c3e-7e48-434a-8f65-02f3b0582863,,,Aprovado,2022-05-11,2022-05-12,40.00,0.2000,0.0000,0.6000,0.2000,162.94,2026-07-24 17:06:27.597938+00,2026-07-25 14:26:00.868754+00,1,14078.02,0.00,14078.02
3afa1f1c-3217-4b52-8386-d7357de65869,92797,b371113f-0789-40f1-9cb3-8cdd1fd32ac9,Impressão do valor da parcela no Mata Burro,2022-11-08,Concluido,b5f82498-f4af-427d-995d-77f6e9116056,,,Cancelado,2023-04-14,,60.00,0.2000,0.2000,0.6000,0.3200,162.94,2026-07-24 17:06:27.597938+00,2026-07-25 14:26:00.868754+00,1,22524.83,4504.97,18019.86
3b353003-f331-4a2d-a8de-ccaf53064490,109527,4f9970fc-7e10-4350-8cdb-03c2c57cad8b,Numero do Pedido no banco de dados,2024-04-02,Concluido,4f873c3e-7e48-434a-8f65-02f3b0582863,Integração,Médio,Equipe Exclusiva,,,0.00,0.0000,0.0000,0.6000,0.2000,162.94,2026-07-24 17:06:27.597938+00,2026-07-25 14:26:00.868754+00,1,0.00,0.00,0.00
3bfc1976-d0c8-4514-a871-b02fcfa31fad,11047,96f36366-04b6-47a3-8545-91e84d426059,"Processo de cancelamento Itens e cupons ",2025-07-17,Encerrado,4f873c3e-7e48-434a-8f65-02f3b0582863,,,,,,0.00,0.0000,0.0000,0.6000,0.2000,162.94,2026-07-24 17:06:28.173943+00,2026-07-24 17:06:28.173943+00,1,,,
3c0c8ca8-de0b-4985-8b11-de14e8dc663b,22076,88627d86-ab81-4fb7-904e-5fd914fc4b7a,Continuação Margem Liquida,2026-03-30,Concluido,24887f2b-0a3f-4e8c-b699-fac9ebbea3a7,Gestão,3,Aprovado,2026-03-31,2026-04-06,0.00,0.0000,0.0000,0.6000,0.2000,162.94,2026-07-24 17:06:28.173943+00,2026-07-25 14:26:00.868754+00,1,6517.60,0.00,6517.60
3c4bde33-940d-4526-a3cb-12d967039fa5,116347,80fdd68a-1536-41e7-a7c6-29444ed91d18,"Carteira digital ",2024-10-08,Concluido,24887f2b-0a3f-4e8c-b699-fac9ebbea3a7,PDV/ Integração,2,Aprovado,2024-11-28,2024-12-02,17.00,0.2000,0.0000,0.6000,0.3200,152.94,2026-07-24 17:06:28.173943+00,2026-07-24 17:06:28.173943+00,1,,,
3dc77ca3-952b-4211-974a-c482d05742b3,97815,923e43a8-d718-46bc-b174-5ddab0ef6da2,Cadastro de feriados no Visual AV,2023-04-12,Concluido,b5f82498-f4af-427d-995d-77f6e9116056,,,Aprovado,2023-05-03,2023-07-03,32.00,0.2000,0.3694,0.6000,0.2000,162.94,2026-07-24 17:06:27.597938+00,2026-07-25 14:26:00.868754+00,1,15856.82,5856.81,10000.01
3e3792e6-6498-4c62-8317-c29bb6ba0856,10992,4f9970fc-7e10-4350-8cdb-03c2c57cad8b,Revisão Fluxo Self,2025-07-16,Concluido,4f873c3e-7e48-434a-8f65-02f3b0582863,Inovação,4,Aprovado,2025-09-22,2025-10-03,140.00,0.0000,0.0000,0.6000,0.3200,162.94,2026-07-24 17:06:28.173943+00,2026-07-25 14:26:00.868754+00,1,44319.68,0.00,44319.68
3ee56631-ca8d-4006-80c6-093fa361b30e,16497,80f9054a-4b42-4362-b04e-47852bd387ab,Habilitar tela de pesquisa,2025-11-17,Concluido,4f873c3e-7e48-434a-8f65-02f3b0582863,Inovação,,Bonificado,2026-03-20,2026-03-20,82.00,0.2000,0.0000,0.6000,0.3200,162.94,2026-07-24 17:06:28.173943+00,2026-07-25 14:26:00.868754+00,1,30783.93,0.00,30783.93
402176f3-20f0-4057-a07f-a65033e0b6a5,93992,44900930-9abb-42ec-977e-076034299a13,"Integração Mercafacil ",2022-12-16,Concluido,b5f82498-f4af-427d-995d-77f6e9116056,,,Encerrado,,,0.00,0.0000,0.0000,0.6000,0.2000,162.94,2026-07-24 17:06:27.597938+00,2026-07-24 17:06:27.597938+00,1,,,
405d4aae-c285-4587-abb8-79ff37c8643c,20053,88627d86-ab81-4fb7-904e-5fd914fc4b7a,"RETAG/FILIAL, processo de entrada de Notas Fiscais",2026-02-10,Concluido,24887f2b-0a3f-4e8c-b699-fac9ebbea3a7,Gestão,3,Aprovado,2026-03-31,2026-04-06,0.00,0.0000,0.0000,0.6000,0.2000,162.94,2026-07-24 17:06:28.173943+00,2026-07-25 14:26:00.868754+00,1,3910.56,0.00,3910.56
4078630f-2c43-49c0-ae1b-3861462329f7,22609,d6661814-260f-4b92-9b0d-d619007208d2,Melhoria fluxo de cartão pré-aprovado,2026-04-09,Em Analise,4f873c3e-7e48-434a-8f65-02f3b0582863,PDV,2,,,,0.00,0.0000,0.0000,0.6000,0.2000,162.94,2026-07-24 17:06:28.173943+00,2026-07-25 14:26:00.868754+00,1,9776.40,0.00,9776.40
407c44c7-55db-4612-83e9-3f2955d2e075,96631,7f63efab-ea62-4df5-8339-5875ae9b2732,Scanntech,2023-03-09,BackLog,,Integração / PDV,3,,,,0.00,0.0000,0.0000,0.6000,0.2000,162.94,2026-07-24 17:06:28.173943+00,2026-07-25 14:26:00.868754+00,1,0.00,0.00,0.00
41623074-ac1c-4353-b39c-257cff59f000,7186,2dc8144d-f093-41b4-adc4-b0a0fd54e671,Elaboração DAVT,2024-12-04,Concluido,24887f2b-0a3f-4e8c-b699-fac9ebbea3a7,,,Aprovado,,,0.00,0.0000,0.0000,0.6000,0.2000,162.94,2026-07-24 17:06:28.173943+00,2026-07-25 14:26:00.868754+00,1,0.00,0.00,0.00
41b22278-29ee-4de9-9ea0-b9ace77a1bbd,21933,062f29c0-68da-4e01-aaef-2e9441927201,Alocação de recurso Superviza,2026-03-25,Concluido,24887f2b-0a3f-4e8c-b699-fac9ebbea3a7,implantação,3,Aprovado,2026-04-08,2026-04-27,0.00,0.0000,0.0000,0.6000,0.2000,162.94,2026-07-24 17:06:28.173943+00,2026-07-25 14:26:00.868754+00,1,13035.20,0.00,13035.20
41d93bec-3094-4882-a7ed-5d8b87bd9b87,116799,7715eec8-7dbd-45d8-b4da-228ac883230a,Cadastro de PIX,2024-10-21,Concluido,24887f2b-0a3f-4e8c-b699-fac9ebbea3a7,Implantação,2,Aprovado,2024-10-07,2024-11-04,0.00,0.0000,0.0000,0.6000,0.2000,152.94,2026-07-24 17:06:28.173943+00,2026-07-25 14:26:00.868754+00,1,3058.80,0.00,3058.80
422414ae-90e2-42ee-8fb4-000e1add00ed,104466,8e92fca3-e9fb-43f4-b2f2-f1764c842d74,Condições de pagamento,2023-10-18,Encerrado,24887f2b-0a3f-4e8c-b699-fac9ebbea3a7,,,,,,0.00,0.0000,0.0000,0.6000,0.2000,162.94,2026-07-24 17:06:27.597938+00,2026-07-25 14:26:00.868754+00,1,0.00,0.00,0.00
42457005-efd8-4f75-8618-184f63f39324,86760,f8a59749-e052-458a-afc4-d7e7f228ddbe,Requisição Ajustes de Aferição,2022-05-15,Concluido,4f873c3e-7e48-434a-8f65-02f3b0582863,,,Cancelado,2022-06-13,,34.00,0.2000,0.1500,0.6000,0.2000,144.17,2026-07-24 17:06:27.597938+00,2026-07-25 14:26:00.868754+00,1,10587.92,1588.19,8999.73
427e5d55-e09f-437a-9828-f7136c9d48af,86168,d6661814-260f-4b92-9b0d-d619007208d2,Melhoria Estatistica Vendas Comp,2022-04-01,Concluido,24887f2b-0a3f-4e8c-b699-fac9ebbea3a7,,,Aprovado,2022-05-02,2022-05-04,27.00,0.2000,0.0000,0.6000,0.2000,144.24,2026-07-24 17:06:27.597938+00,2026-07-25 14:26:00.868754+00,1,8412.32,0.00,8412.32
429b48fc-0ce0-43fe-8bba-53124baf2d39,74155,20e510ba-1c96-4519-bd31-5ff87bcb61e2,CRM Sales Force Festval Projeto Time & Material - Mês 04,2021-04-12,Concluido,24887f2b-0a3f-4e8c-b699-fac9ebbea3a7,,,Aprovado,2022-04-14,2022-04-14,0.00,0.0000,0.0000,0.6000,0.2000,162.94,2026-07-24 17:06:27.597938+00,2026-07-25 14:26:00.868754+00,1,4069.68,0.00,4069.68
42e3b161-2dcc-4062-ad8b-b72c2c7cf990,109139,88627d86-ab81-4fb7-904e-5fd914fc4b7a,"Integração Mercafacil ",2024-03-19,Concluido,24887f2b-0a3f-4e8c-b699-fac9ebbea3a7,,,Bonificado,2024-04-19,2024-04-22,0.00,0.0000,1.0000,0.6000,0.2000,152.94,2026-07-24 17:06:27.597938+00,2026-07-24 17:06:27.597938+00,1,,,
431a8bad-f945-4155-aa72-987bd6e53e54,22443,88627d86-ab81-4fb7-904e-5fd914fc4b7a,Inclusão preço codigo da EAN etiqueta,2026-04-06,Em Analise,24887f2b-0a3f-4e8c-b699-fac9ebbea3a7,Gestão,3,,,,0.00,0.0000,0.0000,0.6000,0.2000,162.94,2026-07-24 17:06:28.173943+00,2026-07-25 14:26:00.868754+00,1,0.00,0.00,0.00
431d143a-b3cc-4be6-a446-5cf8f9f4c99d,19415,4a048ab2-42ef-42b2-a30d-597ab6c4c84d,Exclusão de ICMS ST da base,2026-01-26,Encerrado,4f873c3e-7e48-434a-8f65-02f3b0582863,integração,3,,,,0.00,0.0000,0.0000,0.6000,0.2000,162.94,2026-07-24 17:06:28.173943+00,2026-07-25 14:26:00.868754+00,1,0.00,0.00,0.00
43772e4f-8dbe-4275-b6b5-d1cc9221c98e,80982,4a26fcf1-9bab-48eb-86b9-999e64310cd2,Integração SAP Time & Material de 11/07 a 16/08,2022-10-21,Concluido,24887f2b-0a3f-4e8c-b699-fac9ebbea3a7,,,Aprovado,2022-08-19,2022-08-24,0.00,0.0000,0.0000,0.6000,0.2000,162.94,2026-07-24 17:06:27.597938+00,2026-07-25 14:26:00.868754+00,1,0.00,0.00,0.00
4392d128-93cc-42f2-9622-810a24f17cf0,981,838b766f-5f18-4a79-8202-208d7960fdb6,Loja Conceito,2025-01-13,Em Analise,4f873c3e-7e48-434a-8f65-02f3b0582863,"Todas ",4,,,,88.00,0.0000,0.0000,0.6000,0.2000,162.94,2026-07-24 17:06:27.597938+00,2026-07-25 14:26:00.868754+00,1,2398.48,0.00,5005.52
43ebd94f-8d32-47e5-bee1-235f7ab74003,24314,923e43a8-d718-46bc-b174-5ddab0ef6da2,"API para aplicativo externo realizar venda no PDV ",2026-05-20,A Iniciar,4f873c3e-7e48-434a-8f65-02f3b0582863,,,,,,0.00,0.0000,0.0000,0.6000,0.2000,162.94,2026-07-24 17:06:28.173943+00,2026-07-24 17:06:28.173943+00,1,,,
442465ee-37eb-4885-8cba-85f17ef99783,110157,1906d458-3c21-4f23-9720-ab05b01fb3f6,Criação de Qr-Code integrado ao Cupom Fiscal,2024-04-25,Concluido,b5f82498-f4af-427d-995d-77f6e9116056,PDV,1,Bonificado,2024-06-13,2024-10-04,10.00,0.2000,1.0000,0.6000,0.4000,152.94,2026-07-24 17:06:27.597938+00,2026-07-25 14:26:00.868754+00,1,3670.56,3670.56,
447b959f-d2a9-4463-962a-114722d15513,105211,4a26fcf1-9bab-48eb-86b9-999e64310cd2,Nova mecanica de desconto,2023-11-13,Concluido,4f873c3e-7e48-434a-8f65-02f3b0582863,PDV/ Victor,2,Aprovado,2024-07-11,2024-09-04,96.00,0.2000,0.0899,0.6000,0.2708,152.94,2026-07-24 17:06:27.597938+00,2026-07-25 14:26:00.868754+00,1,32961.63,2961.60,30000.03
44bda344-41b9-4d02-a58f-f6f9b102b3b8,21968,7f63efab-ea62-4df5-8339-5875ae9b2732,Mercapromo,2026-03-26,Concluido,24887f2b-0a3f-4e8c-b699-fac9ebbea3a7,PDV / Implantação,3,Enviado,2026-05-06,,0.00,0.0000,0.0000,0.6000,0.2000,162.94,2026-07-24 17:06:28.173943+00,2026-07-25 14:26:00.868754+00,1,35038.62,0.00,35038.62
450dbe94-72f2-4062-b52e-c767a46959ac,88674,44900930-9abb-42ec-977e-076034299a13,Integração TecBan (Tesouraria),2022-06-28,Concluido,b5f82498-f4af-427d-995d-77f6e9116056,,,Aprovado,2022-08-19,2022-08-29,81.00,0.2000,0.1000,0.6000,0.2099,162.94,2026-07-24 17:06:27.597938+00,2026-07-25 14:26:00.868754+00,1,28664.40,2866.44,25797.96
453025b3-e326-48ee-8f88-8077fe88c490,11083,610af016-3cf6-49a0-8ebd-c84cffce3f47,"Substituição do Reconhecimento facial ",2025-07-18,Concluido,b5f82498-f4af-427d-995d-77f6e9116056,AV,3,Aprovado,2025-08-21,2025-08-25,42.00,0.0000,0.0000,0.0000,0.0000,162.94,2026-07-24 17:06:28.173943+00,2026-07-25 14:51:32.677162+00,1,,,
458d5bd1-0cc7-496c-a661-4e0b3d3a4718,5215,56d9260f-27ea-41bd-87a6-7ed51ae6fe0f,Relatorio Financeiro,2025-03-05,Encerrado,b5f82498-f4af-427d-995d-77f6e9116056,Visual Store,1,,,,0.00,0.0000,0.0000,0.6000,0.2000,162.94,2026-07-24 17:06:28.173943+00,2026-07-25 14:26:00.868754+00,1,0.00,0.00,0.00
45996912-cecf-4167-bbaf-36c8750f805b,8771,d6661814-260f-4b92-9b0d-d619007208d2,Cartão mais amigo no Self,2025-05-26,A Iniciar,4f873c3e-7e48-434a-8f65-02f3b0582863,PDV,,Release,,,0.00,0.0000,0.0000,0.6000,0.2000,162.94,2026-07-24 17:06:28.173943+00,2026-07-25 14:26:00.868754+00,1,0.00,0.00,0.00
45b51cc9-2c60-4953-ac24-378c961d9aeb,102236,923e43a8-d718-46bc-b174-5ddab0ef6da2,Melhoria Buscar CEP por UF AV- Mobile,2023-09-03,Concluido,b5f82498-f4af-427d-995d-77f6e9116056,AV,4,Bonificado,2024-07-17,,30.00,0.1100,1.0000,0.6000,0.3200,153.09,2026-07-24 17:06:27.597938+00,2026-07-25 14:26:00.868754+00,1,9788.16,9788.16,
46b16de2-4964-4ce9-98ee-6c31dfc8ae6c,112102,923e43a8-d718-46bc-b174-5ddab0ef6da2,Local de Transferencia não pode ser de saida,2024-06-19,Concluido,b5f82498-f4af-427d-995d-77f6e9116056,AV,2,Bonificado,2024-10-07,,12.00,0.2000,0.0000,0.6000,0.3200,152.94,2026-07-24 17:06:27.597938+00,2026-07-25 14:26:00.868754+00,1,4228.49,0.00,4228.49
46d31b2c-363e-4789-a2d7-54b5dbc7997e,19868,2dc8144d-f093-41b4-adc4-b0a0fd54e671,Implantação CRM Regex,2026-02-04,Encerrado,24887f2b-0a3f-4e8c-b699-fac9ebbea3a7,Inovação / PDV,4,,,,0.00,0.0000,0.0000,0.6000,0.2000,162.94,2026-07-24 17:06:28.173943+00,2026-07-25 14:26:00.868754+00,1,0.00,0.00,0.00
46e532ed-3053-467d-b916-2e41dab333c5,17772,d6661814-260f-4b92-9b0d-d619007208d2,Alocação de recurso reforma tributária,2025-12-17,Concluido,24887f2b-0a3f-4e8c-b699-fac9ebbea3a7,Implantação,2,Aprovado,2025-10-16,2025-12-17,0.00,0.0000,0.0000,0.6000,0.2000,162.94,2026-07-24 17:06:28.173943+00,2026-07-25 14:26:00.868754+00,1,6517.60,0.00,6517.60
47bff39a-c4c7-4580-a9ea-c468ca5c6604,22536,923e43a8-d718-46bc-b174-5ddab0ef6da2,Incluir CPF vendedor na Pre-nota,2026-04-08,Em Analise,4f873c3e-7e48-434a-8f65-02f3b0582863,Integração,2,,,,0.00,0.0000,0.0000,0.6000,0.2000,195.19,2026-07-24 17:06:28.173943+00,2026-07-25 14:26:00.868754+00,1,14990.48,0.00,14990.48
47cf0d41-4f33-4253-94e6-4e3da32a04c1,3543,7f63efab-ea62-4df5-8339-5875ae9b2732,Ativação  MercaPromo,2025-02-03,Encerrado,b5f82498-f4af-427d-995d-77f6e9116056,,3,,,,0.00,0.0000,0.0000,0.6000,0.2000,162.94,2026-07-24 17:06:28.173943+00,2026-07-25 14:26:00.868754+00,1,0.00,0.00,0.00
47e657ed-dd02-428a-9bbf-e7300168efff,4104,44900930-9abb-42ec-977e-076034299a13,CRM Mercapromo,2025-02-10,Encerrado,b5f82498-f4af-427d-995d-77f6e9116056,,3,,,,0.00,0.0000,0.0000,0.6000,0.2000,162.94,2026-07-24 17:06:28.173943+00,2026-07-25 14:26:00.868754+00,1,0.00,0.00,0.00
4975c920-1f8e-49ae-914d-ab3eb31f44c5,113529,88627d86-ab81-4fb7-904e-5fd914fc4b7a,Preço produto balança no PDV,2024-07-24,BackLog,,PDV,2,Release,,,0.00,0.0000,0.0000,0.6000,0.2000,162.94,2026-07-24 17:06:28.173943+00,2026-07-25 14:26:00.868754+00,1,0.00,0.00,0.00
49d45a19-0b97-42aa-a307-43b2cf7ada17,113683,923e43a8-d718-46bc-b174-5ddab0ef6da2,Obrigatoriedade Agendamento retira,2024-07-29,Concluido,b5f82498-f4af-427d-995d-77f6e9116056,AV,2,Bonificado,2024-10-07,,22.00,0.2000,0.0000,0.6000,0.2000,162.94,2026-07-24 17:06:27.597938+00,2026-07-25 14:26:00.868754+00,1,9249.81,0.00,9249.81
49e46851-183b-4a89-901a-83f196f11b16,109139,88627d86-ab81-4fb7-904e-5fd914fc4b7a,Integração Mercafacil - P2 Ofertas Combons,2024-03-19,Concluido,24887f2b-0a3f-4e8c-b699-fac9ebbea3a7,Gestão,2,Aprovado,2024-12-05,2024-12-06,0.00,0.0000,0.0000,0.6000,0.2000,152.94,2026-07-24 17:06:28.173943+00,2026-07-25 14:26:00.868754+00,1,6117.60,0.00,6117.60
49eabdbb-56c1-4c4e-a07b-11b63b90f0df,665,d6661814-260f-4b92-9b0d-d619007208d2,Criação de tabela de Logs de consulta de preço de produtos no PDV,2025-12-11,Concluido,b5f82498-f4af-427d-995d-77f6e9116056,PDV,2,Release,,,0.00,0.0000,0.0000,0.6000,0.2000,162.94,2026-07-24 17:06:28.173943+00,2026-07-25 14:26:00.868754+00,1,0.00,0.00,0.00
4a299b3d-9e59-4aa5-9c87-53550fcd6d74,7858,88627d86-ab81-4fb7-904e-5fd914fc4b7a,Alteração na Exportação Nielson,2025-05-05,Concluido,24887f2b-0a3f-4e8c-b699-fac9ebbea3a7,Gestão,3,Aprovado,2025-05-07,2025-05-07,0.00,0.0000,0.0000,0.6000,0.2000,162.94,2026-07-24 17:06:28.173943+00,2026-07-25 14:26:00.868754+00,1,9776.40,0.00,9776.40
4a2d5db3-cd22-457c-b6ca-1a0b5d182008,785,56d9260f-27ea-41bd-87a6-7ed51ae6fe0f,Integração DAJU x Bnex,2025-01-06,Concluido,24887f2b-0a3f-4e8c-b699-fac9ebbea3a7,Integração / Implantação,3,Aprovado,2025-01-27,2025-04-01,100.00,0.2000,0.0849,0.6300,0.3260,162.94,2026-07-24 17:06:28.173943+00,2026-07-25 14:26:00.868754+00,1,38245.28,3245.26,35000.01
4a49b75a-6680-431c-9d23-f0be7eb95e2e,96140,20e510ba-1c96-4519-bd31-5ff87bcb61e2,Integração C5 - Outubro,2023-02-22,Concluido,24887f2b-0a3f-4e8c-b699-fac9ebbea3a7,,,Bonificado,2023-11-13,,0.00,0.0000,0.0000,0.6000,0.2000,152.94,2026-07-24 17:06:27.597938+00,2026-07-25 14:26:00.868754+00,1,5352.90,0.00,5352.90
4ac4aae5-221f-4575-97d6-757ee337c6c0,108968,7f63efab-ea62-4df5-8339-5875ae9b2732,Integração BlueSoft,2024-03-13,Concluido,24887f2b-0a3f-4e8c-b699-fac9ebbea3a7,Integração,4,Aprovado,2024-05-02,2024-09-24,0.00,0.0000,0.1982,0.6000,0.2000,152.94,2026-07-24 17:06:27.597938+00,2026-07-25 14:26:00.868754+00,1,160892.88,31892.19,129000.00
4aeb25d6-544f-4a6a-ad16-0e41f8a969a3,113321,44900930-9abb-42ec-977e-076034299a13,Aniversário Nordestão - Cresce Vendas - Blizze,2024-07-19,Encerrado,b5f82498-f4af-427d-995d-77f6e9116056,PDV / Integração,3,,,,0.00,0.0000,0.0000,0.6000,0.2000,162.94,2026-07-24 17:06:27.597938+00,2026-07-25 14:26:00.868754+00,1,0.00,0.00,0.00
4b915d68-1a55-43f3-a9ad-b6343652f9f9,106300,aebbcea0-4af1-424f-8951-f3941e6cc793,Melhoria na area comercial,2023-12-15,Concluido,b5f82498-f4af-427d-995d-77f6e9116056,,,Aprovado,2024-01-29,2024-02-02,32.00,0.2000,0.0000,0.6000,0.3200,165.79,2026-07-24 17:06:27.597938+00,2026-07-25 14:26:00.868754+00,1,12223.32,0.00,12223.32
4bae038c-66c1-480a-898b-60b5f4ee597d,79215,6a00b6df-bc61-4335-8976-3e39e064aff5,Implementações Visual AV,2021-08-31,Concluido,b5f82498-f4af-427d-995d-77f6e9116056,,,Recusada,2022-03-02,,41.00,0.1000,0.0000,0.6000,0.2000,148.13,2026-07-24 17:06:27.597938+00,2026-07-25 14:26:00.868754+00,1,12024.97,0.00,0.00
4bd02152-9460-454c-b8b2-653e535cba5b,25667,e09cb1ba-6728-488e-84c9-d3a7b308a604,Json de CRM,2026-06-22,Em Analise,24887f2b-0a3f-4e8c-b699-fac9ebbea3a7,Inovação / Integração,2,,,,0.00,0.0000,0.0000,0.6000,0.2000,162.94,2026-07-24 17:06:28.173943+00,2026-07-25 14:26:00.868754+00,1,0.00,0.00,0.00
4c94cdc2-00bc-4a0a-9cd5-f7bfbac43451,115103,7f63efab-ea62-4df5-8339-5875ae9b2732,Campanha Selos TccGlobal,2024-09-04,Encerrado,24887f2b-0a3f-4e8c-b699-fac9ebbea3a7,VS / PDV/Implantação,3,Enviado,2024-10-07,,0.00,0.0000,0.0000,0.6000,0.2000,152.94,2026-07-24 17:06:28.173943+00,2026-07-25 14:26:00.868754+00,1,17129.28,0.00,17129.28
4c9fff72-d28f-43dd-b9fe-0ea82e87680f,102969,1906d458-3c21-4f23-9720-ab05b01fb3f6,Implantação Cupom desconto,2024-01-05,Encerrado,24887f2b-0a3f-4e8c-b699-fac9ebbea3a7,,,Enviado,2024-01-05,,0.00,0.0000,0.0000,0.6000,0.2000,162.94,2026-07-24 17:06:27.597938+00,2026-07-25 14:26:00.868754+00,1,0.00,0.00,0.00
4cea902a-ab4e-4bba-af58-6e49120620d6,83288,d6661814-260f-4b92-9b0d-d619007208d2,Atualização ambiente Jade,2021-12-29,Concluido,24887f2b-0a3f-4e8c-b699-fac9ebbea3a7,,,Cancelado,2023-02-10,,90.00,0.2000,0.0000,0.6000,0.2000,162.94,2026-07-24 17:06:27.597938+00,2026-07-25 14:26:00.868754+00,1,20856.32,0.00,20856.32
4cfca509-f594-4a93-8f35-f09b63705fb3,6713,610af016-3cf6-49a0-8ebd-c84cffce3f47,Comercialização de Serviço Cyb + Saude,2025-04-07,Concluido,b5f82498-f4af-427d-995d-77f6e9116056,AV,2,Aprovado,2025-08-06,2026-01-12,72.00,0.0300,0.0000,0.6000,0.3200,162.50,2026-07-24 17:06:28.173943+00,2026-07-25 14:26:00.868754+00,4,23137.48,0.00,23137.48
4d382af1-fce1-4853-ba92-a0bac9aac453,81311,7f63efab-ea62-4df5-8339-5875ae9b2732,Politica de senhas Segura,2022-11-01,Concluido,b5f82498-f4af-427d-995d-77f6e9116056,,,Cancelado,2022-07-18,,0.00,0.2000,0.0000,0.6000,0.2000,162.94,2026-07-24 17:06:27.597938+00,2026-07-25 14:26:00.868754+00,1,0.00,0.00,0.00
4d73c902-314a-45b7-b43c-e77525523948,86166,88627d86-ab81-4fb7-904e-5fd914fc4b7a,Implantação Pix saque / Troco,2022-03-30,Concluido,24887f2b-0a3f-4e8c-b699-fac9ebbea3a7,,,Aprovado,2022-05-02,2022-05-04,0.00,0.0000,0.0000,0.6000,0.2000,162.94,2026-07-24 17:06:27.597938+00,2026-07-25 14:26:00.868754+00,1,2900.80,0.00,2900.80
4ddab809-6000-4b5f-bda1-d9f28cb47508,18740,879633fa-54eb-4eb7-b131-f35ced891fb3,Pagamento do Saldo devedo do convênio Blu,2026-01-12,Em Analise,4f873c3e-7e48-434a-8f65-02f3b0582863,Integração / PDV,3,,,,0.00,0.0000,0.0000,0.6000,0.2000,162.94,2026-07-24 17:06:28.173943+00,2026-07-25 14:26:00.868754+00,1,0.00,0.00,0.00
4e121565-0064-4452-868c-d25ef5700fd3,6255,d6661814-260f-4b92-9b0d-d619007208d2,Inauguração Loja Paulinia,2025-03-26,Concluido,24887f2b-0a3f-4e8c-b699-fac9ebbea3a7,Implantação,4,Aprovado,2025-05-05,,0.00,0.0000,0.0000,0.6000,0.2000,162.94,2026-07-24 17:06:28.173943+00,2026-07-25 14:26:00.868754+00,1,11731.68,0.00,11731.68
4e4fea17-88be-450f-86f3-a667bbd34f74,106892,923e43a8-d718-46bc-b174-5ddab0ef6da2,"Codigo de barra codigo interno ",2024-01-04,Concluido,b5f82498-f4af-427d-995d-77f6e9116056,AV,1,Release,,,8.00,0.2000,0.0000,0.6000,0.3200,152.94,2026-07-24 17:06:27.597938+00,2026-07-24 17:06:27.597938+00,1,,,
4eb0b126-fa35-4d77-96b0-9d16fea33202,110832,56d9260f-27ea-41bd-87a6-7ed51ae6fe0f,Troco Solidário,2024-05-16,Encerrado,7a0a249c-9cd5-4c74-8f79-91925439d261,Integração,1,,,,0.00,0.0000,0.0000,0.6000,0.2000,162.94,2026-07-24 17:06:28.173943+00,2026-07-25 14:26:00.868754+00,1,0.00,0.00,0.00
4fa8b824-cb56-4439-be62-ed2fd010d4c7,95568,20e510ba-1c96-4519-bd31-5ff87bcb61e2,Criação de relatorio Visual Kitchen,2023-02-02,Concluido,4f873c3e-7e48-434a-8f65-02f3b0582863,,,Aprovado,2023-05-04,2023-05-10,14.00,0.2000,0.0878,0.6000,0.3200,152.94,2026-07-24 17:06:27.597938+00,2026-07-25 14:26:00.868754+00,1,4933.23,433.24,4500.00
4faf8bef-d434-40a2-9b58-8ec9632c8259,84243,5b9bfa00-02d7-46d5-94fe-d28dc784281a,Projeto GIFtCards Givex,2022-02-02,Encerrado,4f873c3e-7e48-434a-8f65-02f3b0582863,,,,,,50.00,0.2000,0.0000,0.6000,0.2000,162.94,2026-07-24 17:06:27.597938+00,2026-07-25 14:26:00.868754+00,1,17597.52,0.00,17597.52
4fcbcccd-ac83-40be-b12a-92642b59bbaf,96140,20e510ba-1c96-4519-bd31-5ff87bcb61e2,Integração C5 - Setembro,2023-02-22,Concluido,24887f2b-0a3f-4e8c-b699-fac9ebbea3a7,,,Aprovado,2023-10-09,2023-10-20,0.00,0.0000,0.0000,0.6000,0.2000,152.94,2026-07-24 17:06:27.597938+00,2026-07-25 14:26:00.868754+00,1,14529.30,0.00,14529.30
4fdcee25-dc6f-45fa-835a-7b7e1c3ceb3c,437,649bf5d4-1dc6-46b7-afea-e2e3ebb12630,Reemnvio de vendas,2024-10-01,Encerrado,24887f2b-0a3f-4e8c-b699-fac9ebbea3a7,Integração,3,,,,0.00,0.0000,0.0000,0.6000,0.2000,162.94,2026-07-24 17:06:28.173943+00,2026-07-25 14:26:00.868754+00,1,0.00,0.00,0.00
50314612-44c6-433d-bf2f-63d2ac7a0235,77136,923e43a8-d718-46bc-b174-5ddab0ef6da2,Batimento de Caixa,2021-07-06,Encerrado,24887f2b-0a3f-4e8c-b699-fac9ebbea3a7,,,,,,0.00,0.0000,0.0000,0.6000,0.2000,162.94,2026-07-24 17:06:27.597938+00,2026-07-25 14:26:00.868754+00,1,0.00,0.00,0.00
503a2855-1837-445f-86e0-4fc1633c5beb,112386,abf23b33-9ed4-4317-8b5f-8ccde48ddde9,Homologação Self Elgin,2024-06-25,Encerrado,24887f2b-0a3f-4e8c-b699-fac9ebbea3a7,QA / Implantação,2,,,,0.00,0.0000,0.0000,0.6000,0.2000,162.94,2026-07-24 17:06:27.597938+00,2026-07-25 14:26:00.868754+00,1,0.00,0.00,0.00
50512d15-c1a6-44b2-a503-c52d20dcaa1c,84616,4a26fcf1-9bab-48eb-86b9-999e64310cd2,Gravação do Codigo da Oferta,2022-02-14,Concluido,4f873c3e-7e48-434a-8f65-02f3b0582863,,,Bonificado,,2022-03-04,4.00,0.0000,1.0000,0.6000,0.2000,162.94,2026-07-24 17:06:27.597938+00,2026-07-25 14:26:00.868754+00,1,1173.17,1173.17,0.00
50a3b7f0-f311-421c-8b06-86e4fc5b65e9,112670,61714421-ac80-47e3-a190-f40fb8efd17b,Paineis geral por componente,2024-07-02,Em Analise,7a0a249c-9cd5-4c74-8f79-91925439d261,Visual Store,2,Suporte,,,0.00,0.0000,0.0000,0.6000,0.2000,162.94,2026-07-24 17:06:28.173943+00,2026-07-25 14:26:00.868754+00,1,0.00,0.00,0.00
50c25792-5687-4f57-bee2-5d0d15281066,80982,4a26fcf1-9bab-48eb-86b9-999e64310cd2,Integração SAP Time & Material de 14/06 a 11/07/22,2022-10-21,Concluido,24887f2b-0a3f-4e8c-b699-fac9ebbea3a7,,,Aprovado,2022-07-14,2022-08-24,0.00,0.0000,0.0000,0.6000,0.2000,162.94,2026-07-24 17:06:27.597938+00,2026-07-25 14:26:00.868754+00,1,0.00,0.00,0.00
51237839-0a96-493d-9978-38d1ea277545,94851,aebbcea0-4af1-424f-8951-f3941e6cc793,Aplicar as mesma regras do Tipo Entrega para Retira,2023-01-11,Encerrado,b5f82498-f4af-427d-995d-77f6e9116056,AV,2,,,,0.00,0.0000,0.0000,0.6000,0.2000,162.94,2026-07-24 17:06:27.597938+00,2026-07-25 14:26:00.868754+00,1,0.00,0.00,0.00
5151f40f-8e70-408a-abe9-add2402cadd0,22076,88627d86-ab81-4fb7-904e-5fd914fc4b7a,Margem Liquida PII,2026-05-25,Concluido,24887f2b-0a3f-4e8c-b699-fac9ebbea3a7,Gestão,2,Aprovado,2026-05-27,2026-06-08,0.00,0.0000,0.0000,0.6000,0.2000,162.94,2026-07-24 17:06:28.173943+00,2026-07-25 14:26:00.868754+00,1,7169.36,0.00,7169.36
51567a71-00c8-4832-abf2-11abe8f7e54e,96931,20e510ba-1c96-4519-bd31-5ff87bcb61e2,Campanhas Selos 2023,2023-03-20,Concluido,24887f2b-0a3f-4e8c-b699-fac9ebbea3a7,,,Aprovado,2023-03-22,2023-03-24,198.00,0.2000,0.0967,0.6000,0.3200,152.88,2026-07-24 17:06:27.597938+00,2026-07-25 14:26:00.868754+00,1,69740.64,6740.64,63000.00
51815487-34bb-427f-a7ee-5c49eb6e9a0f,114781,bca31377-9c12-4604-9992-bb0098808459,Aumento Markup Ifoods,2024-08-26,Encerrado,4f873c3e-7e48-434a-8f65-02f3b0582863,Integração,2,,,,0.00,0.0000,0.0000,0.6000,0.2000,162.94,2026-07-24 17:06:28.173943+00,2026-07-25 14:26:00.868754+00,1,0.00,0.00,0.00
51c4e5af-d12c-41ec-a16c-610f1ea43702,111090,80fdd68a-1536-41e7-a7c6-29444ed91d18,"Decreto - Aviso de identificação de cliente em compras de R$ 2.000,00",2024-05-24,Encerrado,,PDV,1,,,,0.00,0.0000,0.1827,0.6000,0.2000,152.94,2026-07-24 17:06:27.597938+00,2026-07-25 14:26:00.868754+00,1,12235.20,2235.20,10000.00
52471792-8069-4d52-a55f-292f4ee7e591,15057,649bf5d4-1dc6-46b7-afea-e2e3ebb12630,Implantação Scanntech Peruzzo,2026-03-04,Encerrado,24887f2b-0a3f-4e8c-b699-fac9ebbea3a7,Implantação,3,,,,0.00,0.0000,0.0000,0.6000,0.2000,162.94,2026-07-24 17:06:28.173943+00,2026-07-25 14:26:00.868754+00,1,0.00,0.00,0.00
527b4ceb-1d47-4acd-8981-2a8339daeca7,13312,eedf6198-b134-4d0a-9acb-9fec23f95f90,Troca CRM - Bnex,2025-09-04,Concluido,24887f2b-0a3f-4e8c-b699-fac9ebbea3a7,Implantação,2,Aprovado,2025-09-24,2025-10-03,0.00,0.0000,0.0000,0.6000,0.2000,162.94,2026-07-24 17:06:28.173943+00,2026-07-25 14:26:00.868754+00,1,13035.20,0.00,13035.20
53091730-4cfb-4a3f-b035-b3ec965ebbe8,101688,80fdd68a-1536-41e7-a7c6-29444ed91d18,Campo Codigo Kit,2023-08-14,Concluido,b5f82498-f4af-427d-995d-77f6e9116056,PDV / Integração,Simples,Aprovado,2024-07-04,2024-07-08,16.00,0.2000,0.1827,0.6875,0.3750,154.48,2026-07-24 17:06:27.597938+00,2026-07-25 14:26:00.868754+00,1,6117.60,1117.60,5000.00
534fdc78-04d6-4c36-879e-a37e0363bbc6,114438,80fdd68a-1536-41e7-a7c6-29444ed91d18,Self resturante,2024-08-16,Concluido,24887f2b-0a3f-4e8c-b699-fac9ebbea3a7,"PDV ",3,Suporte,,,0.00,0.0000,0.0000,0.6000,0.2000,162.94,2026-07-24 17:06:28.173943+00,2026-07-25 14:26:00.868754+00,1,0.00,0.00,0.00
53a48b0f-3a81-4d66-960b-b291eabb116e,7857,88627d86-ab81-4fb7-904e-5fd914fc4b7a,Consiste Central Performance,2025-05-05,Concluido,24887f2b-0a3f-4e8c-b699-fac9ebbea3a7,Gestão,3,Aprovado,2025-05-07,2025-05-08,0.00,0.0000,0.0000,0.6000,0.2000,162.94,2026-07-24 17:06:28.173943+00,2026-07-25 14:26:00.868754+00,1,19552.80,0.00,19552.80
54059cd3-fc53-43a5-9f14-65a87148f1bf,99656,b371113f-0789-40f1-9cb3-8cdd1fd32ac9,Alteração de Parametro lista de Preço,2023-06-06,Encerrado,,,,,,,0.00,0.0000,0.0000,0.6000,0.2000,162.94,2026-07-24 17:06:27.597938+00,2026-07-25 14:26:00.868754+00,1,0.00,0.00,0.00
540761c4-c251-4564-ba7c-184014444073,85508,44900930-9abb-42ec-977e-076034299a13,Identificação Funcionario Self,2022-03-10,Concluido,4f873c3e-7e48-434a-8f65-02f3b0582863,,,Recusada,2022-03-22,,20.00,0.1000,0.0000,0.6000,0.2000,162.94,2026-07-24 17:06:27.597938+00,2026-07-25 14:26:00.868754+00,1,6452.42,0.00,0.00
5407db04-df75-4734-88c2-cf95e82a2bec,87733,d6661814-260f-4b92-9b0d-d619007208d2,Proposta migração do servidor convenio,2022-05-26,Concluido,24887f2b-0a3f-4e8c-b699-fac9ebbea3a7,,,Aprovado,2022-06-22,2022-06-22,0.00,0.0000,0.0000,0.6000,0.2000,162.94,2026-07-24 17:06:27.597938+00,2026-07-25 14:26:00.868754+00,1,0.00,0.00,0.00
54366d38-052a-4a61-8f67-9aa3c87f0b51,86978,229d045a-7db0-446c-8af0-7efea4522eaa,Migração Oracle 11c para 19c,2022-04-27,Concluido,24887f2b-0a3f-4e8c-b699-fac9ebbea3a7,,,Aprovado,2022-04-27,2022-05-17,32.00,0.0000,0.0000,0.6000,0.2000,162.94,2026-07-24 17:06:27.597938+00,2026-07-25 14:26:00.868754+00,1,5214.08,0.00,5214.08
54404494-9833-4f0b-b8de-457d5e8c72ff,21686,4f9970fc-7e10-4350-8cdb-03c2c57cad8b,Projeto - 5% de desconto,2026-03-19,Concluido,24887f2b-0a3f-4e8c-b699-fac9ebbea3a7,Inovação / PDV,3,Equipe Exclusiva,,,0.00,0.0000,0.0000,0.6000,0.2000,162.94,2026-07-24 17:06:28.173943+00,2026-07-25 14:26:00.868754+00,1,0.00,0.00,0.00
545a318a-d5cc-49c2-8215-9f04e49ca779,111171,4f9970fc-7e10-4350-8cdb-03c2c57cad8b,Cancelamento Pic Pay,2024-05-27,Concluido,,,,Release,,,0.00,0.0000,0.0000,0.6000,0.2000,162.94,2026-07-24 17:06:27.597938+00,2026-07-25 14:26:00.868754+00,1,0.00,0.00,0.00
54ca53d7-1777-4baf-b38f-097bd7f7d37e,24313,923e43a8-d718-46bc-b174-5ddab0ef6da2,Emissao de Nf cupom para clientes de outro estado,2026-05-20,A Iniciar,4f873c3e-7e48-434a-8f65-02f3b0582863,,,,,,0.00,0.0000,0.0000,0.6000,0.2000,162.94,2026-07-24 17:06:28.173943+00,2026-07-25 14:26:00.868754+00,1,0.00,0.00,0.00
5584be06-c40c-41b7-9479-eaa2c6ebcb22,87733,d6661814-260f-4b92-9b0d-d619007208d2,Migração de Servidor Convenio Homologação,2022-05-26,Concluido,24887f2b-0a3f-4e8c-b699-fac9ebbea3a7,,,Aprovado,2022-06-22,2022-06-22,0.00,0.0000,0.0000,0.6000,0.2000,162.94,2026-07-24 17:06:27.597938+00,2026-07-25 14:26:00.868754+00,1,0.00,0.00,0.00
55b7d446-f6ff-4b92-8d55-d5592ebf350a,99152,44900930-9abb-42ec-977e-076034299a13,Implantação da importação de produtos Alterado,2023-05-22,Concluido,b5f82498-f4af-427d-995d-77f6e9116056,,,Release,2023-08-14,,40.00,0.2000,0.0000,0.6000,0.3200,152.94,2026-07-24 17:06:27.597938+00,2026-07-25 14:26:00.868754+00,1,14094.95,0.00,14094.95
55ecc1c9-1838-433f-9f74-a877e3431e71,119082,51ce6e23-0266-459c-9e2c-c55e1626ac85,Proposta Equipe dedicada,2024-12-23,Concluido,24887f2b-0a3f-4e8c-b699-fac9ebbea3a7,TODOS,3,Aprovado,2025-01-07,2025-01-08,0.00,0.0000,0.0000,0.6000,0.2000,162.94,2026-07-24 17:06:28.173943+00,2026-07-25 14:26:00.868754+00,1,402000.00,0.00,402000.00
56390429-15f4-405b-8dc9-859d272a9fa1,86849,44900930-9abb-42ec-977e-076034299a13,Processo de Sangria nas Lojas - recicladora,2022-04-22,Concluido,b5f82498-f4af-427d-995d-77f6e9116056,,,Aprovado,2022-05-23,2022-05-26,21.00,0.2000,0.1000,0.6000,0.2000,162.94,2026-07-24 17:06:27.597938+00,2026-07-25 14:26:00.868754+00,1,7390.96,739.10,6651.86
5646baf7-b217-41f7-86d7-8e8fd3259b1e,11992,e674311e-9e6c-452c-b7f8-8b90acb0927e,Implantação PDV Mobile,2025-08-07,Em Analise,24887f2b-0a3f-4e8c-b699-fac9ebbea3a7,TODOS,,Enviado,2025-10-14,,0.00,0.0000,0.0000,0.6000,0.2000,162.94,2026-07-24 17:06:28.173943+00,2026-07-25 14:26:00.868754+00,1,0.00,0.00,13035.20
56dbe870-bad8-47da-baa3-56e3d02d17a2,5018,f8a59749-e052-458a-afc4-d7e7f228ddbe,Ativação de oferta via App,2025-02-28,Concluido,4f873c3e-7e48-434a-8f65-02f3b0582863,"PDV / Inovação ",4,Aprovado,2025-05-08,2025-05-12,178.00,0.0000,0.1000,0.6000,0.2000,162.94,2026-07-24 17:06:28.173943+00,2026-07-25 14:26:00.868754+00,1,67131.28,6713.13,60418.15
570ebf1c-4b90-465d-b6fe-a6145ac0216b,112354,07ef7533-9281-4b78-bee4-6b35bdc48e39,Servidor de Homologação,2024-06-25,Encerrado,,Integração / Implantação,4,,,,0.00,0.2000,0.0000,0.6000,0.2000,162.94,2026-07-24 17:06:27.597938+00,2026-07-25 14:26:00.868754+00,1,0.00,0.00,0.00
578a2c00-a1d0-4f62-a9ad-85c25b2f092f,78999,44900930-9abb-42ec-977e-076034299a13,App Mobile - Cartão Compra,2021-08-25,Concluido,7cf7d560-8945-44d0-8aa9-f57e5e40bee7,,,Recusada,,,24.00,0.2000,0.0000,0.6000,0.2000,162.94,2026-07-24 17:06:27.597938+00,2026-07-25 14:26:00.868754+00,1,9385.34,0.00,0.00
57985026-9023-4eeb-8bcd-41090e246da6,11852,d6661814-260f-4b92-9b0d-d619007208d2,Inauguração Loja 25 - Votorantim,2025-08-05,Concluido,24887f2b-0a3f-4e8c-b699-fac9ebbea3a7,Implantação,2,Aprovado,2025-10-24,2025-11-25,0.00,0.0000,0.0000,0.6000,0.2000,162.94,2026-07-24 17:06:28.173943+00,2026-07-25 14:26:00.868754+00,1,15642.24,0.00,15642.24
58916bc0-c6aa-4b08-8fea-221fcc308dc1,10771,e674311e-9e6c-452c-b7f8-8b90acb0927e,Projeto Cartão Private Label,2025-07-11,Concluido,4f873c3e-7e48-434a-8f65-02f3b0582863,Inovação/PDV/ VS,3,Aprovado,2025-08-01,2025-09-02,0.00,0.0000,0.1233,0.6000,0.2000,162.94,2026-07-24 17:06:28.173943+00,2026-07-25 14:26:00.868754+00,1,6843.48,843.46,6000.00
5895cc0a-b7e8-43a3-937c-120d738acf0b,83491,80fdd68a-1536-41e7-a7c6-29444ed91d18,"Customização Estatistica ",2022-01-05,Concluido,7cf7d560-8945-44d0-8aa9-f57e5e40bee7,,,Bonificado,,2022-03-07,24.00,0.2000,1.0000,0.6000,0.2000,162.94,2026-07-24 17:06:27.597938+00,2026-07-25 01:10:14.700544+00,1,,,
58b08723-2afc-498e-85d1-0d7852c65078,103070,4a26fcf1-9bab-48eb-86b9-999e64310cd2,Bloqueio cartões alimentação,2023-09-26,Concluido,4f873c3e-7e48-434a-8f65-02f3b0582863,PDV,Simples,Release,,,0.00,0.0000,0.0000,0.6000,0.2000,162.94,2026-07-24 17:06:27.597938+00,2026-07-25 14:26:00.868754+00,1,0.00,0.00,0.00
58bb5172-842d-4da6-b69c-f35db7c40dc1,114684,1906d458-3c21-4f23-9720-ab05b01fb3f6,Projeto Self,2024-08-22,Encerrado,24887f2b-0a3f-4e8c-b699-fac9ebbea3a7,Implantação,3,,,,0.00,0.0000,0.0000,0.6000,0.2000,162.94,2026-07-24 17:06:28.173943+00,2026-07-25 14:26:00.868754+00,1,0.00,0.00,0.00
594ac569-d565-4a44-91aa-874a127e05cb,7871,e756e4b3-4648-459d-b4b3-2618bb041a71,Elaboração DAVT,2025-05-05,Novo Cliente,24887f2b-0a3f-4e8c-b699-fac9ebbea3a7,Todos,0,Aprovado,,,0.00,0.0000,0.0000,0.6000,0.2000,162.94,2026-07-24 17:06:28.173943+00,2026-07-25 14:26:00.868754+00,1,0.00,0.00,0.00
595c49a6-e209-48bb-ac3a-558ca8d97cf0,86841,610af016-3cf6-49a0-8ebd-c84cffce3f47,Novo layout do certificado de garantia estendida,2022-02-18,Concluido,b5f82498-f4af-427d-995d-77f6e9116056,,,Aprovado,2022-06-01,,13.00,0.2000,0.0000,0.6000,0.2000,144.63,2026-07-24 17:06:27.597938+00,2026-07-25 14:26:00.868754+00,1,4061.12,0.00,
595dc831-fa84-48cc-97a8-ddbe8d101b2f,97993,923e43a8-d718-46bc-b174-5ddab0ef6da2,Data Atualização de preço,2023-04-17,Concluido,4f873c3e-7e48-434a-8f65-02f3b0582863,,,Bonificado,2023-09-12,2023-11-30,20.00,0.0000,1.0000,0.6000,0.3200,152.94,2026-07-24 17:06:27.597938+00,2026-07-25 14:26:00.868754+00,1,6117.60,6117.60,
597930ff-42c1-43e6-b55b-46f1eaf10822,113709,44900930-9abb-42ec-977e-076034299a13,Senha Forte,2024-07-30,Concluido,b5f82498-f4af-427d-995d-77f6e9116056,VisualStore,2,Enviado,2025-01-08,,93.00,0.0000,0.0000,0.6000,0.2000,162.94,2026-07-24 17:06:28.173943+00,2026-07-25 14:26:00.868754+00,1,0.00,0.00,0.00
5a1f37d2-a401-49a4-8d87-e26c6d34543f,83618,4a26fcf1-9bab-48eb-86b9-999e64310cd2,Ofertas Simples,2022-01-10,Concluido,7cf7d560-8945-44d0-8aa9-f57e5e40bee7,,,Aprovado,2022-01-20,2022-03-01,18.00,0.2000,0.0000,0.6667,0.2000,143.89,2026-07-24 17:06:27.597938+00,2026-07-25 14:26:00.868754+00,1,5801.60,0.00,5801.60
5a2ad528-5d8d-4875-85b5-80c979b91b10,94786,aebbcea0-4af1-424f-8951-f3941e6cc793,Cálculo de ruptura do estoque,2023-01-10,Encerrado,b5f82498-f4af-427d-995d-77f6e9116056,,,,,,0.00,0.0000,0.0000,0.6000,0.2000,162.94,2026-07-24 17:06:27.597938+00,2026-07-25 14:26:00.868754+00,1,0.00,0.00,0.00
5a9cca42-f49b-4761-b80b-5675ad8e8a1a,116814,20e510ba-1c96-4519-bd31-5ff87bcb61e2,Estacionamento WPS pela placa,2024-10-21,Encerrado,24887f2b-0a3f-4e8c-b699-fac9ebbea3a7,Integração / PDV,2,Enviado,2024-12-18,,28.00,0.2000,0.0000,0.6000,0.3200,152.94,2026-07-24 17:06:28.173943+00,2026-07-25 14:26:00.868754+00,1,9788.16,0.00,9788.16
5ab22750-02a9-4afb-80cc-4e5647d01b0e,11015,4f9970fc-7e10-4350-8cdb-03c2c57cad8b,Melhoria em tela do VS,2025-07-17,Em Analise,,Visual Store,2,,,,0.00,0.0000,0.0000,0.6000,0.2000,162.94,2026-07-24 17:06:28.173943+00,2026-07-25 14:26:00.868754+00,1,0.00,0.00,0.00
5ad2cbe4-524a-42da-8409-0274b17f166e,95823,20e510ba-1c96-4519-bd31-5ff87bcb61e2,Relatorio Dinamico critica PDV,2023-02-10,Concluido,4f873c3e-7e48-434a-8f65-02f3b0582863,,,Aprovado,2024-01-21,2024-01-22,10.00,0.2000,0.0000,0.6000,0.3200,159.31,2026-07-24 17:06:27.597938+00,2026-07-25 14:26:00.868754+00,1,3670.56,0.00,3670.56
5ae46747-6323-4799-8331-a2a54a341393,97745,4a26fcf1-9bab-48eb-86b9-999e64310cd2,Implementação preço oferta de/por na tela de Consulta,2023-04-10,Concluido,24887f2b-0a3f-4e8c-b699-fac9ebbea3a7,,,Suporte,,,0.00,0.0000,0.0000,0.6000,0.2000,162.94,2026-07-24 17:06:27.597938+00,2026-07-25 14:26:00.868754+00,1,0.00,0.00,0.00
5b7ec3f1-875d-49bf-8028-618777ccba68,109751,80f9054a-4b42-4362-b04e-47852bd387ab,Modificação AV,2024-04-10,Concluido,b5f82498-f4af-427d-995d-77f6e9116056,,,Aprovado,2024-04-19,2024-04-19,18.00,0.2000,0.0000,0.6000,0.3200,154.64,2026-07-24 17:06:27.597938+00,2026-07-25 14:26:00.868754+00,1,6117.60,0.00,6117.60
5bdcb1d3-4f90-463a-b4ea-d7e8d5a700d6,92605,d6661814-260f-4b92-9b0d-d619007208d2,Melhoria na Emissão de Cartões,2022-11-03,Concluido,b5f82498-f4af-427d-995d-77f6e9116056,,,Encerrado,2022-12-07,,16.00,0.2000,0.0000,0.6000,0.2000,162.94,2026-07-24 17:06:27.597938+00,2026-07-25 14:26:00.868754+00,1,5631.21,0.00,5631.21
5c0e8c01-ca5e-412c-8502-20e93508cd41,13824,44900930-9abb-42ec-977e-076034299a13,Pergunta única,2025-09-17,Encerrado,4f873c3e-7e48-434a-8f65-02f3b0582863,PDV,2,,,,0.00,0.0000,0.0000,0.6000,0.2000,162.94,2026-07-24 17:06:28.173943+00,2026-07-25 14:26:00.868754+00,1,0.00,0.00,0.00
5c145792-db86-42e0-82a0-c93bf80d4691,512,649bf5d4-1dc6-46b7-afea-e2e3ebb12630,Projeto Promos Shopper,2024-10-24,Aguard. Analise Desen.,b5f82498-f4af-427d-995d-77f6e9116056,"Integração ",3,,,,0.00,0.0000,0.0000,0.6000,0.2000,159.31,2026-07-24 17:06:27.597938+00,2026-07-25 14:26:00.868754+00,1,13458.72,0.00,0.00
5d16f75c-e739-43b0-90a2-1a05f45fbc06,24130,d6661814-260f-4b92-9b0d-d619007208d2,Cadastro de Aceleradores,2026-05-15,Concluido,4f873c3e-7e48-434a-8f65-02f3b0582863,PDV / VS,3,,,,0.00,0.0000,0.0000,0.6000,0.2000,162.94,2026-07-24 17:06:28.173943+00,2026-07-25 14:26:00.868754+00,1,0.00,0.00,0.00
5da74cdb-3439-476c-a289-d6027b6f6cda,90791,4a26fcf1-9bab-48eb-86b9-999e64310cd2,Cartão conteudo nos Self's,2022-09-06,Concluido,24887f2b-0a3f-4e8c-b699-fac9ebbea3a7,,,Cancelado,2022-11-08,,0.00,0.0000,0.0000,0.6000,0.2000,162.94,2026-07-24 17:06:27.597938+00,2026-07-25 14:26:00.868754+00,1,0.00,0.00,0.00
5dd2b58b-1660-4c27-a59b-165c4f4b3bc8,112263,037e23fd-1363-4635-8ef6-a73329228c53,Integração Vmix X Ifoods,2024-06-24,Encerrado,24887f2b-0a3f-4e8c-b699-fac9ebbea3a7,Implatação /Integração,2,Enviado,2024-07-03,,0.00,0.0000,0.0000,0.6000,0.2000,152.94,2026-07-24 17:06:27.597938+00,2026-07-25 14:26:00.868754+00,1,6117.60,0.00,6117.60
5e3afb9a-372d-474c-9502-b0345916ef6f,89092,44900930-9abb-42ec-977e-076034299a13,Integração Cresce Vendas,2022-07-12,Concluido,b5f82498-f4af-427d-995d-77f6e9116056,,,Aprovado,2023-01-09,2023-01-26,94.00,0.2000,0.0000,0.6064,0.2021,145.04,2026-07-24 17:06:27.597938+00,2026-07-25 14:26:00.868754+00,1,29588.16,0.00,29588.16
5e5f148b-0e39-4b6d-a13d-b07506ef9b49,87498,610af016-3cf6-49a0-8ebd-c84cffce3f47,Adicionar melhorias no Cadastro de Planos,2022-05-16,Concluido,b5f82498-f4af-427d-995d-77f6e9116056,,,Aprovado,2022-07-16,2022-08-02,50.00,0.2000,0.0500,0.6000,0.2000,162.94,2026-07-24 17:06:27.597938+00,2026-07-25 14:26:00.868754+00,1,20334.91,1016.75,19318.17
5e6a3b69-58dd-494c-9efe-5b97d1f49e5a,81793,4a26fcf1-9bab-48eb-86b9-999e64310cd2,Integração Codigo Kit,2021-11-16,Concluido,24887f2b-0a3f-4e8c-b699-fac9ebbea3a7,,,Bonificado,,2022-03-08,4.00,0.0000,1.0000,0.6000,0.2000,162.94,2026-07-24 17:06:27.597938+00,2026-07-25 14:26:00.868754+00,1,1173.17,1173.17,0.00
5e86c9c2-2955-47c1-8e38-22b7394b9242,9743,88627d86-ab81-4fb7-904e-5fd914fc4b7a,Processo de ordenação na estatistica central,2025-06-17,Concluido,24887f2b-0a3f-4e8c-b699-fac9ebbea3a7,Gestão,2,Aprovado,2025-06-18,2025-06-23,0.00,0.0000,0.0000,0.6000,0.2000,162.94,2026-07-24 17:06:28.173943+00,2026-07-25 14:26:00.868754+00,1,1955.28,0.00,1955.28
5e988018-cce5-4cbd-9c15-f7903da57483,16028,d6661814-260f-4b92-9b0d-d619007208d2,Proposta recurso implantação,2025-11-06,Concluido,24887f2b-0a3f-4e8c-b699-fac9ebbea3a7,Implantação,,Aprovado,2025-11-10,2025-11-19,0.00,0.0000,0.1671,0.6000,0.2000,162.94,2026-07-24 17:06:28.173943+00,2026-07-25 14:26:00.868754+00,1,11405.80,1905.80,9500.00
5ecd4f7f-fcb9-448f-97fc-5fdf9022eb64,101965,838b766f-5f18-4a79-8202-208d7960fdb6,Download e envio de xml,2023-08-23,Encerrado,b5f82498-f4af-427d-995d-77f6e9116056,Visual Store / Autorizador,2,,,,0.00,0.0000,0.0000,0.6000,0.2000,162.94,2026-07-24 17:06:27.597938+00,2026-07-25 14:26:00.868754+00,1,0.00,0.00,0.00
5f4c28f7-c2ad-47e1-8b67-02ebd05345b6,100155,b371113f-0789-40f1-9cb3-8cdd1fd32ac9,Botoes Chama fila,2023-06-21,Encerrado,b5f82498-f4af-427d-995d-77f6e9116056,,,,,,12.00,0.0000,0.0000,0.6000,0.3200,152.94,2026-07-24 17:06:27.597938+00,2026-07-25 14:26:00.868754+00,1,3670.56,0.00,3670.56
5f514211-77f3-4ec2-bc00-d07bbb5903bf,83816,44900930-9abb-42ec-977e-076034299a13,Mudança no processo de Leitura,2022-01-18,Concluido,194fbfe5-4b40-4fc1-92a5-7b5d3f536f83,,,Aprovado,2022-05-09,2022-05-09,60.00,0.2000,0.1000,0.6000,0.2000,162.94,2026-07-24 17:06:27.597938+00,2026-07-25 14:26:00.868754+00,1,21117.02,2111.70,19005.32
600e365a-48a0-47e1-8826-251fcae47889,6749,bca31377-9c12-4604-9992-bb0098808459,Autorizador NFc'e São Paulo,2025-04-07,Concluido,24887f2b-0a3f-4e8c-b699-fac9ebbea3a7,,,Aprovado,2025-07-13,2026-01-12,44.45,0.0000,0.0000,0.6000,0.2000,162.94,2026-07-24 17:06:28.173943+00,2026-07-25 01:33:32.419548+00,1,,,
602ac61e-6251-45cc-b2f1-710b5d7f91ca,98711,037e23fd-1363-4635-8ef6-a73329228c53,Clube Peralta (Desconto autorizados via CresceVendas),2023-05-08,Encerrado,b5f82498-f4af-427d-995d-77f6e9116056,PDV,2,Enviado,2023-07-21,,48.00,0.0000,0.0000,0.6000,0.3542,152.94,2026-07-24 17:06:27.597938+00,2026-07-25 14:26:00.868754+00,1,14345.77,0.00,14345.77
60a723fb-d9a4-45a0-8279-95b158133f0e,108281,4a26fcf1-9bab-48eb-86b9-999e64310cd2,Elemento no SubTotal,2024-02-22,Concluido,4f873c3e-7e48-434a-8f65-02f3b0582863,PDV / Victor / Integração,2,Aprovado,2024-09-11,2024-10-04,88.00,0.1500,0.1250,0.6000,0.3200,152.94,2026-07-24 17:06:27.597938+00,2026-07-25 14:26:00.868754+00,1,29716.85,3714.61,26000.00
60bc8f8a-0972-494d-ac51-7e57a5dc6a10,87812,aebbcea0-4af1-424f-8951-f3941e6cc793,Melhoria no processo de Industrialização,2022-05-30,Concluido,24887f2b-0a3f-4e8c-b699-fac9ebbea3a7,,,Aprovado,2022-06-06,2022-06-07,15.00,0.2000,0.1000,0.6000,0.2000,154.71,2026-07-24 17:06:27.597938+00,2026-07-25 14:26:00.868754+00,1,5012.48,501.25,4511.23
60ec3316-a5c4-45bf-b8cf-a07ffea8133f,8507,71cee9f5-ea90-400d-b385-56ff6611535a,Descontio Acumulativos,2025-05-19,A Iniciar,4f873c3e-7e48-434a-8f65-02f3b0582863,"PDV / VS ",2,,,,10.00,0.2000,0.0000,0.6000,0.2000,162.94,2026-07-24 17:06:28.173943+00,2026-07-24 23:50:09.68023+00,1,,,
60f820e2-955d-4723-a17d-344259ed17b7,94994,b371113f-0789-40f1-9cb3-8cdd1fd32ac9,Alteração na rotina de geração der preço promoção,2023-01-16,Concluido,b5f82498-f4af-427d-995d-77f6e9116056,,,Aprovado,2023-10-09,2023-10-11,21.00,0.2000,0.1081,0.6000,0.3200,152.94,2026-07-24 17:06:27.597938+00,2026-07-25 14:26:00.868754+00,1,7399.85,799.85,6600.00
6112cdcf-ba07-48f4-8b81-474229cea0c6,4665,20e510ba-1c96-4519-bd31-5ff87bcb61e2,Cafeteria Palazzo Festval Castelinho,2025-02-20,Encerrado,24887f2b-0a3f-4e8c-b699-fac9ebbea3a7,Visual Kitchen,,,,,0.00,0.0000,0.0000,0.6000,0.2000,162.94,2026-07-24 17:06:28.173943+00,2026-07-25 14:26:00.868754+00,1,0.00,0.00,0.00
6118f28c-2b54-450d-8fcb-1f7893eec379,106949,4f9970fc-7e10-4350-8cdb-03c2c57cad8b,Validar 1º compra,2024-01-08,Em Analise,4f873c3e-7e48-434a-8f65-02f3b0582863,,,Equipe Exclusiva,,,48.00,0.2000,0.0000,0.6000,0.3200,152.94,2026-07-24 17:06:27.597938+00,2026-07-25 14:26:00.868754+00,1,17129.28,0.00,17129.28
6155effd-204f-4305-9722-b24a9026c0e3,5011,20e510ba-1c96-4519-bd31-5ff87bcb61e2,Integração Catraca Laurent,2025-02-28,Encerrado,b5f82498-f4af-427d-995d-77f6e9116056,Inovação,,,,,0.00,0.0000,0.0000,0.6000,0.2000,162.94,2026-07-24 17:06:28.173943+00,2026-07-25 14:26:00.868754+00,1,0.00,0.00,0.00
61a51859-5ea2-454d-a0b9-162c1f98fee0,90126,b371113f-0789-40f1-9cb3-8cdd1fd32ac9,Integração CRM Esfera,2022-08-17,Concluido,24887f2b-0a3f-4e8c-b699-fac9ebbea3a7,,,Bonificado,,2022-03-15,72.00,0.2000,0.0000,0.6000,0.2000,162.94,2026-07-24 17:06:27.597938+00,2026-07-25 14:26:00.868754+00,1,25340.43,0.00,25340.43
61b40629-1f1c-477a-aa95-2b9aedcc7119,95131,96f36366-04b6-47a3-8545-91e84d426059,Atualização Pin Block,2023-01-19,Concluido,24887f2b-0a3f-4e8c-b699-fac9ebbea3a7,,,Aprovado,2023-02-08,2023-03-20,0.00,0.0000,0.0000,0.6000,0.2000,152.94,2026-07-24 17:06:27.597938+00,2026-07-25 14:26:00.868754+00,1,6117.60,0.00,6117.60
6217aede-41cf-4491-bf6a-1af1647ed096,96811,4f9970fc-7e10-4350-8cdb-03c2c57cad8b,Proposta Comercial Ifoods,2023-03-15,Concluido,24887f2b-0a3f-4e8c-b699-fac9ebbea3a7,,,Aprovado,2023-03-20,2023-05-16,120.00,0.0000,0.0000,0.6000,0.2000,162.94,2026-07-24 17:06:27.597938+00,2026-07-25 14:26:00.868754+00,1,18352.80,0.00,18352.80
625bc482-ea70-4583-bbb1-682cd02adbd1,107633,20e510ba-1c96-4519-bd31-5ff87bcb61e2,Restruturação do Cupom de desconto,2024-01-30,Encerrado,,Visual Store,2,,,,0.00,0.0000,0.0000,0.6000,0.2000,162.94,2026-07-24 17:06:27.597938+00,2026-07-25 14:26:00.868754+00,1,0.00,0.00,0.00
6274bf1e-af53-48f0-aadc-ebef08e5c367,112996,80f9054a-4b42-4362-b04e-47852bd387ab,Ajuste casadinha,2024-07-11,Encerrado,,Visual Store / PDV,2,,,,0.00,0.0000,0.0000,0.6000,0.2000,162.94,2026-07-24 17:06:28.173943+00,2026-07-25 14:26:00.868754+00,1,0.00,0.00,0.00
62aa2d39-4f1c-4786-82f7-a6c0d317ed44,8970,25f4942f-e06e-4c50-ad7b-84ff92dfb62b,Envio dos meios de pagamento (Bnex e propz),2025-05-30,Concluido,b5f82498-f4af-427d-995d-77f6e9116056,Integração / PDV,3,Enviado,2026-02-20,,56.00,0.2000,0.0700,0.6000,0.2000,162.94,2026-07-24 17:06:28.173943+00,2026-07-25 14:26:00.868754+00,1,0.00,0.00,0.00
62b74cb1-7475-4816-8f76-ae8259c526e8,6753,3636c0c9-fdae-439b-b2d4-9714d0e7ef66,Elaboração DAVT,2025-04-07,Novo Cliente,24887f2b-0a3f-4e8c-b699-fac9ebbea3a7,TODOS,,Aprovado,,,0.00,0.0000,0.0000,0.6000,0.2000,162.94,2026-07-24 17:06:28.173943+00,2026-07-25 14:26:00.868754+00,1,0.00,0.00,0.00
6367c5a3-a4ac-4486-85f6-b8634206f525,119456,610af016-3cf6-49a0-8ebd-c84cffce3f47,Projeto reconhecimentoi facial,2024-01-06,Encerrado,b5f82498-f4af-427d-995d-77f6e9116056,AV,3,,,,0.00,0.0000,0.0000,0.6000,0.2000,162.94,2026-07-24 17:06:28.173943+00,2026-07-25 14:26:00.868754+00,1,0.00,0.00,0.00
6396af25-6446-40ef-b61e-e1096f70c1ba,87135,d6661814-260f-4b92-9b0d-d619007208d2,Relatorio Vale Troca,2022-05-02,Concluido,7cf7d560-8945-44d0-8aa9-f57e5e40bee7,,,Aprovado,2022-06-28,2022-06-28,16.00,0.2000,0.0500,0.6000,0.2000,162.94,2026-07-24 17:06:27.597938+00,2026-07-25 14:26:00.868754+00,1,5631.21,281.56,5349.65
64a71c9c-b614-45f2-b5f3-e101f9208a05,103373,265b48f6-1d24-4dd6-a22e-a5f9eab7546a,Implantação Nota de Serviço,2023-10-03,Encerrado,,,,,,,0.00,0.0000,0.0000,0.6000,0.2000,162.94,2026-07-24 17:06:27.597938+00,2026-07-25 14:26:00.868754+00,1,0.00,0.00,0.00
64aa429d-9e52-4c6a-9d84-3d08d2aaee8f,99891,eedf6198-b134-4d0a-9acb-9fec23f95f90,Implantação Cupom Verde,2023-06-14,BackLog,,Integração / PDV,2,,,,24.00,0.2000,0.0000,0.6000,0.2000,162.94,2026-07-24 17:06:28.173943+00,2026-07-25 14:26:00.868754+00,1,0.00,0.00,0.00
64b578d4-f3e2-454f-a2c3-b671d05b719a,90506,88627d86-ab81-4fb7-904e-5fd914fc4b7a,Integração ConSico,2022-08-29,Concluido,24887f2b-0a3f-4e8c-b699-fac9ebbea3a7,,,Bonificado,2022-09-05,,40.00,0.0000,1.0000,0.6000,0.2000,162.94,2026-07-24 17:06:27.597938+00,2026-07-25 14:26:00.868754+00,1,11731.68,11731.68,
64b63ba4-ee5b-420a-ac57-a3b16a1ed862,82509,fd257c9b-88cb-46bc-959c-6cf6a0c84e98,Integração Cliente Izio,2021-12-03,Concluido,b5f82498-f4af-427d-995d-77f6e9116056,,,Cancelado,2022-10-20,,70.00,0.2000,0.0000,0.6000,0.2000,162.94,2026-07-24 17:06:27.597938+00,2026-07-25 14:26:00.868754+00,1,24636.53,0.00,24636.53
64b6fe74-6e78-4d21-bf94-505408aa8530,110872,20e510ba-1c96-4519-bd31-5ff87bcb61e2,Integração Etiqueta Eletronica Pricefy,2024-05-17,Encerrado,4f873c3e-7e48-434a-8f65-02f3b0582863,Integração,4,Enviado,2024-08-19,,132.00,0.2000,0.1500,0.6000,0.3200,152.94,2026-07-24 17:06:27.597938+00,2026-07-25 14:26:00.868754+00,1,46513.34,6977.00,39536.34
64e3966f-b777-437c-80ed-42cfceb940ad,6850,d6661814-260f-4b92-9b0d-d619007208d2,"Campanha,. Raspou, Achou, ganhou",2025-04-09,Concluido,24887f2b-0a3f-4e8c-b699-fac9ebbea3a7,Integração,2,Aprovado,2025-04-17,2025-04-25,16.00,0.2000,0.0000,0.6000,0.2000,162.94,2026-07-24 17:06:28.173943+00,2026-07-25 14:26:00.868754+00,1,13361.08,0.00,13361.08
64f89cd4-758c-4da9-87ab-5eb61cce68bf,19645,20e510ba-1c96-4519-bd31-5ff87bcb61e2,"Resgate de pedido ",2026-01-30,Concluido,4f873c3e-7e48-434a-8f65-02f3b0582863,integração,4,Aprovado,2026-03-20,2026-04-21,64.00,0.2000,0.1650,0.6000,0.3200,162.94,2026-07-24 17:06:28.173943+00,2026-07-24 17:06:28.173943+00,1,,,
650c86d3-8e27-4d43-ae32-bf8c1efeaf79,91956,44900930-9abb-42ec-977e-076034299a13,Interface ConSinco termo de falta,2022-10-11,Concluido,b5f82498-f4af-427d-995d-77f6e9116056,,,Aprovado,2022-11-29,2022-12-09,20.00,0.2000,0.0000,0.6000,0.2000,162.94,2026-07-24 17:06:27.597938+00,2026-07-25 14:26:00.868754+00,1,7039.01,0.00,7039.01
6545a65d-364f-4ba6-b799-0ee81a90b2c3,16311,aebbcea0-4af1-424f-8951-f3941e6cc793,Consulta atualizada de preço,2025-11-12,Em Analise,b5f82498-f4af-427d-995d-77f6e9116056,AV,,,,,0.00,0.0000,0.0000,0.6000,0.2000,162.94,2026-07-24 17:06:28.173943+00,2026-07-25 14:26:00.868754+00,1,0.00,0.00,0.00
65688acc-b37d-471d-9f62-5667013528ae,113757,7f63efab-ea62-4df5-8339-5875ae9b2732,Projetos Selos,2024-07-31,Encerrado,,PDV / Integração,3,,,,0.00,0.0000,0.0000,0.6000,0.2000,162.94,2026-07-24 17:06:27.597938+00,2026-07-25 14:26:00.868754+00,1,0.00,0.00,0.00
65ea000c-932f-48b9-8fcf-8b2ff2453dc5,8523,20e510ba-1c96-4519-bd31-5ff87bcb61e2,Melhoria Painel restaurante,2025-05-19,Encerrado,4f873c3e-7e48-434a-8f65-02f3b0582863,Inovação,,,,,0.00,0.0000,0.0000,0.6000,0.2000,162.94,2026-07-24 17:06:28.173943+00,2026-07-25 14:26:00.868754+00,1,0.00,0.00,0.00
66077d83-e79f-4c62-b098-cd6980a57553,13929,44900930-9abb-42ec-977e-076034299a13,Proposta Equipe dedicada,2025-09-19,Concluido,24887f2b-0a3f-4e8c-b699-fac9ebbea3a7,Todos,4,Enviado,2025-09-22,,0.00,0.0000,0.0000,0.6000,0.2000,162.94,2026-07-24 17:06:28.173943+00,2026-07-25 14:26:00.868754+00,1,159600.00,0.00,20188.08
6690577c-a946-4340-b272-b5aacbea85d3,5581,d6661814-260f-4b92-9b0d-d619007208d2,Exibir o desconto do Cartão + Amigo,2025-03-12,Encerrado,4f873c3e-7e48-434a-8f65-02f3b0582863,PDV,2,,,,0.00,0.0000,0.0000,0.6000,0.2000,162.94,2026-07-24 17:06:28.173943+00,2026-07-25 14:26:00.868754+00,1,0.00,0.00,0.00
6700a2b1-a77a-4814-a069-f42fce23c792,85002,f8a59749-e052-458a-afc4-d7e7f228ddbe,"Integração do projeto UsePay
",2022-02-22,Concluido,24887f2b-0a3f-4e8c-b699-fac9ebbea3a7,,,Cancelado,,,50.00,0.2000,0.0000,0.6000,0.2000,162.94,2026-07-24 17:06:27.597938+00,2026-07-24 17:06:27.597938+00,1,,,
676217a5-2068-4142-a413-f8dafe746e7b,84128,923e43a8-d718-46bc-b174-5ddab0ef6da2,Casadinha X Cuponagem,2021-01-31,Concluido,4f873c3e-7e48-434a-8f65-02f3b0582863,,,Aprovado,2022-08-05,2022-07-08,20.00,0.1000,0.0000,0.6000,0.2000,162.94,2026-07-24 17:06:27.597938+00,2026-07-25 14:26:00.868754+00,1,6452.42,0.00,6452.42
67966ff8-24be-4888-82c0-e021339568b4,88130,1eb06208-9d1f-43e1-9c68-623d4751ad3d,Implantação Ifoods,2022-06-08,Concluido,24887f2b-0a3f-4e8c-b699-fac9ebbea3a7,,,Aprovado,2022-06-14,2022-06-16,0.00,0.0000,0.0000,0.6000,0.2000,162.94,2026-07-24 17:06:27.597938+00,2026-07-25 14:26:00.868754+00,1,10000.00,0.00,10000.00
685e89ab-f761-4a33-8d38-0c3b282019e7,21336,649bf5d4-1dc6-46b7-afea-e2e3ebb12630,Implantação Scanntech Sonda,2026-03-04,Em Analise,24887f2b-0a3f-4e8c-b699-fac9ebbea3a7,Implantação,3,,,,0.00,0.0000,0.0000,0.6000,0.2000,162.94,2026-07-24 17:06:28.173943+00,2026-07-25 14:26:00.868754+00,1,0.00,0.00,0.00
688b2bc4-5106-4d5f-bded-0cac51308b00,114291,d6661814-260f-4b92-9b0d-d619007208d2,Campanha Festival de Premio,2024-08-13,Encerrado,4f873c3e-7e48-434a-8f65-02f3b0582863,PDV / Integração / Vm_pay,3,,,,120.00,0.2000,0.0000,0.6000,0.3200,152.94,2026-07-24 17:06:28.173943+00,2026-07-25 14:26:00.868754+00,1,42284.85,0.00,42284.85
68b73fb9-430e-4921-be51-b16fe5d4eb20,89724,229d045a-7db0-446c-8af0-7efea4522eaa,Implantação Pix saque / Troco,2022-08-04,Concluido,24887f2b-0a3f-4e8c-b699-fac9ebbea3a7,,,Aprovado,2022-09-09,2022-10-11,0.00,0.0000,0.0000,0.6000,0.2000,162.94,2026-07-24 17:06:27.597938+00,2026-07-25 14:26:00.868754+00,1,0.00,0.00,0.00
6915c023-bc78-476a-818b-8d0047945342,18692,4a048ab2-42ef-42b2-a30d-597ab6c4c84d,Melhoria sistema de garçom,2026-01-09,Em Analise,24887f2b-0a3f-4e8c-b699-fac9ebbea3a7,Inovação / PDV,3,,,,0.00,0.0000,0.0000,0.6000,0.2000,162.94,2026-07-24 17:06:28.173943+00,2026-07-25 14:26:00.868754+00,1,0.00,0.00,0.00
692ff157-c5aa-4902-a9d2-ddf008196526,84162,6a00b6df-bc61-4335-8976-3e39e064aff5,Parametro de Posicionamento,2022-01-31,Concluido,4f873c3e-7e48-434a-8f65-02f3b0582863,,,Bonificado,2022-03-09,,16.00,0.0000,1.0000,0.6000,0.2000,162.94,2026-07-24 17:06:27.597938+00,2026-07-25 14:26:00.868754+00,1,4692.67,4692.67,0.00
697b8ba3-0a8a-41ed-bdb9-f0e41cf2c5b3,3797,efd952ed-7c24-43cf-b565-2c4f1fa3c8c5,Integração Tecnick,2025-02-07,Em Analise,b5f82498-f4af-427d-995d-77f6e9116056,PDV / Integração,2,,,,0.00,0.0000,0.0000,0.6000,0.2000,191.18,2026-07-24 17:06:27.597938+00,2026-07-25 14:26:00.868754+00,1,6117.60,0.00,0.00
69829b55-59a8-47b6-be11-b4f577773399,107233,80f9054a-4b42-4362-b04e-47852bd387ab,Recarga com Bin especifico,2024-01-17,Encerrado,,PDV / Visual Store,2,,,,0.00,0.0000,0.0000,0.6000,0.2000,162.94,2026-07-24 17:06:27.597938+00,2026-07-25 14:26:00.868754+00,1,0.00,0.00,0.00
69b591c5-c6cc-4c96-a6d0-4da4b8a73352,99886,96f36366-04b6-47a3-8545-91e84d426059,Integração com Delivery,2023-06-14,Concluido,4f873c3e-7e48-434a-8f65-02f3b0582863,,,Aprovado,2023-08-17,2023-08-25,20.00,0.2000,0.0000,0.6500,0.3300,152.94,2026-07-24 17:06:27.597938+00,2026-07-25 14:26:00.868754+00,1,7267.71,0.00,7267.71
6ab720bb-697b-4005-8317-f5fb5398470c,89326,80f9054a-4b42-4362-b04e-47852bd387ab,Campo Adicional Visual KITCHEN,2022-07-21,Concluido,4f873c3e-7e48-434a-8f65-02f3b0582863,,,Bonificado,2022-08-15,2022-08-17,6.00,0.2000,1.0000,0.6000,0.2000,162.94,2026-07-24 17:06:27.597938+00,2026-07-25 14:26:00.868754+00,1,2111.70,2111.70,0.00
6b089e60-8fa9-4764-b6a3-19d0cce1ebb3,11088,d6661814-260f-4b92-9b0d-d619007208d2,Loja 27- Inauguração Loja Pedreira,2025-07-18,Concluido,24887f2b-0a3f-4e8c-b699-fac9ebbea3a7,Implantação,2,Aprovado,2025-07-23,2025-08-04,0.00,0.0000,0.0000,0.6000,0.2000,162.94,2026-07-24 17:06:28.173943+00,2026-07-25 14:26:00.868754+00,1,11731.68,0.00,11731.68
6b46b48e-2764-4c8c-bf5d-bab4feff10b7,5256,8290d590-bae6-4b00-ba08-db4dd0e46e51,Desconto Funcionário,2025-03-12,Concluido,24887f2b-0a3f-4e8c-b699-fac9ebbea3a7,Posto,2,Aprovado,2025-03-25,2025-03-25,0.00,0.0000,0.1500,0.6000,0.2000,162.94,2026-07-24 17:06:28.173943+00,2026-07-25 14:26:00.868754+00,1,6843.48,1026.52,5816.96
6b60b30f-cb1b-4a78-bfd7-524c898a65c7,489,fd257c9b-88cb-46bc-959c-6cf6a0c84e98,Cuponagem por CPF,2024-10-19,Concluido,b5f82498-f4af-427d-995d-77f6e9116056,Visual Store,2,Enviado,2026-06-18,,44.00,0.2000,0.1500,0.6000,0.2000,162.94,2026-07-24 17:06:27.597938+00,2026-07-25 14:26:00.868754+00,1,13765.17,0.00,13458.72
6bc51b66-2bc3-495c-b422-89f6be39e600,109417,418ed8e3-cad9-407c-ac64-872f59d269ca,Informações técnicas no banco de dados,2024-03-28,BackLog,,Visual Store,4,,,,0.00,0.0000,0.0000,0.6000,0.2000,162.94,2026-07-24 17:06:28.173943+00,2026-07-25 14:26:00.868754+00,1,0.00,0.00,0.00
6bdbacc4-611d-4a15-b59f-281112e8fe61,3798,88627d86-ab81-4fb7-904e-5fd914fc4b7a,"Tela de manutenção para inclusão de produtos referencia ",2025-02-07,Concluido,24887f2b-0a3f-4e8c-b699-fac9ebbea3a7,Gestão,2,Aprovado,2025-02-14,2025-02-17,28.00,0.0000,0.0000,0.0000,0.0000,162.94,2026-07-24 17:06:28.173943+00,2026-07-25 14:32:39.892677+00,1,,,
6be1c104-5199-4c13-91f7-0c7952d0dc7a,110732,4f9970fc-7e10-4350-8cdb-03c2c57cad8b,Alteração de cadastro de Cliente,2024-05-13,Concluido,4f873c3e-7e48-434a-8f65-02f3b0582863,,,Equipe Exclusiva,,,40.00,0.0500,0.0000,0.6000,0.3200,152.94,2026-07-24 17:06:27.597938+00,2026-07-25 14:26:00.868754+00,1,12333.08,0.00,12333.08
6c01677e-afd0-4194-b97f-559f1e96c31e,85476,7f63efab-ea62-4df5-8339-5875ae9b2732,Sinalizador  Self,2022-10-20,Concluido,24887f2b-0a3f-4e8c-b699-fac9ebbea3a7,,,Cancelado,2022-03-21,,24.00,0.2000,0.0000,0.6000,0.2000,162.94,2026-07-24 17:06:27.597938+00,2026-07-25 14:26:00.868754+00,1,8446.81,0.00,8446.81
6c3474f0-fe63-4160-81e5-ed607e355753,3670,9042f3f3-814d-4e9d-be59-6efbb4b827fb,Projeto NFC'e,2026-07-24,Concluido,24887f2b-0a3f-4e8c-b699-fac9ebbea3a7,Integração / Implantação,3,Aprovado,2025-07-21,2025-08-07,0.00,0.0000,0.0000,0.6000,0.2000,162.94,2026-07-24 17:06:28.173943+00,2026-07-25 14:26:00.868754+00,1,13035.20,0.00,13035.20
6ca707f6-0058-41c2-aaa9-66940457cecf,95,80f9054a-4b42-4362-b04e-47852bd387ab,Som Self,2022-11-21,Concluido,4f873c3e-7e48-434a-8f65-02f3b0582863,,,Bonificado,2023-01-16,2023-02-08,8.00,0.2000,1.0000,0.6000,0.2000,159.31,2026-07-24 17:06:27.597938+00,2026-07-25 14:26:00.868754+00,1,2752.92,6.00,0.00
6cead2f0-cbc9-456f-946d-1c2538fec998,5398,44900930-9abb-42ec-977e-076034299a13,Implantação do sistema de pesquisa de satisfação no PDV,2025-03-10,Encerrado,4f873c3e-7e48-434a-8f65-02f3b0582863,Inovação,,,,,0.00,0.0000,0.0000,0.6000,0.2000,162.94,2026-07-24 17:06:28.173943+00,2026-07-25 14:26:00.868754+00,1,0.00,0.00,0.00
6d11bdaf-40bf-4fa5-afc2-6c16766103b6,113523,80f9054a-4b42-4362-b04e-47852bd387ab,Projeto Cupom Verde,2024-07-24,Concluido,24887f2b-0a3f-4e8c-b699-fac9ebbea3a7,PDV / Integração,3,Bonificado,2024-12-13,,0.00,0.0000,0.0000,0.6000,0.2000,152.94,2026-07-24 17:06:27.597938+00,2026-07-25 14:26:00.868754+00,1,12235.20,0.00,12235.20
6d158867-d24a-40a3-ae8a-8380585654c7,87696,bca31377-9c12-4604-9992-bb0098808459,Proposta Implantação do PIX,2022-05-25,Concluido,24887f2b-0a3f-4e8c-b699-fac9ebbea3a7,,,Aprovado,2022-05-26,2022-05-26,0.00,0.0000,0.0000,0.6000,0.2000,162.94,2026-07-24 17:06:27.597938+00,2026-07-25 14:26:00.868754+00,1,0.00,0.00,0.00
6d1b4feb-6f8c-4a8c-a000-78d95b3daa20,89309,610af016-3cf6-49a0-8ebd-c84cffce3f47,Mudança de preço na alterção de Pedido no APP,2022-07-21,Encerrado,b5f82498-f4af-427d-995d-77f6e9116056,,,Enviado,2023-09-04,,26.00,0.2000,0.0000,0.6000,0.2000,162.94,2026-07-24 17:06:27.597938+00,2026-07-25 14:26:00.868754+00,1,10402.09,0.00,10402.09
6dcb1cbb-287a-4b5e-8345-b1610bc89f24,100138,d6661814-260f-4b92-9b0d-d619007208d2,Selos F-Founders,2023-06-21,Concluido,24887f2b-0a3f-4e8c-b699-fac9ebbea3a7,,,Encerrado,2023-06-29,,0.00,0.0000,0.0000,0.6000,0.2000,152.94,2026-07-24 17:06:27.597938+00,2026-07-25 14:26:00.868754+00,1,22023.36,0.00,22023.36
6e03aae1-005c-4f47-9d8d-b3ddcfd33ac4,104792,96f36366-04b6-47a3-8545-91e84d426059,CRM  - Consulta / Pré-cadastro,2023-10-30,Encerrado,24887f2b-0a3f-4e8c-b699-fac9ebbea3a7,,,Enviado,2023-10-31,,40.00,0.4000,0.0000,0.6000,0.4000,152.94,2026-07-24 17:06:27.597938+00,2026-07-25 14:26:00.868754+00,1,17129.28,0.00,17129.28
6e125865-cb7a-421a-ae9c-b629732652f7,115137,d6661814-260f-4b92-9b0d-d619007208d2,PDV Tocuh Custom - Implementação duas telas,2024-09-04,Encerrado,4f873c3e-7e48-434a-8f65-02f3b0582863,PDV / Inovação,4,,,,0.00,0.0000,0.0000,0.6000,0.2000,162.94,2026-07-24 17:06:28.173943+00,2026-07-25 14:26:00.868754+00,1,0.00,0.00,0.00
6e4c9d7c-cb1f-4edd-83be-371391396414,12874,610af016-3cf6-49a0-8ebd-c84cffce3f47,Bilhete garantia estendida,2025-08-28,A Iniciar,,AV,2,,,,0.00,0.0000,0.0000,0.6000,0.2000,162.94,2026-07-24 17:06:28.173943+00,2026-07-25 14:26:00.868754+00,1,0.00,0.00,0.00
6eb1a96a-1bc7-4f59-99f0-da9f4de71f55,94765,1906d458-3c21-4f23-9720-ab05b01fb3f6,Campo parcela no pagamento Convênio,2023-01-10,Concluido,b5f82498-f4af-427d-995d-77f6e9116056,,,Bonificado,2023-02-02,2023-03-06,22.00,0.2000,1.0000,0.6000,0.2000,162.94,2026-07-24 17:06:27.597938+00,2026-07-25 14:26:00.868754+00,1,7821.12,7821.12,0.00
6ee80859-a779-4379-9faf-c77ff70dd166,115695,229d045a-7db0-446c-8af0-7efea4522eaa,Desconto Funcionario,2024-09-20,Concluido,4f873c3e-7e48-434a-8f65-02f3b0582863,PDV,3,Aprovado,2024-12-26,2025-01-09,24.00,0.2000,0.1827,0.6000,0.3200,152.94,2026-07-24 17:06:28.173943+00,2026-07-25 14:26:00.868754+00,1,8564.64,1564.64,7000.00
6eef0052-b5a9-443f-ad50-0687c54ee1c6,86286,8e92fca3-e9fb-43f4-b2f2-f1764c842d74,Integração Instabuy,2022-04-05,Concluido,b5f82498-f4af-427d-995d-77f6e9116056,,,Cancelado,2022-04-25,,80.00,0.2000,0.3000,0.6000,0.2000,145.21,2026-07-24 17:06:27.597938+00,2026-07-25 14:26:00.868754+00,1,25091.92,7527.58,17564.34
6f122916-e8fe-4e86-88ca-29a360d9d901,14131,1c3dd165-ab53-4a03-a1bd-c6f56e2856e5,Cobrança PIX,2025-09-24,Em Analise,,Inovação,2,,,,0.00,0.0000,0.0000,0.6000,0.2000,162.94,2026-07-24 17:06:28.173943+00,2026-07-25 14:26:00.868754+00,1,0.00,0.00,0.00
6fd53fc4-dabc-4ad8-b25d-720e66e7c9f4,93757,7f63efab-ea62-4df5-8339-5875ae9b2732,Desconto após a meia noite,2022-12-09,Concluido,24887f2b-0a3f-4e8c-b699-fac9ebbea3a7,,,Aprovado,2022-12-20,2022-12-21,48.00,0.0000,0.0000,0.6000,0.2000,162.94,2026-07-24 17:06:27.597938+00,2026-07-25 14:26:00.868754+00,1,6961.92,0.00,6961.92
704c8f02-5d1f-4667-9f76-cc41a6f25f78,9490,44900930-9abb-42ec-977e-076034299a13,Homologar operação 2 telas,2025-06-11,Concluido,4f873c3e-7e48-434a-8f65-02f3b0582863,PDV,4,Equipe Exclusiva,,,0.00,0.0000,0.0000,0.6000,0.2000,162.94,2026-07-24 17:06:28.173943+00,2026-07-25 14:26:00.868754+00,1,0.00,0.00,0.00
70624ed5-2f7b-42e5-89e9-7ef03b52f721,361,610af016-3cf6-49a0-8ebd-c84cffce3f47,Acrescentar nome social nos serviço de SPD,2024-08-21,Encerrado,b5f82498-f4af-427d-995d-77f6e9116056,AV,1,,,,0.00,0.0000,0.0000,0.6000,0.2000,162.94,2026-07-24 17:06:27.597938+00,2026-07-25 14:26:00.868754+00,1,35683.86,0.00,35683.86
706a7b02-4247-42b2-b001-11a44e69c9e2,110510,bddc3eea-c4b9-4010-a353-481fb50e5f99,Entrada CPF Mercafacil no Self,2024-05-06,Encerrado,,PDV,1,,,,0.00,0.0000,0.0000,0.6000,0.2000,162.94,2026-07-24 17:06:27.597938+00,2026-07-25 14:26:00.868754+00,1,0.00,0.00,0.00
70eeed2a-5ad5-4233-8fd9-e21491c09139,89156,5b9bfa00-02d7-46d5-94fe-d28dc784281a,Equipe Exclusiva,2022-07-14,Concluido,24887f2b-0a3f-4e8c-b699-fac9ebbea3a7,,,Cancelado,,,0.00,0.0000,0.0000,0.6000,0.2000,162.94,2026-07-24 17:06:27.597938+00,2026-07-25 14:26:00.868754+00,1,30400.00,0.00,30400.00
71f8020f-cdb1-4c43-8576-13db959a3942,102482,923e43a8-d718-46bc-b174-5ddab0ef6da2,"Rateio de desconto em itens promocionais  ",2023-09-11,Reunião Tecnica,b5f82498-f4af-427d-995d-77f6e9116056,PDV / Integração / AV,2,,,,0.00,0.0000,0.0000,0.6000,0.2000,162.94,2026-07-24 17:06:28.173943+00,2026-07-24 17:06:28.173943+00,1,,,
7204efa7-0189-474c-b455-44c43dae4c68,19332,3636c0c9-fdae-439b-b2d4-9714d0e7ef66,Integração Inserder,2026-01-27,Encerrado,24887f2b-0a3f-4e8c-b699-fac9ebbea3a7,Integração,3,Enviado,2026-02-20,,50.00,0.2000,0.0000,0.6000,0.3200,162.94,2026-07-24 17:06:28.173943+00,2026-07-25 14:26:00.868754+00,1,18770.69,0.00,18770.69
7213a3b4-55c0-40c4-bf69-5b7f78068ab2,102195,f8a59749-e052-458a-afc4-d7e7f228ddbe,Implementação CDC,2023-09-01,Encerrado,4f873c3e-7e48-434a-8f65-02f3b0582863,,,,,,0.00,0.0000,0.0000,0.6000,0.2000,162.94,2026-07-24 17:06:27.597938+00,2026-07-25 14:26:00.868754+00,1,0.00,0.00,0.00
727677a9-a639-47d6-996f-70b9ad64cd5d,104923,4f9970fc-7e10-4350-8cdb-03c2c57cad8b,Tela Touch,2023-11-03,Em Analise,4f873c3e-7e48-434a-8f65-02f3b0582863,,,Equipe Exclusiva,,,40.00,0.2000,0.0000,0.6000,0.2000,162.94,2026-07-24 17:06:27.597938+00,2026-07-25 14:26:00.868754+00,1,17618.69,0.00,17618.69
72a8f82c-67b7-4b9b-8e95-948a8b71b361,5980,d6661814-260f-4b92-9b0d-d619007208d2,Integração Ifoods,2025-03-20,Concluido,b5f82498-f4af-427d-995d-77f6e9116056,Inovação,3,Aprovado,2025-06-06,2025-06-10,64.00,0.2000,0.0000,0.6000,0.3200,162.44,2026-07-24 17:06:28.173943+00,2026-07-25 14:26:00.868754+00,1,23952.16,0.00,23952.16
72bfd348-3430-42e9-a107-b44bf45b4b17,138,9042f3f3-814d-4e9d-be59-6efbb4b827fb,Autorizador Cheque,2024-01-30,Encerrado,,Vm_pay / PDV,1,,,,0.00,0.0000,0.0000,0.6000,0.2000,162.94,2026-07-24 17:06:27.597938+00,2026-07-25 14:26:00.868754+00,1,0.00,0.00,0.00
72cb3cce-f634-4b5e-8472-32c4df1e70fa,89947,610af016-3cf6-49a0-8ebd-c84cffce3f47,Conciliação PIX,2022-08-11,Concluido,b5f82498-f4af-427d-995d-77f6e9116056,,,Aprovado,2022-09-06,2022-09-06,12.00,0.2000,0.0000,0.6000,0.2000,162.94,2026-07-24 17:06:27.597938+00,2026-07-25 14:26:00.868754+00,1,4223.40,0.00,4223.40
7320d670-c6c6-40e3-9676-4a5dfc695da9,90833,44900930-9abb-42ec-977e-076034299a13,Melhoria na Função 477 no PDV,2022-09-08,Concluido,4f873c3e-7e48-434a-8f65-02f3b0582863,,,Aprovado,2022-11-03,2022-11-03,22.00,0.2000,0.0000,0.6000,0.2000,162.94,2026-07-24 17:06:27.597938+00,2026-07-25 14:26:00.868754+00,1,7742.91,0.00,7742.91
733a2883-1096-4d17-bcbc-76406cf23ade,7498,838b766f-5f18-4a79-8202-208d7960fdb6,Envio o cupom por e-mail,2023-03-13,Concluido,4f873c3e-7e48-434a-8f65-02f3b0582863,PDV / Integração,2,Enviado,2026-06-09,,488.00,0.0000,0.0000,0.6000,0.2000,162.94,2026-07-24 17:06:27.597938+00,2026-07-25 14:26:00.868754+00,1,121390.30,1598.36,9906.75
73a018da-e6bf-40ce-b544-2d09b13657e6,97116,80f9054a-4b42-4362-b04e-47852bd387ab,Desconto Clube,2023-03-23,Encerrado,4f873c3e-7e48-434a-8f65-02f3b0582863,,,Enviado,2023-08-14,,32.00,0.2000,0.1132,0.6000,0.3200,152.94,2026-07-24 17:06:27.597938+00,2026-07-25 14:26:00.868754+00,1,11275.96,1275.97,10000.00
740bbc68-74d5-4319-9864-7d5ec07cb392,95748,80f9054a-4b42-4362-b04e-47852bd387ab,Digitar Convenio,2023-02-08,Concluido,4f873c3e-7e48-434a-8f65-02f3b0582863,,,Release,,,0.00,0.0000,0.0000,0.6000,0.2000,162.94,2026-07-24 17:06:27.597938+00,2026-07-25 14:26:00.868754+00,1,0.00,0.00,0.00
74884cc7-7ba5-4b22-83cb-c9c598c8c379,20740,20e510ba-1c96-4519-bd31-5ff87bcb61e2,Integração do PDV Self com a catraca EVO,2026-02-26,Concluido,24887f2b-0a3f-4e8c-b699-fac9ebbea3a7,Inovação,3,Enviado,2026-06-30,,40.00,0.2000,0.1676,0.6000,0.3200,162.94,2026-07-24 17:06:28.173943+00,2026-07-25 14:26:00.868754+00,1,15016.55,2516.02,12500.53
74da029b-0c86-445d-8ce3-0579d19920a5,15095,efd952ed-7c24-43cf-b565-2c4f1fa3c8c5,Compra da Sorte,2025-10-16,Encerrado,24887f2b-0a3f-4e8c-b699-fac9ebbea3a7,PDV / implantação,,Enviado,2025-10-16,,16.00,0.2000,0.0000,0.6000,0.3200,162.94,2026-07-24 17:06:28.173943+00,2026-07-25 14:26:00.868754+00,1,6006.62,0.00,6006.62
7503414f-93f2-4ec4-a3d7-dd64f00a38ad,21862,062f29c0-68da-4e01-aaef-2e9441927201,"Implementar cadastro e altertação de Senha do Convêmnio ",2026-03-24,Em Analise,24887f2b-0a3f-4e8c-b699-fac9ebbea3a7,Inovação,3,,,,0.00,0.0000,0.0000,0.6000,0.2000,162.94,2026-07-24 17:06:28.173943+00,2026-07-24 17:06:28.173943+00,1,,,
7538cc6a-800a-4faa-bf1e-ee347066dfd2,116045,265b48f6-1d24-4dd6-a22e-a5f9eab7546a,Integração Rappi,2024-10-01,Encerrado,,Implantação,3,,,,0.00,0.0000,0.0000,0.6000,0.2000,162.94,2026-07-24 17:06:28.173943+00,2026-07-25 14:26:00.868754+00,1,0.00,0.00,0.00
75ea2899-9221-4ddc-9144-2fdf77c905fa,83385,d6661814-260f-4b92-9b0d-d619007208d2,Customização Aplicação Convenio,2022-01-03,Concluido,7cf7d560-8945-44d0-8aa9-f57e5e40bee7,,,Aprovado,2022-04-27,2022-05-04,34.00,0.2000,0.0000,0.6000,0.2000,144.17,2026-07-24 17:06:27.597938+00,2026-07-25 14:26:00.868754+00,1,10587.92,0.00,10587.92
7623999d-40f7-4f97-844e-1bc6073aec3c,10991,bb0e15fd-cf58-4db3-b926-63c4e5488af1,Integração Mercapromo,2025-07-16,Encerrado,24887f2b-0a3f-4e8c-b699-fac9ebbea3a7,Implantação,2,Enviado,2025-07-30,,0.00,0.0000,0.0000,0.6000,0.2000,162.94,2026-07-24 17:06:28.173943+00,2026-07-25 14:26:00.868754+00,1,0.00,0.00,0.00
7678a42f-f533-47e6-bd4f-684ac9385c50,110135,f8a59749-e052-458a-afc4-d7e7f228ddbe,Implementação MercaPromo,2024-06-06,Concluido,24887f2b-0a3f-4e8c-b699-fac9ebbea3a7,PDV/ Integração,Complexo,Aprovado,2024-07-08,2024-07-10,48.00,0.0000,0.0000,0.6000,0.2000,162.94,2026-07-24 17:06:27.597938+00,2026-07-25 14:26:00.868754+00,1,23246.88,0.00,23246.88
76fa784c-a40a-44de-8ec5-6d266d3145f9,81605,25fb280d-6272-4826-99de-32d918204dff,Participação do Jau Serve no painel de pesquisa Nielsen Scantrack,2022-11-10,Aguard. Retorno do Cliente,b5f82498-f4af-427d-995d-77f6e9116056,,,Cancelado,,,20.00,0.1000,0.0000,0.6000,0.2000,162.94,2026-07-24 17:06:27.597938+00,2026-07-25 14:26:00.868754+00,1,2867.74,0.00,2867.74
76ffa7e1-e4b0-48ee-a514-60b45f94de26,98660,d6661814-260f-4b92-9b0d-d619007208d2,Aumento de Niveis Mercadologico,2023-05-05,Encerrado,,Integração / VS / PDV,Exceção,,,,0.00,0.0000,0.0000,0.6000,0.2000,162.94,2026-07-24 17:06:27.597938+00,2026-07-25 14:26:00.868754+00,1,0.00,0.00,0.00
77322abe-c4d0-41f0-b3b2-0197ec6507ec,94678,418ed8e3-cad9-407c-ac64-872f59d269ca,Solução emissão de pedidos na lanchonete,2023-01-06,Concluido,24887f2b-0a3f-4e8c-b699-fac9ebbea3a7,,,Encerrado,2023-03-27,,100.00,0.2000,0.0000,0.6000,0.3200,152.94,2026-07-24 17:06:27.597938+00,2026-07-25 14:26:00.868754+00,1,18352.80,0.00,18352.80
776a5b3d-6bc0-4e78-ac6a-a8ed3e8d168c,138,db047eb4-c014-41d0-b052-78601e1977e1,Autorizador Cheque,2025-01-30,Concluido,b5f82498-f4af-427d-995d-77f6e9116056,Vm_Pay / PDV,3,Enviado,2025-05-26,,88.00,0.1000,0.0000,0.6000,0.2000,162.94,2026-07-24 17:06:27.597938+00,2026-07-25 14:26:00.868754+00,1,30306.84,0.00,1174.58
77998edd-cce5-4399-978f-1cc2bd156cf9,99359,fd257c9b-88cb-46bc-959c-6cf6a0c84e98,Recebimento em Cashback,2023-05-29,Encerrado,4f873c3e-7e48-434a-8f65-02f3b0582863,,,Enviado,2023-07-20,,20.00,0.2000,0.0000,0.6000,0.3200,152.94,2026-07-24 17:06:27.597938+00,2026-07-25 14:26:00.868754+00,1,7047.48,0.00,7047.48
77dac4df-17c4-4a34-a604-36e76841362f,103487,4a26fcf1-9bab-48eb-86b9-999e64310cd2,Apresentação de Oferta Simples,2023-10-04,Concluido,4f873c3e-7e48-434a-8f65-02f3b0582863,,,Aprovado,2024-02-16,2024-02-28,32.00,0.2000,0.0000,0.6000,0.2812,152.43,2026-07-24 17:06:27.597938+00,2026-07-25 14:26:00.868754+00,1,11011.68,0.00,11011.68
77eb926a-13ba-45c9-b7f3-5b8c7f20a94a,8012,56d9260f-27ea-41bd-87a6-7ed51ae6fe0f,Nova operação de venda,2025-05-08,Encerrado,,,,,,,0.00,0.0000,0.0000,0.6000,0.2000,162.94,2026-07-24 17:06:28.173943+00,2026-07-25 14:26:00.868754+00,1,0.00,0.00,0.00
78edfb44-b7c3-4e93-9cec-521985755692,102779,44900930-9abb-42ec-977e-076034299a13,Customização de relatorio,2023-09-18,Concluido,b5f82498-f4af-427d-995d-77f6e9116056,,,Cancelado,2023-11-08,,26.00,0.2000,0.0000,0.6000,0.3200,152.94,2026-07-24 17:06:27.597938+00,2026-07-25 14:26:00.868754+00,1,9161.72,0.00,9161.72
79161039-c356-48b6-bf9b-907e66e270e6,117583,20e510ba-1c96-4519-bd31-5ff87bcb61e2,Melhoria Integração,2024-11-12,Encerrado,,Visual Store,2,,,,0.00,0.0000,0.0000,0.6000,0.2000,162.94,2026-07-24 17:06:28.173943+00,2026-07-25 14:26:00.868754+00,1,0.00,0.00,0.00
79629c89-05bc-48d5-b0f7-3cd317fdbb04,101879,7f63efab-ea62-4df5-8339-5875ae9b2732,Acrescimo no DAV,2023-08-21,Em Analise,b5f82498-f4af-427d-995d-77f6e9116056,,,Encerrado,,,0.00,0.0000,0.0000,0.6000,0.2000,162.94,2026-07-24 17:06:27.597938+00,2026-07-25 14:26:00.868754+00,1,0.00,0.00,0.00
796d9d19-471b-4bf5-ace3-8b8963766105,99292,037e23fd-1363-4635-8ef6-a73329228c53,Recuperação de Cupom,2023-05-26,Encerrado,,,,,,,0.00,0.0000,0.0000,0.6000,0.2000,162.94,2026-07-24 17:06:27.597938+00,2026-07-25 14:26:00.868754+00,1,0.00,0.00,0.00
79940687-2ce9-4fe6-aeab-2f30a8093154,90467,838b766f-5f18-4a79-8202-208d7960fdb6,Loja Conceito,2022-08-27,Em Analise,24887f2b-0a3f-4e8c-b699-fac9ebbea3a7,PDV / Inovação,Exceção,,,,401.00,0.0000,0.0000,0.6000,0.2000,162.94,2026-07-24 17:06:28.173943+00,2026-07-25 14:26:00.868754+00,1,10949.57,0.00,30306.84
79ca47ac-cbf7-4d98-acf8-039a4f211561,90818,20e510ba-1c96-4519-bd31-5ff87bcb61e2,Integração pedidos Vtex,2022-09-07,Concluido,b5f82498-f4af-427d-995d-77f6e9116056,,,Aprovado,2022-10-06,2022-10-06,34.00,0.2000,0.0000,0.6000,0.2000,162.94,2026-07-24 17:06:27.597938+00,2026-07-25 14:26:00.868754+00,1,15798.66,0.00,15798.66
79dcd0e7-f71f-44f7-b03f-12742e18d21c,106373,adab66f2-f8b1-4e16-bb2e-6fda9fd05439,Atualização API Super Troco,2024-05-22,Concluido,24887f2b-0a3f-4e8c-b699-fac9ebbea3a7,,,Aprovado,2024-05-22,2024-05-22,0.00,0.0000,0.0000,0.6000,0.2000,152.94,2026-07-24 17:06:27.597938+00,2026-07-25 14:26:00.868754+00,1,9788.16,0.00,9788.16
7a4f351c-3867-4433-bfd4-9346a72e9228,123,2bbf9ee3-bc62-44fe-89b1-33c37d30b89b,Proposta de horas de serviço,2025-01-28,Concluido,24887f2b-0a3f-4e8c-b699-fac9ebbea3a7,Implantação,0,Aprovado,2025-01-28,2025-02-19,0.00,0.0000,0.0000,0.6000,0.2000,162.94,2026-07-24 17:06:28.173943+00,2026-07-25 14:26:00.868754+00,1,3910.56,0.00,3910.56
7a6b2e50-52e1-48d2-82bd-ca4ae7c54fc3,98300,56d9260f-27ea-41bd-87a6-7ed51ae6fe0f,Chama Fiscal,2023-04-27,Encerrado,24887f2b-0a3f-4e8c-b699-fac9ebbea3a7,PDV / Inovação,3,,,,70.00,0.2000,0.2000,0.6000,0.2000,162.94,2026-07-24 17:06:27.597938+00,2026-07-25 14:26:00.868754+00,1,15416.35,3083.27,12333.08
7a9ff221-9d4d-4606-8a4e-8977d76c219f,9276,ea230a9f-9fbb-4207-b87e-05154ea03587,Elaboração DAVT,2025-05-30,Encerrado,b5f82498-f4af-427d-995d-77f6e9116056,Ext-Crm,,,,,0.00,0.0000,0.0000,0.6000,0.2000,162.94,2026-07-24 17:06:28.173943+00,2026-07-25 14:26:00.868754+00,1,0.00,0.00,0.00
7aa016df-a32f-47e4-8ecd-fb4218108518,5681,739d315f-f6ea-4208-89d1-8641d98c958e,Elaboração DAVT,2025-03-14,Novo Cliente,24887f2b-0a3f-4e8c-b699-fac9ebbea3a7,Todos,4,Aprovado,,,0.00,0.0000,0.0000,0.6000,0.2000,162.94,2026-07-24 17:06:28.173943+00,2026-07-25 14:26:00.868754+00,1,0.00,0.00,0.00
7af85d69-3fab-4f3c-9d00-c10652f9d321,84282,20e510ba-1c96-4519-bd31-5ff87bcb61e2,Projeto Volte Sempre,2022-02-03,Concluido,b5f82498-f4af-427d-995d-77f6e9116056,,,Aprovado,2023-05-29,2023-08-08,102.00,0.2000,0.0000,0.6000,0.2000,162.94,2026-07-24 17:06:27.597938+00,2026-07-25 14:26:00.868754+00,1,33552.60,0.00,33552.60
7b2493c3-05f4-43d3-a3cf-a485594fb43d,15748,7715eec8-7dbd-45d8-b4da-228ac883230a,Projeto banco a banco,2025-10-29,Concluido,24887f2b-0a3f-4e8c-b699-fac9ebbea3a7,Implantação,4,Aprovado,2025-11-05,2025-11-14,0.00,0.0000,0.1000,0.6000,0.2000,162.94,2026-07-24 17:06:28.173943+00,2026-07-25 14:26:00.868754+00,1,40940.88,4094.09,36846.79
7b262b2a-3e14-4c1a-81f4-df92ceacce3f,12510,aebbcea0-4af1-424f-8951-f3941e6cc793,Alterações na calculadora do Visual,2025-08-20,Encerrado,b5f82498-f4af-427d-995d-77f6e9116056,AV,2,,,,0.00,0.0000,0.0000,0.6000,0.2000,162.94,2026-07-24 17:06:28.173943+00,2026-07-25 14:26:00.868754+00,1,0.00,0.00,0.00
7b71a15a-5844-4c71-bdb9-e51ae28a99a0,10321,88627d86-ab81-4fb7-904e-5fd914fc4b7a,Pesquiisa de produtos no clube,2025-07-02,Concluido,24887f2b-0a3f-4e8c-b699-fac9ebbea3a7,Gestão,3,Aprovado,2025-07-04,2025-07-04,0.00,0.0000,0.0000,0.6000,0.2000,162.94,2026-07-24 17:06:28.173943+00,2026-07-25 14:26:00.868754+00,1,3910.56,0.00,3910.56
7ba4a290-35fa-4f05-a8b2-4e3150fbe9e4,94443,923e43a8-d718-46bc-b174-5ddab0ef6da2,Identificação da bandeira de Cartão,2022-12-29,Concluido,4f873c3e-7e48-434a-8f65-02f3b0582863,,,Encerrado,,,0.00,0.0000,0.0000,0.6000,0.2000,162.94,2026-07-24 17:06:27.597938+00,2026-07-25 14:26:00.868754+00,1,0.00,0.00,0.00
7bbbb27d-abf1-42e1-aa9e-7b60e5ddf369,9486,59b23bbd-b4e7-4a76-adcd-3c5e881000b3,Aderência PDV's para NFC'e,2025-06-11,Encerrado,24887f2b-0a3f-4e8c-b699-fac9ebbea3a7,Implantação,3,,,,0.00,0.0000,0.0000,0.6000,0.2000,162.94,2026-07-24 17:06:28.173943+00,2026-07-25 14:26:00.868754+00,1,0.00,0.00,0.00
7bea4856-5067-4c0b-af16-f8aca9e46043,115869,80fdd68a-1536-41e7-a7c6-29444ed91d18,Intgeração Conferencia Caixa (SAP),2024-09-25,Encerrado,24887f2b-0a3f-4e8c-b699-fac9ebbea3a7,Tesouraria,3,,,,0.00,0.0000,0.0000,0.6000,0.2000,162.94,2026-07-24 17:06:28.173943+00,2026-07-25 14:26:00.868754+00,1,0.00,0.00,0.00
7bfad073-a7a1-404d-9e17-5af3b6d0173b,83492,80fdd68a-1536-41e7-a7c6-29444ed91d18,Customização PDV (Identificação Clube),2022-01-05,Concluido,7cf7d560-8945-44d0-8aa9-f57e5e40bee7,,,Bonificado,,2022-02-10,8.00,0.2000,1.0000,0.6000,0.2000,162.94,2026-07-24 17:06:27.597938+00,2026-07-25 14:26:00.868754+00,1,2815.60,2815.60,0.00
7c083da6-4573-42d4-9fc5-ae6032270202,123,d51ce605-178b-4ebc-bc93-ecfc19902639,Treinamento Equipe Swift,2026-02-05,Concluido,24887f2b-0a3f-4e8c-b699-fac9ebbea3a7,Implantação,2,Aprovado,2026-02-05,2026-03-04,40.00,0.0000,0.0027,0.0000,0.0000,162.94,2026-07-24 17:06:28.173943+00,2026-07-25 13:57:58.992696+00,1,,,
7c8fc98a-6881-4372-9063-37f2551ee51a,117460,4f9970fc-7e10-4350-8cdb-03c2c57cad8b,Projeto Sócio Swift,2024-11-08,Concluido,4f873c3e-7e48-434a-8f65-02f3b0582863,PDV / Integração,4,Aprovado,2025-01-28,2025-02-04,252.00,0.2000,0.0000,0.6000,0.3200,162.94,2026-07-24 17:06:28.173943+00,2026-07-25 14:26:00.868754+00,1,94831.08,0.00,94831.08
7cb6a6f9-e64a-48c3-8218-49c2ea6121d7,93977,44900930-9abb-42ec-977e-076034299a13,Correção no envio do carrinho,2023-12-16,Concluido,b5f82498-f4af-427d-995d-77f6e9116056,,,Bonificado,2023-04-11,2023-04-13,32.00,0.2000,1.0000,0.5938,0.3125,152.94,2026-07-24 17:06:27.597938+00,2026-07-25 14:26:00.868754+00,1,11011.68,11011.68,0.00
7d479d2b-04bc-4585-b984-756e248b52d8,85929,923e43a8-d718-46bc-b174-5ddab0ef6da2,Integração da Forma de Pagamento,2022-03-23,Concluido,24887f2b-0a3f-4e8c-b699-fac9ebbea3a7,,,Aprovado,2022-09-14,2022-09-16,10.00,0.2000,0.0000,0.6000,0.2000,162.94,2026-07-24 17:06:27.597938+00,2026-07-25 14:26:00.868754+00,1,3519.50,0.00,3519.50
7dfa58dd-3468-4720-9cfe-769c623c5e05,118219,61714421-ac80-47e3-a190-f40fb8efd17b,Controle de alcoolicos com reconhecimento facial,2024-11-29,Encerrado,4f873c3e-7e48-434a-8f65-02f3b0582863,,,,,,0.00,0.0000,0.0000,0.6000,0.2000,162.94,2026-07-24 17:06:28.173943+00,2026-07-25 14:26:00.868754+00,1,0.00,0.00,0.00
7e255345-bdc7-4a78-8584-f470470de8dc,12345,93fc1345-359d-49e5-a7d2-9531595842f0,Integração medição da SCGÁS,2023-11-01,Encerrado,24887f2b-0a3f-4e8c-b699-fac9ebbea3a7,,,Enviado,2023-11-08,,0.00,0.0000,0.0000,0.6000,0.2000,152.94,2026-07-24 17:06:27.597938+00,2026-07-25 14:26:00.868754+00,1,18352.80,0.00,18352.80
7e7f84e2-d244-472a-9c37-c91b348cd3f8,96707,bddc3eea-c4b9-4010-a353-481fb50e5f99,Entrega em Domicilio,2023-03-13,Encerrado,b5f82498-f4af-427d-995d-77f6e9116056,,,Enviado,2023-06-06,,24.00,0.1000,0.0000,0.6000,0.3200,152.94,2026-07-24 17:06:27.597938+00,2026-07-25 14:26:00.868754+00,1,7341.12,0.00,7341.12
7eda1e0e-9170-496a-addd-dbaf7ff1edfa,99174,20e510ba-1c96-4519-bd31-5ff87bcb61e2,Pré-Cadastro Sou FestVal,2023-05-23,Encerrado,b5f82498-f4af-427d-995d-77f6e9116056,,,,,,0.00,0.0000,0.0000,0.6000,0.2000,162.94,2026-07-24 17:06:27.597938+00,2026-07-25 14:26:00.868754+00,1,0.00,0.00,0.00
7f5d1fa1-543f-4c70-bf4a-c528ddcb6b16,106846,4f9970fc-7e10-4350-8cdb-03c2c57cad8b,Ajuste de xml de configuração,2024-01-03,BackLog,,PDV,2,,,,0.00,0.0000,0.0000,0.6000,0.2000,162.94,2026-07-24 17:06:28.173943+00,2026-07-25 14:26:00.868754+00,1,0.00,0.00,0.00
8000eaaf-3637-4862-b65c-7e4158ba41b9,106958,aebbcea0-4af1-424f-8951-f3941e6cc793,Livelo,2024-01-08,Encerrado,b5f82498-f4af-427d-995d-77f6e9116056,,,,,,0.00,0.0000,0.0000,0.6000,0.2000,162.94,2026-07-24 17:06:27.597938+00,2026-07-25 14:26:00.868754+00,1,0.00,0.00,0.00
800e31e3-98d7-4721-874a-0056ba7a1945,111426,ab01596f-cd83-4dc7-b76f-406168367461,Envio de informações de 5 Niveis,2024-06-03,BackLog,,Intgeração,1,Release,,,0.00,0.0000,0.0000,0.6000,0.2000,162.94,2026-07-24 17:06:27.597938+00,2026-07-25 14:26:00.868754+00,1,0.00,0.00,0.00
8087fd0f-f577-48f3-a446-2e6fcd0f3088,106373,96f36366-04b6-47a3-8545-91e84d426059,Implantação Super Troco,2023-12-18,Concluido,24887f2b-0a3f-4e8c-b699-fac9ebbea3a7,,,Aprovado,2023-12-21,2024-02-28,0.00,0.0000,0.0000,0.6000,0.2000,152.94,2026-07-24 17:06:27.597938+00,2026-07-25 14:26:00.868754+00,1,6117.60,0.00,6117.60
80fea028-dda6-4ed8-b204-150846d1eb33,13936,3550a88b-0640-4ae7-af3c-8746c60ff6b1,integração Vip Commerce,2025-09-19,Concluido,4f873c3e-7e48-434a-8f65-02f3b0582863,Inovação,3,Aprovado,2025-10-23,2025-11-04,0.00,0.0000,0.0000,0.6000,0.2000,162.94,2026-07-24 17:06:28.173943+00,2026-07-25 14:26:00.868754+00,1,6517.60,0.00,6517.60
8139da68-d429-42a9-a5cd-6c447fa05419,116811,879633fa-54eb-4eb7-b131-f35ced891fb3,Levantamento DAVT,2024-10-21,Encerrado,24887f2b-0a3f-4e8c-b699-fac9ebbea3a7,Todos,4,,,,0.00,0.0000,0.0000,0.6000,0.2000,162.94,2026-07-24 17:06:28.173943+00,2026-07-25 14:26:00.868754+00,1,0.00,0.00,0.00
8194c1ac-160f-4af1-8dab-9ba7f2772994,96190,d6661814-260f-4b92-9b0d-d619007208d2,Acompanhamento Conferencia pedido Vtex,2023-02-23,Concluido,24887f2b-0a3f-4e8c-b699-fac9ebbea3a7,,,Aprovado,2023-02-27,2023-02-27,0.00,0.0000,0.0846,0.6000,0.2000,152.94,2026-07-24 17:06:27.597938+00,2026-07-25 14:26:00.868754+00,1,6117.60,517.60,5600.00
81ad34d4-af73-47a8-8b7a-bdbff25b7ece,74058,4f9970fc-7e10-4350-8cdb-03c2c57cad8b,Equipe Exclusiva,2022-01-01,Concluido,24887f2b-0a3f-4e8c-b699-fac9ebbea3a7,,,Aprovado,,2022-03-04,0.00,0.0000,0.0000,0.6000,0.2000,162.94,2026-07-24 17:06:27.597938+00,2026-07-25 14:26:00.868754+00,1,304000.00,0.00,304000.00
81b54559-9c92-4926-a312-efc510d0d97e,320,ff641d36-0a44-4380-ba31-b5571c1a3074,Integração Instaleap,2024-07-31,Reunião Tecnica,b5f82498-f4af-427d-995d-77f6e9116056,PDV / Integração,3,,,,0.00,0.0000,0.0000,0.6000,0.2000,162.94,2026-07-24 17:06:27.597938+00,2026-07-25 14:26:00.868754+00,1,1174.58,0.00,14555.10
81c1e8d3-8d39-4358-8652-b0145c41e1b2,97812,923e43a8-d718-46bc-b174-5ddab0ef6da2,Migração Banco de dados,2023-04-12,Encerrado,24887f2b-0a3f-4e8c-b699-fac9ebbea3a7,,,,,,0.00,0.0000,0.0000,0.6000,0.2000,162.94,2026-07-24 17:06:27.597938+00,2026-07-25 14:26:00.868754+00,1,0.00,0.00,0.00
82123601-22c2-4530-9699-a622a24607c6,107835,f8a59749-e052-458a-afc4-d7e7f228ddbe,CPF/Token,2024-02-06,Encerrado,4f873c3e-7e48-434a-8f65-02f3b0582863,,,,,,28.00,0.2000,0.0000,0.6000,0.3200,152.94,2026-07-24 17:06:27.597938+00,2026-07-25 14:26:00.868754+00,1,9866.47,0.00,9866.47
82585a03-88d4-4408-99d0-be609ef0704d,110431,610af016-3cf6-49a0-8ebd-c84cffce3f47,Substituição Motor de Credito Serasa,2024-05-03,Concluido,b5f82498-f4af-427d-995d-77f6e9116056,AV,4,Aprovado,2024-09-03,2024-09-12,64.00,0.2000,0.0000,0.6000,0.3200,153.05,2026-07-24 17:06:27.597938+00,2026-07-25 14:26:00.868754+00,1,24929.22,0.00,24929.22
829e4f94-3f46-4426-996e-bfaaf88f622c,114160,e700bcb5-cae5-4a06-8776-73bacaa767e3,Implantação integração Ifoods,2024-08-22,Concluido,24887f2b-0a3f-4e8c-b699-fac9ebbea3a7,Implantação,2,Aprovado,2024-08-22,2024-09-09,0.00,0.0000,0.0000,0.6000,0.2000,162.94,2026-07-24 17:06:28.173943+00,2026-07-25 14:26:00.868754+00,1,5000.00,0.00,5000.00
8343b528-7b1b-41e5-a4a9-4a0b9b9eb5f6,119554,88627d86-ab81-4fb7-904e-5fd914fc4b7a,Especificação Funcional - Tela manutenção CRM,2025-01-09,Encerrado,24887f2b-0a3f-4e8c-b699-fac9ebbea3a7,Gestão,2,,,,0.00,0.0000,0.0000,0.6000,0.2000,162.94,2026-07-24 17:06:28.173943+00,2026-07-25 14:26:00.868754+00,1,0.00,0.00,0.00
838b9f9a-eb9b-4fcc-a760-b11cf54b32de,23928,649bf5d4-1dc6-46b7-afea-e2e3ebb12630,Implantação Scanntech - DB,2026-05-12,Enviar Proposta,24887f2b-0a3f-4e8c-b699-fac9ebbea3a7,Implantação,2,,,,0.00,0.0000,0.0000,0.6000,0.2000,162.94,2026-07-24 17:06:28.173943+00,2026-07-25 14:26:00.868754+00,1,17644.45,0.00,17644.45
83925c30-e9d7-4489-a36f-936b2aeda256,106812,20e510ba-1c96-4519-bd31-5ff87bcb61e2,Integração Catraca TopData,2024-01-02,Encerrado,b5f82498-f4af-427d-995d-77f6e9116056,,,,,,0.00,0.0000,0.0000,0.6000,0.2000,162.94,2026-07-24 17:06:27.597938+00,2026-07-25 14:26:00.868754+00,1,0.00,0.00,0.00
840e4ad7-6ec2-4b1e-9b05-9cc0153f5c2b,108289,4f9970fc-7e10-4350-8cdb-03c2c57cad8b,Consulta de Cupom,2024-02-22,Encerrado,,Visual Store,1,,,,0.00,0.0000,0.0000,0.6000,0.2000,162.94,2026-07-24 17:06:27.597938+00,2026-07-25 14:26:00.868754+00,1,0.00,0.00,0.00
84860af2-71ec-4fb3-945d-0960d3cf0530,98568,b371113f-0789-40f1-9cb3-8cdd1fd32ac9,Customização cupom Fiscal (Qr-Code),2023-05-03,Concluido,24887f2b-0a3f-4e8c-b699-fac9ebbea3a7,,,Suporte,,,0.00,0.0000,0.0000,0.6000,0.2000,162.94,2026-07-24 17:06:27.597938+00,2026-07-25 14:26:00.868754+00,1,0.00,0.00,0.00
85397be4-d894-4edf-8f77-c94b591d4626,106999,fea3bb07-f66e-475f-9377-0b2b1f69459f,Price Match,2024-01-09,Concluido,24887f2b-0a3f-4e8c-b699-fac9ebbea3a7,Integração / PDV,4,Aprovado,2024-02-05,2024-10-04,96.00,0.2000,0.2090,0.6000,0.3200,152.94,2026-07-24 17:06:27.597938+00,2026-07-25 14:26:00.868754+00,1,37929.12,7927.19,30000.00
853cdea6-fd18-4b30-becf-ebf0585b5e0a,92740,80f9054a-4b42-4362-b04e-47852bd387ab,Cupom por e-mail,2022-11-07,Concluido,4f873c3e-7e48-434a-8f65-02f3b0582863,,,Aprovado,2023-01-16,2023-02-08,44.00,0.2000,0.0000,0.6000,0.2000,152.88,2026-07-24 17:06:27.597938+00,2026-07-25 14:26:00.868754+00,1,14529.30,0.00,14529.30
8557168c-5fde-4ede-87e7-ee97da76fe4a,20088,44900930-9abb-42ec-977e-076034299a13,Reetruturação do fluxo de Self,2026-02-11,Em Analise,4f873c3e-7e48-434a-8f65-02f3b0582863,PDV / Inovação,3,Enviado,2026-05-18,,201.00,0.1000,0.0000,0.6000,0.3184,162.94,2026-07-24 17:06:28.173943+00,2026-07-25 14:26:00.868754+00,1,0.00,0.00,0.00
861df89e-eb30-4a6a-abb5-28531ec644c5,100731,d6661814-260f-4b92-9b0d-d619007208d2,Relatorio de ocorrencia,2023-07-11,Concluido,b5f82498-f4af-427d-995d-77f6e9116056,,,Release,2023-11-08,,21.00,0.2000,0.5000,0.6000,0.3200,152.94,2026-07-24 17:06:27.597938+00,2026-07-25 14:26:00.868754+00,1,7399.85,3699.92,3699.92
863431ac-6199-4465-b4eb-2afbb2f092ce,87013,d6661814-260f-4b92-9b0d-d619007208d2,Integração Vtex (Pedido),2022-04-28,Concluido,b5f82498-f4af-427d-995d-77f6e9116056,,,Aprovado,2022-08-05,2022-08-09,180.00,0.2000,0.0000,0.6000,0.2000,162.94,2026-07-24 17:06:27.597938+00,2026-07-25 14:26:00.868754+00,1,63351.07,0.00,63351.07
8641bae4-ca14-43db-bded-3ca2be53f53c,102115,d6661814-260f-4b92-9b0d-d619007208d2,"Horas de implementação do chamado ",2023-09-11,Encerrado,24887f2b-0a3f-4e8c-b699-fac9ebbea3a7,,,Enviado,2023-10-04,,0.00,0.0000,0.0000,0.6000,0.2000,152.94,2026-07-24 17:06:27.597938+00,2026-07-24 17:06:27.597938+00,1,,,
86538e7a-97de-4030-b9e5-016a7c3a5e41,215,96f36366-04b6-47a3-8545-91e84d426059,Integração Cupom Verde,2024-05-02,Encerrado,24887f2b-0a3f-4e8c-b699-fac9ebbea3a7,Integração,2,Enviado,2024-05-07,,50.00,0.2000,0.0000,0.6000,0.3200,152.94,2026-07-24 17:06:27.597938+00,2026-07-25 14:26:00.868754+00,1,17618.69,0.00,17618.69
86857e65-296d-495c-a163-6d6f03364d9b,80188,07ef7533-9281-4b78-bee4-6b35bdc48e39,Implementação Ifoods / SiteMErcado,2021-09-28,Concluido,b5f82498-f4af-427d-995d-77f6e9116056,,,Bonificado,2022-03-03,,36.00,0.0000,1.0000,0.6000,0.2000,162.94,2026-07-24 17:06:27.597938+00,2026-07-25 14:26:00.868754+00,1,10558.51,10558.51,0.00
8692aba5-8838-464e-a219-3eef627ad876,88417,d6661814-260f-4b92-9b0d-d619007208d2,Proposta atualização ISO dos PDV's - 13/10 A 21/10/2022,2022-06-17,Concluido,24887f2b-0a3f-4e8c-b699-fac9ebbea3a7,,,Aprovado,2022-10-26,2022-10-26,0.00,0.0000,0.0000,0.6000,0.2000,162.94,2026-07-24 17:06:27.597938+00,2026-07-25 14:26:00.868754+00,1,0.00,0.00,0.00
86c9a509-58e5-494a-99bf-c362e2eda411,109419,96f36366-04b6-47a3-8545-91e84d426059,Desativar aba de totalização,2024-03-28,Concluido,,,,Release,,,0.00,0.0000,0.0000,0.6000,0.2000,162.94,2026-07-24 17:06:27.597938+00,2026-07-25 14:26:00.868754+00,1,0.00,0.00,0.00
86ca77a9-dddd-42cc-8b45-07ce9a7af043,112268,923e43a8-d718-46bc-b174-5ddab0ef6da2,Tipo de Domicilio,2024-06-24,Aguard. Analise Desen.,b5f82498-f4af-427d-995d-77f6e9116056,AV,1,Release,,,0.00,0.0000,0.0000,0.6000,0.2000,162.94,2026-07-24 17:06:27.597938+00,2026-07-25 14:26:00.868754+00,1,0.00,0.00,0.00
8714bb32-b3f1-4878-bad2-29fbed197530,98566,80fdd68a-1536-41e7-a7c6-29444ed91d18,Identificação Obrigatoria no CRM (CPF + Tel),2023-05-03,Concluido,,,,Suporte,,,0.00,0.0000,0.0000,0.6000,0.2000,162.94,2026-07-24 17:06:27.597938+00,2026-07-25 14:26:00.868754+00,1,0.00,0.00,0.00
87341bc8-0835-4a84-ab3a-f2444b0ea751,24765,4a048ab2-42ef-42b2-a30d-597ab6c4c84d,Segregação Ambinete - M-Boy e Cupece,2026-06-01,Concluido,24887f2b-0a3f-4e8c-b699-fac9ebbea3a7,Implantação,2,Aprovado,2026-06-29,2026-07-15,0.00,0.0000,0.0000,0.6000,0.2000,162.94,2026-07-24 17:06:28.173943+00,2026-07-25 14:26:00.868754+00,1,9776.40,0.00,9776.40
87708014-2863-4d08-8352-0d7d9637a7c6,102596,4f9970fc-7e10-4350-8cdb-03c2c57cad8b,Voucher de desconto,2023-09-13,Concluido,24887f2b-0a3f-4e8c-b699-fac9ebbea3a7,Visual Store / PDV,2,Enviado,2024-01-17,,80.00,0.2000,0.0000,0.6000,0.2000,162.94,2026-07-24 17:06:28.173943+00,2026-07-25 14:26:00.868754+00,1,0.00,0.00,0.00
877e3867-cc29-4bd0-bd7c-c43b8377a6b5,10799,96f36366-04b6-47a3-8545-91e84d426059,Consulta Preço no PDV,2025-07-11,Encerrado,bb1443d3-c1f4-4712-8e52-04b694a00cc9,PDV,1,,,,0.00,0.0000,0.0000,0.6000,0.2000,162.94,2026-07-24 17:06:28.173943+00,2026-07-25 14:26:00.868754+00,1,0.00,0.00,0.00
87c73eca-6b72-4d1d-9704-79391b50da0a,102845,d6661814-260f-4b92-9b0d-d619007208d2,Migração de Servidor,2023-09-20,Concluido,24887f2b-0a3f-4e8c-b699-fac9ebbea3a7,,,Aprovado,2023-12-01,2023-12-05,0.00,0.0000,0.0737,0.6000,0.2000,152.94,2026-07-24 17:06:27.597938+00,2026-07-25 14:26:00.868754+00,1,18352.80,1352.60,17000.00
87f904a7-6ba0-407f-a030-9a0b68ced8ad,111512,80f9054a-4b42-4362-b04e-47852bd387ab,Codigos EAN com apenas o digito diferente,2024-06-05,Encerrado,,,,,,,0.00,0.0000,0.0000,0.6000,0.2000,162.94,2026-07-24 17:06:27.597938+00,2026-07-25 14:26:00.868754+00,1,0.00,0.00,0.00
88fcaf44-7c04-4d5f-b8f1-4d5f5dd849b0,110162,dbcd63f9-ac5e-48d1-ae36-93a5710cf0a0,Implantação Scanntech,2024-04-25,Concluido,24887f2b-0a3f-4e8c-b699-fac9ebbea3a7,Implantação,1,Enviado,2025-01-28,,0.00,0.0000,0.0000,0.6000,0.2000,162.94,2026-07-24 17:06:28.173943+00,2026-07-25 14:26:00.868754+00,1,0.00,0.00,0.00
898ff184-dded-4278-818b-df86200e81c9,102026,20e510ba-1c96-4519-bd31-5ff87bcb61e2,Inserção de dados Usuario,2023-08-25,Encerrado,b5f82498-f4af-427d-995d-77f6e9116056,Visual Store / Integração,2,,,,0.00,0.0000,0.0000,0.6000,0.2000,162.94,2026-07-24 17:06:27.597938+00,2026-07-25 14:26:00.868754+00,1,0.00,0.00,0.00
89988286-a7e7-49bc-b3c4-bd2ac8931d89,112407,aebbcea0-4af1-424f-8951-f3941e6cc793,Ajustes na integração AV e Serasa,2024-06-26,Concluido,b5f82498-f4af-427d-995d-77f6e9116056,"AV ",2,Aprovado,2024-09-05,2024-09-09,72.00,0.1000,0.0839,0.6000,0.3200,165.18,2026-07-24 17:06:27.597938+00,2026-07-25 14:26:00.868754+00,1,25107.36,2106.51,23000.00
89b875e6-124e-42cf-8335-a014a1bcaa00,96432,7f63efab-ea62-4df5-8339-5875ae9b2732,Desconto para funcionario,2023-03-03,Concluido,4f873c3e-7e48-434a-8f65-02f3b0582863,,,Aprovado,2023-05-08,2023-05-10,100.00,0.2000,0.0981,0.6000,0.3200,152.94,2026-07-24 17:06:27.597938+00,2026-07-25 14:26:00.868754+00,1,35482.08,3482.08,32000.00
89cc3b92-39fe-4ed2-bcc1-7bd52f6619c8,18849,9636fbb4-95dd-4cf8-a99b-8199dd694544,Integração 99 Food,2026-01-13,Aguard. Analise Desen.,4f873c3e-7e48-434a-8f65-02f3b0582863,Inovação / PDV,3,,,,112.00,0.2000,0.0000,0.6000,0.3200,162.94,2026-07-24 17:06:28.173943+00,2026-07-25 14:26:00.868754+00,1,42046.34,0.00,42046.34
8a272064-4034-40fb-ab48-bff11e61e1c9,21713,4f9970fc-7e10-4350-8cdb-03c2c57cad8b,Estatistica Vendas comp,2026-03-20,Em Analise,24887f2b-0a3f-4e8c-b699-fac9ebbea3a7,VS,2,,,,0.00,0.0000,0.0000,0.6000,0.2000,162.94,2026-07-24 17:06:28.173943+00,2026-07-25 14:26:00.868754+00,1,0.00,0.00,0.00
8a27d094-d49b-4626-9e90-4a81dfa51878,101244,aebbcea0-4af1-424f-8951-f3941e6cc793,Alterações sistemicas,2023-07-28,Encerrado,b5f82498-f4af-427d-995d-77f6e9116056,,,,,,0.00,0.0000,0.0000,0.6000,0.2000,162.94,2026-07-24 17:06:27.597938+00,2026-07-25 14:26:00.868754+00,1,0.00,0.00,0.00
8a367870-0e04-4052-bae0-21aff18ceb1f,24129,d6661814-260f-4b92-9b0d-d619007208d2,Melhoria no cadastro de campanha,2026-05-15,Concluido,4f873c3e-7e48-434a-8f65-02f3b0582863,PDV / VS,3,Enviado,2026-07-06,,66.00,0.2000,0.0000,0.6000,0.3200,162.94,2026-07-24 17:06:28.173943+00,2026-07-25 14:26:00.868754+00,1,0.00,0.00,0.00
8a469609-17f9-4a2a-a606-be5129641722,20675,96f36366-04b6-47a3-8545-91e84d426059,Estacionamento Soft Case,2026-02-25,Encerrado,,,,,,,0.00,0.0000,0.0000,0.6000,0.2000,162.94,2026-07-24 17:06:28.173943+00,2026-07-25 14:26:00.868754+00,1,0.00,0.00,0.00
8a4a07b7-552e-4dfa-bc4e-8b72792de448,109607,d6661814-260f-4b92-9b0d-d619007208d2,Desconto para empresa por order de compra,2024-04-05,Encerrado,b5f82498-f4af-427d-995d-77f6e9116056,Convêncio / PDV,2,,,,0.00,0.0000,0.0000,0.6000,0.2000,162.94,2026-07-24 17:06:27.597938+00,2026-07-25 14:26:00.868754+00,1,0.00,0.00,0.00
8a522b36-1ec9-4ad1-8c1a-006fdc71b396,4944,9042f3f3-814d-4e9d-be59-6efbb4b827fb,Restaurante,2025-04-24,Concluido,24887f2b-0a3f-4e8c-b699-fac9ebbea3a7,Inovação,3,Aprovado,2025-05-26,2025-08-07,86.00,0.0000,0.5000,0.6000,0.3200,162.82,2026-07-24 17:06:28.173943+00,2026-07-25 14:26:00.868754+00,1,26885.10,13442.55,13442.55
8a54bccf-05af-4c8d-a395-8a60dcd1c078,20851,7f63efab-ea62-4df5-8339-5875ae9b2732,Implantação Mercapromo,2026-03-02,Encerrado,24887f2b-0a3f-4e8c-b699-fac9ebbea3a7,,,Enviado,2026-05-06,,0.00,0.0000,0.0000,0.6000,0.2000,162.94,2026-07-24 17:06:28.173943+00,2026-07-25 14:26:00.868754+00,1,0.00,0.00,0.00
8a9fa8be-688b-4f91-a0fa-5f5f2357b661,105688,07ef7533-9281-4b78-bee4-6b35bdc48e39,Conciliação de Cartões,2023-11-29,Encerrado,,Comercial,2,,,,0.00,0.0000,0.0000,0.6000,0.2000,162.94,2026-07-24 17:06:27.597938+00,2026-07-25 14:26:00.868754+00,1,0.00,0.00,0.00
8ab1959d-5cc2-40d3-beb8-65e6f1923e41,89669,eedf6198-b134-4d0a-9acb-9fec23f95f90,Venda com desconto para funcionario,2022-08-03,Concluido,24887f2b-0a3f-4e8c-b699-fac9ebbea3a7,,,Aprovado,2022-09-28,2022-10-03,0.00,0.0000,0.0000,0.6000,0.2000,162.94,2026-07-24 17:06:27.597938+00,2026-07-25 14:26:00.868754+00,1,5000.00,0.00,5000.00
8acb7d33-3e98-465f-8aea-f3313094fcbb,13386,d6661814-260f-4b92-9b0d-d619007208d2,Cartão Pré-Aprovado,2025-09-05,Concluido,4f873c3e-7e48-434a-8f65-02f3b0582863,PDV / VS / Integração,2,Aprovado,2025-10-01,2025-10-09,0.00,0.0000,0.0000,0.6000,0.2000,162.94,2026-07-24 17:06:28.173943+00,2026-07-25 14:26:00.868754+00,1,6843.48,0.00,6843.48
8b2483fd-2d37-448a-9a98-b5fdb6b966b1,84161,6a00b6df-bc61-4335-8976-3e39e064aff5,Tela Secundaria,2022-01-31,Concluido,4f873c3e-7e48-434a-8f65-02f3b0582863,,,Recusada,2022-03-09,,32.00,0.2000,0.0000,0.6000,0.2000,162.94,2026-07-24 17:06:27.597938+00,2026-07-25 14:26:00.868754+00,1,11262.41,0.00,0.00
8c0e9e0c-0771-4ad7-a909-4480107b42eb,111525,923e43a8-d718-46bc-b174-5ddab0ef6da2,Bloquear Importação para algumas Lojas,2024-06-05,Concluido,b5f82498-f4af-427d-995d-77f6e9116056,AV,1,Bonificado,2024-09-23,2024-11-05,17.00,0.2000,1.0000,0.6000,0.3200,152.94,2026-07-24 17:06:27.597938+00,2026-07-25 14:26:00.868754+00,1,6117.60,6117.60,
8cac3ebe-7e58-4bc3-b4a5-a779b9f9a3f4,9254,20e510ba-1c96-4519-bd31-5ff87bcb61e2,Criar relatorio de desconto divirgente geral por loja,2025-06-05,Em Analise,b5f82498-f4af-427d-995d-77f6e9116056,Visual Store,2,Release,,,0.00,0.0000,0.0000,0.6000,0.2000,162.94,2026-07-24 17:06:28.173943+00,2026-07-25 14:26:00.868754+00,1,0.00,0.00,0.00
8cf58cd2-6f87-4a13-ba01-98ffdf742ff3,7521,9042f3f3-814d-4e9d-be59-6efbb4b827fb,Cartão Private Label,2025-04-25,Concluido,4f873c3e-7e48-434a-8f65-02f3b0582863,Vm_Pay / PDV,3,Aprovado,2025-06-26,2025-07-03,48.00,0.2000,0.0000,0.6000,0.3200,162.94,2026-07-24 17:06:28.173943+00,2026-07-25 14:26:00.868754+00,1,18249.28,0.00,18249.28
8d17a146-0fa9-44f8-9403-5809358ea878,118773,4f9970fc-7e10-4350-8cdb-03c2c57cad8b,Envio de Cupom por e-mail,2024-11-11,Encerrado,4f873c3e-7e48-434a-8f65-02f3b0582863,Inovação,3,,,,0.00,0.0000,0.0000,0.6000,0.2000,162.94,2026-07-24 17:06:28.173943+00,2026-07-25 14:26:00.868754+00,1,0.00,0.00,0.00
8d36f7bc-7a82-4c4f-858c-bf5eb768214f,110927,88627d86-ab81-4fb7-904e-5fd914fc4b7a,Integração Cartaz Fácil,2024-05-20,Concluido,b5f82498-f4af-427d-995d-77f6e9116056,Intgeração,2,Aprovado,2024-08-21,2024-08-23,232.00,0.2000,0.1243,0.6000,0.2000,162.94,2026-07-24 17:06:27.597938+00,2026-07-25 14:26:00.868754+00,1,68517.12,8516.68,60000.44
8d454fc7-e794-4e4b-8bbf-2ea92bd349e1,90192,4f9970fc-7e10-4350-8cdb-03c2c57cad8b,Integração maquina Smart mach,2022-08-18,Encerrado,4f873c3e-7e48-434a-8f65-02f3b0582863,,,,,,0.00,0.0000,0.0000,0.6000,0.2000,162.94,2026-07-24 17:06:27.597938+00,2026-07-25 14:26:00.868754+00,1,0.00,0.00,0.00
8d8b55ac-a20c-41ba-b50a-0963c16d0b7b,98671,903465be-01cf-46cf-a6c6-cfdf8f6c9c58,Abertura de Loja 57 (Petropolis),2023-05-05,Concluido,24887f2b-0a3f-4e8c-b699-fac9ebbea3a7,,,Aprovado,2023-05-11,2023-05-12,0.00,0.0000,0.0000,0.6000,0.2000,152.94,2026-07-24 17:06:27.597938+00,2026-07-25 14:26:00.868754+00,1,6117.60,0.00,6117.60
8e757e8e-3e4b-490f-be8d-78a98a2b321e,92682,7715eec8-7dbd-45d8-b4da-228ac883230a,Implantação do PIX,2022-11-04,Concluido,24887f2b-0a3f-4e8c-b699-fac9ebbea3a7,,,Cancelado,2022-11-04,,0.00,0.0000,0.0000,0.6000,0.2000,162.94,2026-07-24 17:06:27.597938+00,2026-07-25 14:26:00.868754+00,1,3258.80,0.00,3258.80
8e7f14e4-95a4-419d-8845-aa3d757ca291,14056,f8a59749-e052-458a-afc4-d7e7f228ddbe,Convênio Condor,2025-09-23,Encerrado,4f873c3e-7e48-434a-8f65-02f3b0582863,Inovação,3,,,,0.00,0.0000,0.0000,0.6000,0.2000,162.94,2026-07-24 17:06:28.173943+00,2026-07-25 14:26:00.868754+00,1,0.00,0.00,0.00
8e9d4513-53ef-497f-866b-74cd2f818e8d,5657,44900930-9abb-42ec-977e-076034299a13,Implantação sistema do restaurante,2025-03-13,Concluido,24887f2b-0a3f-4e8c-b699-fac9ebbea3a7,Visual Kitchen,3,Aprovado,2025-05-07,2025-07-29,0.00,0.0000,0.0000,0.6000,0.2000,162.94,2026-07-24 17:06:28.173943+00,2026-07-25 14:26:00.868754+00,1,11731.68,0.00,11731.68
8eb990d4-9caa-4697-acd7-2e7d8fc17e58,18877,e756e4b3-4648-459d-b4b3-2618bb041a71,Recurso para migração das Lojas,2026-01-13,Concluido,24887f2b-0a3f-4e8c-b699-fac9ebbea3a7,Implantação,2,Aprovado,2026-01-21,2026-02-11,214.85,0.0000,0.0000,0.0000,0.0000,162.94,2026-07-24 17:06:28.173943+00,2026-07-25 13:50:37.417568+00,1,,,
8ed17720-0db4-429b-888d-a1a2d1d039dc,20134,56d9260f-27ea-41bd-87a6-7ed51ae6fe0f,Integração Neogrid,2026-02-11,Encerrado,4f873c3e-7e48-434a-8f65-02f3b0582863,Integração,2,Enviado,2026-04-02,,104.00,0.2000,0.1339,0.6000,0.3200,162.94,2026-07-24 17:06:28.173943+00,2026-07-25 14:26:00.868754+00,1,40409.12,5408.76,35000.36
8f056e0a-c99c-46e3-b7c6-a84ff5674175,107183,4f9970fc-7e10-4350-8cdb-03c2c57cad8b,Equipe Dedicada,2024-01-16,Concluido,24887f2b-0a3f-4e8c-b699-fac9ebbea3a7,,,Aprovado,2024-02-05,2024-02-07,0.00,0.0000,0.0000,0.6000,0.2000,162.94,2026-07-24 17:06:27.597938+00,2026-07-25 14:26:00.868754+00,1,368500.00,0.00,368500.00
8f1b2c88-a0ab-4b99-9c30-8c467e7e7541,100084,44900930-9abb-42ec-977e-076034299a13,"Implantação CRM Mercafacil ",2023-06-20,Encerrado,b5f82498-f4af-427d-995d-77f6e9116056,,,,,,0.00,0.0000,0.0000,0.6000,0.2000,162.94,2026-07-24 17:06:27.597938+00,2026-07-24 17:06:27.597938+00,1,,,
8fb1675f-5ff9-4b59-8830-12e939800a0c,94890,6a00b6df-bc61-4335-8976-3e39e064aff5,Substituição de API DmCard para API Cresce Vendas,2022-01-12,Concluido,24887f2b-0a3f-4e8c-b699-fac9ebbea3a7,,,Aprovado,2023-01-26,2023-02-06,10.00,0.2000,0.0000,0.6000,0.2000,162.94,2026-07-24 17:06:27.597938+00,2026-07-25 14:26:00.868754+00,1,3670.56,0.00,3670.56
907d62c2-a2af-4500-ab3b-e0803a432b1e,15883,610af016-3cf6-49a0-8ebd-c84cffce3f47,Projeto emissão de certificados,2026-11-03,Encerrado,b5f82498-f4af-427d-995d-77f6e9116056,AV,3,,,,0.00,0.0000,0.0000,0.6000,0.2000,162.94,2026-07-24 17:06:28.173943+00,2026-07-25 14:26:00.868754+00,1,0.00,0.00,0.00
90f567d7-cf3e-4e88-a67b-6ef396cbe026,84524,610af016-3cf6-49a0-8ebd-c84cffce3f47,Sincronização usuario com AD,2022-02-23,Encerrado,b5f82498-f4af-427d-995d-77f6e9116056,,,,,,0.00,0.0000,0.0000,0.6000,0.2000,162.94,2026-07-24 17:06:27.597938+00,2026-07-25 14:26:00.868754+00,1,0.00,0.00,0.00
9143f1db-44d2-4e5a-8d9a-41fb51f5e966,116942,20e510ba-1c96-4519-bd31-5ff87bcb61e2,Integração estacionamento Estapar,2024-10-24,Concluido,24887f2b-0a3f-4e8c-b699-fac9ebbea3a7,Integração / PDV,2,Aprovado,2024-10-31,2024-11-05,40.00,0.2000,0.0000,0.6000,0.3200,152.94,2026-07-24 17:06:28.173943+00,2026-07-25 14:26:00.868754+00,1,14094.95,0.00,14094.95
91922c70-3693-4956-bf9f-7788dc57f47c,3273,20e510ba-1c96-4519-bd31-5ff87bcb61e2,Integração Catraca EVO,2025-01-30,Concluido,b5f82498-f4af-427d-995d-77f6e9116056,Integração,3,Aprovado,2025-02-28,2025-03-11,65.00,0.2000,0.1630,0.6000,0.3200,162.94,2026-07-24 17:06:28.173943+00,2026-07-25 14:26:00.868754+00,1,25092.76,4090.12,21000.00
91939f54-d141-4e21-81aa-422cbcc6b8c0,114452,649bf5d4-1dc6-46b7-afea-e2e3ebb12630,Implantação Scanntech Vendify,2024-11-18,Concluido,24887f2b-0a3f-4e8c-b699-fac9ebbea3a7,Implantação,1,Aprovado,2024-11-18,2024-11-18,0.00,0.0000,0.0000,0.6000,0.2000,162.94,2026-07-24 17:06:28.173943+00,2026-07-25 14:26:00.868754+00,1,5000.00,0.00,5000.00
91a5e182-1abd-4516-9c6b-c1d1c87e98b6,110100,fd257c9b-88cb-46bc-959c-6cf6a0c84e98,Promoção Relâmpago no AV,2024-04-23,Concluido,b5f82498-f4af-427d-995d-77f6e9116056,AV,2,Enviado,2024-10-21,,0.00,0.0000,0.0000,0.6000,0.2000,162.94,2026-07-24 17:06:28.173943+00,2026-07-25 14:26:00.868754+00,1,0.00,0.00,0.00
91a5e570-515b-4258-885d-f8590037c487,8371,80f9054a-4b42-4362-b04e-47852bd387ab,Projeto Clube,2025-05-15,Encerrado,b5f82498-f4af-427d-995d-77f6e9116056,Inovação,,,,,0.00,0.0000,0.0000,0.6000,0.2000,162.94,2026-07-24 17:06:28.173943+00,2026-07-25 14:26:00.868754+00,1,0.00,0.00,0.00
924c6324-e285-43e8-b5ca-43d4dd3584a7,25871,fd257c9b-88cb-46bc-959c-6cf6a0c84e98,Integração Cartaz Fácil,2024-12-13,Encerrado,,integração,3,,,,0.00,0.0000,0.0000,0.6000,0.2000,162.94,2026-07-24 17:06:28.173943+00,2026-07-25 14:26:00.868754+00,1,0.00,0.00,0.00
9369f330-53b2-444e-86ea-c3c05ff3b762,11270,db047eb4-c014-41d0-b052-78601e1977e1,Self novo modelo,2025-07-24,Em Analise,,Inovação,4,,,,0.00,0.0000,0.0000,0.6000,0.2000,162.94,2026-07-24 17:06:28.173943+00,2026-07-25 14:26:00.868754+00,1,5005.52,0.00,0.00
937c335e-9e31-4c92-89d4-f1c8f7042840,17788,4f9970fc-7e10-4350-8cdb-03c2c57cad8b,Porposta equipe exclusiva Swift 2026,2025-12-17,Concluido,24887f2b-0a3f-4e8c-b699-fac9ebbea3a7,Todos,4,Equipe Exclusiva,2025-12-17,2026-01-27,0.00,0.0000,0.0000,0.6000,0.2000,162.94,2026-07-24 17:06:28.173943+00,2026-07-25 14:26:00.868754+00,1,419936.64,0.00,
939e9aa1-c824-4920-8a16-9999c327ef5b,14501,30ca9f81-f531-4a44-a9ca-17d190c22f11,Elaboração DAVT,2025-10-03,Encerrado,24887f2b-0a3f-4e8c-b699-fac9ebbea3a7,TODOS,,,,,0.00,0.0000,0.0000,0.6000,0.2000,162.94,2026-07-24 17:06:28.173943+00,2026-07-25 14:26:00.868754+00,1,21117.02,0.00,21117.02
93a3d37c-a069-49f7-b9b8-590e57bbc936,7570,d6661814-260f-4b92-9b0d-d619007208d2,Pagamento de Fatura em Loja com liberação imediata de limite,2025-04-28,Encerrado,4f873c3e-7e48-434a-8f65-02f3b0582863,,,,,,0.00,0.0000,0.0000,0.6000,0.2000,162.94,2026-07-24 17:06:28.173943+00,2026-07-25 14:26:00.868754+00,1,0.00,0.00,0.00
93e7b94d-3fc8-4b7f-844c-93e61f445142,17838,062f29c0-68da-4e01-aaef-2e9441927201,Recurso para migração das Lojas,2025-12-18,Concluido,24887f2b-0a3f-4e8c-b699-fac9ebbea3a7,Implantação,4,Aprovado,2025-12-18,2026-01-26,576.00,0.0000,0.3820,0.0000,0.0000,162.94,2026-07-24 17:06:28.173943+00,2026-07-25 13:14:58.685908+00,1,,,
94300e1e-aca1-4793-9016-7f73582f107d,94795,838b766f-5f18-4a79-8202-208d7960fdb6,Relatorio gerencial do Termo de Entrega,2023-01-10,Concluido,24887f2b-0a3f-4e8c-b699-fac9ebbea3a7,,,Aprovado,2023-01-12,2023-01-16,12.00,0.2000,0.0000,0.6000,0.2000,169.24,2026-07-24 17:06:27.597938+00,2026-07-25 14:26:00.868754+00,1,4386.72,0.00,4386.72
946b73b8-fcf4-4877-9285-83f72059c836,92461,bddc3eea-c4b9-4010-a353-481fb50e5f99,"Integração Mercafacil ",2022-10-28,Concluido,b5f82498-f4af-427d-995d-77f6e9116056,,,Aprovado,2022-11-17,2023-01-30,0.00,0.0000,0.0000,0.6000,0.2000,145.04,2026-07-24 17:06:27.597938+00,2026-07-24 17:06:27.597938+00,1,,,
94758538-4b1a-4b50-aa48-ca76b328d4c4,91672,7715eec8-7dbd-45d8-b4da-228ac883230a,Relatorio Dinamico,2022-10-03,Concluido,4f873c3e-7e48-434a-8f65-02f3b0582863,,,Recusada,2022-11-08,,16.00,0.1000,0.0000,0.6000,0.2000,162.94,2026-07-24 17:06:27.597938+00,2026-07-25 14:26:00.868754+00,1,5161.94,0.00,5161.94
94811bb1-7bfd-435a-ab86-323fd671a69c,106994,20e510ba-1c96-4519-bd31-5ff87bcb61e2,Relatorio Dinamico,2024-01-09,Concluido,b5f82498-f4af-427d-995d-77f6e9116056,,,Bonificado,,,10.00,0.2000,0.0000,0.7000,0.3400,152.94,2026-07-24 17:06:27.597938+00,2026-07-25 14:26:00.868754+00,1,3743.97,0.00,3743.97
94ec936a-994a-422d-ba03-39ea81fdb634,16252,61714421-ac80-47e3-a190-f40fb8efd17b,Controle de acesso para produto alcoolicos,2025-11-11,Concluido,24887f2b-0a3f-4e8c-b699-fac9ebbea3a7,Inovação / PDV,4,Enviado,2026-04-06,,116.00,0.1500,0.1613,0.6000,0.2000,162.94,2026-07-24 17:06:28.173943+00,2026-07-25 14:26:00.868754+00,1,9906.75,0.00,35000.00
9515a3b7-7444-4a1c-8e7f-40a93a5ce931,3378,aebbcea0-4af1-424f-8951-f3941e6cc793,"Cliente consumidor Fixar ",2025-01-31,Concluido,b5f82498-f4af-427d-995d-77f6e9116056,AV,2,Aprovado,2025-08-06,2025-08-15,20.00,0.2000,0.0943,0.6000,0.3200,162.94,2026-07-24 17:06:28.173943+00,2026-07-24 17:06:28.173943+00,1,,,
9523c94f-a6b2-4777-991e-cc7a88b567a2,12591,88627d86-ab81-4fb7-904e-5fd914fc4b7a,Recompilação do coletor em android,2025-08-21,Em Analise,24887f2b-0a3f-4e8c-b699-fac9ebbea3a7,Inovação / Gestão,4,Enviado,2026-04-30,,108.00,0.0000,0.0000,0.6000,0.3200,162.94,2026-07-24 17:06:28.173943+00,2026-07-25 14:26:00.868754+00,1,9776.40,0.00,9776.40
952b8dea-2851-4815-9e42-5483449d7ae1,86537,903465be-01cf-46cf-a6c6-cfdf8f6c9c58,Inauguração de Loja 31 - Licenciamento / Horas Implantação,2022-04-11,Concluido,24887f2b-0a3f-4e8c-b699-fac9ebbea3a7,,,Aprovado,2022-04-11,2022-04-11,0.00,0.0000,0.0000,0.6000,0.2000,162.94,2026-07-24 17:06:27.597938+00,2026-07-25 14:26:00.868754+00,1,9253.80,0.00,9253.80
95a5e52d-a20b-416e-b0df-21847e8ab279,87695,7f63efab-ea62-4df5-8339-5875ae9b2732,Emisão da NF'e,2022-05-25,Concluido,24887f2b-0a3f-4e8c-b699-fac9ebbea3a7,,,Aprovado,2022-06-20,2022-06-30,24.00,0.1000,0.0000,0.6000,0.2000,162.94,2026-07-24 17:06:27.597938+00,2026-07-25 14:26:00.868754+00,1,7742.91,0.00,7742.91
95bc14c0-c9c4-4947-8fdc-97e3b6cfd62f,9281,88627d86-ab81-4fb7-904e-5fd914fc4b7a,Integração FIDC via API,2025-06-06,Concluido,b5f82498-f4af-427d-995d-77f6e9116056,Getsão,3,,,,0.00,0.0000,0.0000,0.6000,0.2000,162.94,2026-07-24 17:06:28.173943+00,2026-07-25 14:26:00.868754+00,1,13035.20,0.00,113940.30
95e332f6-d0d3-49eb-9883-13cf8946548a,107705,f8a59749-e052-458a-afc4-d7e7f228ddbe,Emissão de e-mail,2024-02-01,Encerrado,4f873c3e-7e48-434a-8f65-02f3b0582863,PDV/Humberto,1,,,,0.00,0.0000,0.0000,0.6000,0.2000,162.94,2026-07-24 17:06:27.597938+00,2026-07-25 14:26:00.868754+00,1,0.00,0.00,0.00
95f96df4-5770-40e2-93a2-a9436d0fabd5,105587,4f9970fc-7e10-4350-8cdb-03c2c57cad8b,Configuração envio de cupom Por e-mail,2023-11-27,Concluido,4f873c3e-7e48-434a-8f65-02f3b0582863,,,Equipe Exclusiva,,,0.00,0.0000,0.0000,0.6000,0.2000,162.94,2026-07-24 17:06:27.597938+00,2026-07-25 14:26:00.868754+00,1,0.00,0.00,0.00
963d8232-5619-4670-9a89-b62c80d16cc5,94392,aebbcea0-4af1-424f-8951-f3941e6cc793,Identificação pedido da Hora,2022-12-28,Encerrado,b5f82498-f4af-427d-995d-77f6e9116056,,,Enviado,2023-08-08,,18.00,0.2000,0.2850,0.6000,0.2000,162.94,2026-07-24 17:06:27.597938+00,2026-07-25 14:26:00.868754+00,1,8589.36,2447.97,6141.39
964ccc02-e445-4229-b210-201cfc683811,11332,88627d86-ab81-4fb7-904e-5fd914fc4b7a,Programa de ajuste e reprocessamento de verbas,2025-07-24,Em Analise,24887f2b-0a3f-4e8c-b699-fac9ebbea3a7,Gestão,2,,,,0.00,0.0000,0.0000,0.6000,0.2000,162.94,2026-07-24 17:06:28.173943+00,2026-07-25 14:26:00.868754+00,1,20188.08,0.00,0.00
97434240-0043-495e-aad9-9b01f9e93af1,97907,7f63efab-ea62-4df5-8339-5875ae9b2732,Av aplicar desconto Atacado em Kits,2023-04-13,Concluido,b5f82498-f4af-427d-995d-77f6e9116056,,,Bonificado,2023-09-25,,15.00,0.2000,0.0000,0.6000,0.3200,152.94,2026-07-24 17:06:27.597938+00,2026-07-25 14:26:00.868754+00,1,5285.61,0.00,5285.61
978b17db-0579-4e54-9408-00cf8b611eec,105482,1d765ab4-0f8f-46d1-a5b4-595e049df881,Implantação Gift Card Vmix,2023-11-23,Encerrado,24887f2b-0a3f-4e8c-b699-fac9ebbea3a7,"PDV / ",2,Enviado,2024-02-05,,0.00,0.0000,0.0000,0.6000,0.2000,152.94,2026-07-24 17:06:27.597938+00,2026-07-25 14:26:00.868754+00,1,12235.20,0.00,12235.20
9797009d-3db8-48e6-a4fd-195431314d02,98009,f8a59749-e052-458a-afc4-d7e7f228ddbe,Controle de etiquetas,2023-04-17,Encerrado,4f873c3e-7e48-434a-8f65-02f3b0582863,PDV/Integração/Visual tore/ Inovação,2,,,,0.00,0.0000,0.0000,0.6000,0.2000,162.94,2026-07-24 17:06:27.597938+00,2026-07-25 14:26:00.868754+00,1,0.00,0.00,0.00
97a990a5-b519-4d6a-856c-63fa6398534f,10003,d6661814-260f-4b92-9b0d-d619007208d2,Campanha aniversário,2025-06-25,Concluido,24887f2b-0a3f-4e8c-b699-fac9ebbea3a7,Integração,2,Aprovado,2025-08-14,2025-08-18,24.00,0.2000,0.0890,0.6000,0.2000,162.94,2026-07-24 17:06:28.173943+00,2026-07-25 14:26:00.868754+00,1,10428.16,928.11,9500.05
9830ed5a-faab-4d7d-9919-48ddd6f419fa,725,838b766f-5f18-4a79-8202-208d7960fdb6,Serviço Microsoft,2024-12-23,Encerrado,4f873c3e-7e48-434a-8f65-02f3b0582863,,3,,,,0.00,0.0000,0.0000,0.6000,0.2000,162.94,2026-07-24 17:06:28.173943+00,2026-07-25 14:26:00.868754+00,1,0.00,0.00,0.00
986ba8f1-6e36-404c-90eb-bf78ccc5de4f,87496,610af016-3cf6-49a0-8ebd-c84cffce3f47,Adição do campo tabela Finceira,2022-05-16,Concluido,b5f82498-f4af-427d-995d-77f6e9116056,,,Aprovado,2022-06-01,,10.00,0.2000,0.0000,0.6000,0.2000,162.94,2026-07-24 17:06:27.597938+00,2026-07-25 14:26:00.868754+00,1,3519.50,0.00,
9894efe0-22b6-4e56-b677-7c40ff973e73,345,96f36366-04b6-47a3-8545-91e84d426059,Descontos,2024-08-14,Encerrado,b5f82498-f4af-427d-995d-77f6e9116056,PDV,2,,,,0.00,0.0000,0.0000,0.6000,0.2000,162.94,2026-07-24 17:06:27.597938+00,2026-07-25 14:26:00.868754+00,1,0.00,0.00,0.00
989822bc-f7b2-48e0-b632-23b51877898b,119346,80f9054a-4b42-4362-b04e-47852bd387ab,Melhoria tela de Kit,2025-01-02,Encerrado,b5f82498-f4af-427d-995d-77f6e9116056,,,,,,0.00,0.0000,0.0000,0.6000,0.2000,162.94,2026-07-24 17:06:28.173943+00,2026-07-25 14:26:00.868754+00,1,0.00,0.00,0.00
98c2420c-3c11-48d7-9c11-21235cdce0a3,717,44900930-9abb-42ec-977e-076034299a13,Relatorio Tesouraria,2025-12-20,Concluido,b5f82498-f4af-427d-995d-77f6e9116056,Tesouraria,2,Release,,,0.00,0.0000,0.0000,0.6000,0.2000,162.94,2026-07-24 17:06:28.173943+00,2026-07-25 14:26:00.868754+00,1,0.00,0.00,0.00
9b052a96-ffc9-4da5-bcce-7606b44e981f,97083,f8a59749-e052-458a-afc4-d7e7f228ddbe,Transação de pagamento de fatura cartão ZontaCard,2023-03-23,Concluido,4f873c3e-7e48-434a-8f65-02f3b0582863,,,Aprovado,2023-04-10,2023-04-12,40.00,0.2000,0.1146,0.6500,0.3500,152.94,2026-07-24 17:06:27.597938+00,2026-07-25 14:26:00.868754+00,1,14682.24,1682.24,13000.00
9b27c383-2e57-4dd1-9464-8788f06bef62,4485,923e43a8-d718-46bc-b174-5ddab0ef6da2,Integração de produtos,2025-02-17,Encerrado,,,,,,,0.00,0.0000,0.0000,0.6000,0.2000,162.94,2026-07-24 17:06:28.173943+00,2026-07-25 14:26:00.868754+00,1,0.00,0.00,0.00
9b47721a-618d-49d4-8ae1-50c3df96d871,16232,879633fa-54eb-4eb7-b131-f35ced891fb3,Personalização relatorio de entrega,2025-11-10,BackLog,bb1443d3-c1f4-4712-8e52-04b694a00cc9,Visual Store,2,,,,0.00,0.0000,0.0000,0.6000,0.2000,162.94,2026-07-24 17:06:28.173943+00,2026-07-25 14:26:00.868754+00,1,0.00,0.00,0.00
9b654116-e636-4132-a0f4-af6d142def0b,108880,4a26fcf1-9bab-48eb-86b9-999e64310cd2,Tela de Bloqueio de bebida Alcoolica,2024-03-11,Concluido,4f873c3e-7e48-434a-8f65-02f3b0582863,,,Aprovado,2024-06-17,2024-06-27,12.00,0.2000,0.0000,0.6000,0.2000,162.94,2026-07-24 17:06:27.597938+00,2026-07-25 14:26:00.868754+00,1,6117.60,0.00,6117.60
9ba3571c-961b-4a06-9b7e-884eba679948,109331,fd257c9b-88cb-46bc-959c-6cf6a0c84e98,Preço Atacado,2024-03-26,Encerrado,b5f82498-f4af-427d-995d-77f6e9116056,Integração / PDV,4,,,,0.00,0.0000,0.0000,0.6000,0.2000,162.94,2026-07-24 17:06:27.597938+00,2026-07-25 14:26:00.868754+00,1,0.00,0.00,0.00
9be84862-d1d3-4928-9569-2ec77aab5c8a,111211,44900930-9abb-42ec-977e-076034299a13,Implantação CRM MercaPromo,2024-05-28,Encerrado,b5f82498-f4af-427d-995d-77f6e9116056,Integração / PDV,2,,,,0.00,0.0000,0.0000,0.6000,0.2000,162.94,2026-07-24 17:06:27.597938+00,2026-07-25 14:26:00.868754+00,1,0.00,0.00,0.00
9ca58132-0c88-42c1-9f83-c38f2597a9e2,95393,7715eec8-7dbd-45d8-b4da-228ac883230a,"Integração Mercafacil ",2023-01-27,Concluido,24887f2b-0a3f-4e8c-b699-fac9ebbea3a7,,,Encerrado,2023-02-06,,0.00,0.0000,0.0000,0.6000,0.2000,152.94,2026-07-24 17:06:27.597938+00,2026-07-24 17:06:27.597938+00,1,,,
9cd6a291-26b9-498c-b759-6930afe12a2b,106240,80f9054a-4b42-4362-b04e-47852bd387ab,Separar Perguntas por loja,2023-12-14,Encerrado,4f873c3e-7e48-434a-8f65-02f3b0582863,Visual Store / PDV,2,,,,0.00,0.0000,0.0000,0.6000,0.2000,162.94,2026-07-24 17:06:27.597938+00,2026-07-25 14:26:00.868754+00,1,0.00,0.00,0.00
9d73d9b9-f7c3-4e7c-a2d4-a09f369fd006,11024,88627d86-ab81-4fb7-904e-5fd914fc4b7a,"Ajuste nas estatistica central ",2025-07-17,Concluido,24887f2b-0a3f-4e8c-b699-fac9ebbea3a7,Gestão,2,Aprovado,2025-08-11,2025-08-14,40.00,0.0000,0.0000,0.0000,0.0000,162.94,2026-07-24 17:06:28.173943+00,2026-07-25 14:49:18.518535+00,1,,,
9d86fd9c-35af-448d-bb02-bf6a69256ac6,89365,aebbcea0-4af1-424f-8951-f3941e6cc793,Alteração integração campo nome do Cliente,2022-07-22,Concluido,b5f82498-f4af-427d-995d-77f6e9116056,,,Aprovado,2022-09-09,2022-09-26,20.00,0.2000,0.1000,0.6000,0.2000,159.54,2026-07-24 17:06:27.597938+00,2026-07-25 14:26:00.868754+00,1,6892.16,689.22,6202.94
9e0e8c89-4021-4f25-b21b-1315ba5c59d4,652,f8a59749-e052-458a-afc4-d7e7f228ddbe,Beneficio Funcionario,2024-12-09,Concluido,4f873c3e-7e48-434a-8f65-02f3b0582863,Vm_pay / Integração / PDV,3,Aprovado,2025-02-24,2025-03-06,94.00,0.2000,0.1499,0.6000,0.3200,162.94,2026-07-24 17:06:28.173943+00,2026-07-25 14:26:00.868754+00,1,35288.89,5288.75,30000.00
9e580353-0556-4185-a57c-874c966b8355,3816,d6661814-260f-4b92-9b0d-d619007208d2,Promoção Relampago,2023-10-09,Encerrado,4f873c3e-7e48-434a-8f65-02f3b0582863,PDV / Integração / Visual Store / Inovação,2,,,,64.00,0.2000,0.0000,0.6000,0.3200,152.94,2026-07-24 17:06:27.597938+00,2026-07-25 14:26:00.868754+00,1,22551.92,0.00,22551.92
9ed77bda-89cb-4f2a-b000-efdb5baa9134,119555,744f5f7f-cf8b-4412-80d6-44ee9af81bc0,Lojas Mel,2026-07-24,Novo Cliente,24887f2b-0a3f-4e8c-b699-fac9ebbea3a7,TODOS,4,,,,0.00,0.1000,0.0000,0.6000,0.2000,162.94,2026-07-24 23:51:28.625544+00,2026-07-24 23:51:28.625544+00,1,,,
9f080cca-cf3e-4938-90fe-dfec2b88b3a9,72637,229d045a-7db0-446c-8af0-7efea4522eaa,Desconto clube na tela do Self,2024-08-19,Concluido,24887f2b-0a3f-4e8c-b699-fac9ebbea3a7,PDV,2,Aprovado,2024-06-13,2024-08-12,33.00,0.0000,0.0000,0.6000,0.3200,152.94,2026-07-24 17:06:28.173943+00,2026-07-25 14:26:00.868754+00,1,9788.16,0.00,9788.16
9f960871-e2e7-441c-9305-b8ed26b56229,84861,923e43a8-d718-46bc-b174-5ddab0ef6da2,"Aumentar Tamanho do Campo ""Baixa""",2022-02-17,Concluido,7cf7d560-8945-44d0-8aa9-f57e5e40bee7,,,Aprovado,2022-05-18,2022-05-19,8.00,0.1000,0.0000,0.6000,0.2000,137.35,2026-07-24 17:06:27.597938+00,2026-07-25 14:26:00.868754+00,1,2175.60,0.00,2175.60
9fdc11d2-38ae-463a-b863-b3096b6bb9ce,92072,923e43a8-d718-46bc-b174-5ddab0ef6da2,Alteração em Campos E-mail e telefone,2022-10-14,Concluido,b5f82498-f4af-427d-995d-77f6e9116056,,,Aprovado,2022-10-28,2023-03-13,17.00,0.2000,0.0000,0.6000,0.2000,162.94,2026-07-24 17:06:27.597938+00,2026-07-25 14:26:00.868754+00,1,7832.16,0.00,7832.16
9ff9cfe8-573e-453a-a3a6-12cb4719bf7f,111510,96f36366-04b6-47a3-8545-91e84d426059,Integração de Kit,2024-06-05,Encerrado,24887f2b-0a3f-4e8c-b699-fac9ebbea3a7,Integração,1,,,,0.00,0.0000,0.0000,0.6000,0.2000,162.94,2026-07-24 17:06:27.597938+00,2026-07-25 14:26:00.868754+00,1,0.00,0.00,0.00
a0117d56-c1fd-4565-8770-745d1e668f15,3067,7f63efab-ea62-4df5-8339-5875ae9b2732,Caixa de dialogo na tela de utilização do Voucher de Devolução,2025-01-27,Concluido,b5f82498-f4af-427d-995d-77f6e9116056,Visual Store,2,Bonificado,,,0.00,0.0000,0.0000,0.6000,0.2000,162.94,2026-07-24 17:06:28.173943+00,2026-07-25 14:26:00.868754+00,1,0.00,0.00,
a0292ec9-20ad-4708-8f16-58f16e4c5642,93198,80fdd68a-1536-41e7-a7c6-29444ed91d18,Casadinha Fragrancia,2022-11-23,Concluido,4f873c3e-7e48-434a-8f65-02f3b0582863,,,Cancelado,,,50.00,0.2000,0.0000,0.6000,0.2000,152.94,2026-07-24 17:06:27.597938+00,2026-07-25 14:26:00.868754+00,1,16517.52,0.00,16517.52
a02abe08-f9a7-459e-8ce8-bca6bf29542c,110927,88627d86-ab81-4fb7-904e-5fd914fc4b7a,Cartaz Facil - P2,2024-05-20,Concluido,24887f2b-0a3f-4e8c-b699-fac9ebbea3a7,Gestão,2,Aprovado,2024-12-02,2024-12-03,0.00,0.0000,0.0000,0.6000,0.2000,152.94,2026-07-24 17:06:28.173943+00,2026-07-25 14:26:00.868754+00,1,7647.00,0.00,7647.00
a06d01df-50ed-4357-8cfa-c31d0031b665,104683,fd257c9b-88cb-46bc-959c-6cf6a0c84e98,Pesquisa de Satisfação no Self,2023-10-25,Reunião Tecnica,,PDV / Inovação,4,,,,0.00,0.0000,0.0000,0.6000,0.2000,162.94,2026-07-24 17:06:28.173943+00,2026-07-25 14:26:00.868754+00,1,0.00,0.00,0.00
a0ee72d8-8ef1-4ad5-9214-43ce6f1eff6d,13434,770a7889-ad6f-47c2-b614-e3db637a49c6,Força de venda BluSoft,2025-09-08,Encerrado,,,,,,,0.00,0.0000,0.0000,0.6000,0.2000,162.94,2026-07-24 17:06:28.173943+00,2026-07-25 14:26:00.868754+00,1,0.00,0.00,0.00
a145949a-6b64-45a7-a55a-45cb80a2bf0f,23109,923e43a8-d718-46bc-b174-5ddab0ef6da2,Cupom ecologico Selfcheckout,2026-04-22,A Iniciar,4f873c3e-7e48-434a-8f65-02f3b0582863,,,,,,0.00,0.0000,0.0000,0.6000,0.2000,162.94,2026-07-24 17:06:28.173943+00,2026-07-25 14:26:00.868754+00,1,0.00,0.00,0.00
a21a6162-78c1-409f-b7f9-0983a860b69f,100562,20e510ba-1c96-4519-bd31-5ff87bcb61e2,Relatorio de Cancelados,2023-07-05,Concluido,b5f82498-f4af-427d-995d-77f6e9116056,,,Aprovado,2023-10-31,2023-12-18,14.00,0.2000,0.0000,0.6000,0.3200,151.73,2026-07-24 17:06:27.597938+00,2026-07-25 14:26:00.868754+00,1,4894.08,0.00,4894.08
a23d663f-9849-40fe-b71c-3b616f524614,4214,56d9260f-27ea-41bd-87a6-7ed51ae6fe0f,Projeto PDV Mobile (Papa Fila),2025-02-12,Encerrado,24887f2b-0a3f-4e8c-b699-fac9ebbea3a7,Implantação,,Enviado,2025-06-02,,0.00,0.0000,0.0000,0.6000,0.2000,162.94,2026-07-24 17:06:28.173943+00,2026-07-25 14:26:00.868754+00,1,6517.60,0.00,6517.60
a2554e32-86e0-433a-936f-e73f3fd4a07a,99310,07ef7533-9281-4b78-bee4-6b35bdc48e39,Integração E-commerce Mercafacil,2023-05-26,Encerrado,b5f82498-f4af-427d-995d-77f6e9116056,,,Enviado,2023-08-25,,40.00,0.2000,0.1268,0.6000,0.2000,162.94,2026-07-24 17:06:27.597938+00,2026-07-25 14:26:00.868754+00,1,17178.22,2178.20,15000.02
a3940463-43a0-492c-9924-3dee5c419f3d,100729,d6661814-260f-4b92-9b0d-d619007208d2,Relatorio de Desconto clube,2023-07-11,Concluido,b5f82498-f4af-427d-995d-77f6e9116056,,,Cancelado,2023-07-28,,24.00,0.2000,0.0000,0.6000,0.3200,152.94,2026-07-24 17:06:27.597938+00,2026-07-25 14:26:00.868754+00,1,8564.64,0.00,8564.64
a3dfb76b-e4c5-4792-b191-0f6d8e76fb61,110670,bac6277e-ed8f-4df1-80ee-f3ea1d7100d7,Coletar numero do telefone junto ao CPF da Nota,2024-05-10,BackLog,,PDV,1,Suporte,,,0.00,0.0000,0.0000,0.6000,0.2000,162.94,2026-07-24 17:06:27.597938+00,2026-07-25 14:26:00.868754+00,1,0.00,0.00,0.00
a428e4a5-85bd-4527-a090-b9deae5d34aa,115565,229d045a-7db0-446c-8af0-7efea4522eaa,Migração do servidor de aplicação banco de dados,2024-09-16,Encerrado,24887f2b-0a3f-4e8c-b699-fac9ebbea3a7,Implantação,3,Enviado,2024-10-07,,0.00,0.0000,0.0000,0.6000,0.2000,162.94,2026-07-24 17:06:28.173943+00,2026-07-25 14:26:00.868754+00,1,0.00,0.00,0.00
a442daf4-ad09-4744-8a13-45c030a558e9,118731,20e510ba-1c96-4519-bd31-5ff87bcb61e2,Msg no PDV de Feliz aniversário,2024-12-12,Concluido,24887f2b-0a3f-4e8c-b699-fac9ebbea3a7,PDV,2,Release,,,0.00,0.0000,0.0000,0.6000,0.2000,162.94,2026-07-24 17:06:28.173943+00,2026-07-25 14:26:00.868754+00,1,0.00,0.00,0.00
a492a81e-c100-4353-a33a-c0fe53a37699,97827,b371113f-0789-40f1-9cb3-8cdd1fd32ac9,PDV Mobile,2023-04-12,Encerrado,,PDV / Inovação,3,,,,0.00,0.0000,0.0000,0.6000,0.2000,162.94,2026-07-24 17:06:27.597938+00,2026-07-25 14:26:00.868754+00,1,0.00,0.00,0.00
a495886e-bc6d-4dbe-b75c-c821d17230f2,107133,da5da913-1129-43d9-9acc-f74742c01ed0,Melhoria do processo Dotz,2024-01-15,Concluido,b5f82498-f4af-427d-995d-77f6e9116056,,,Aprovado,2024-01-22,2024-01-26,0.00,0.0000,0.0000,0.6000,0.2000,152.94,2026-07-24 17:06:27.597938+00,2026-07-25 14:26:00.868754+00,1,6729.36,0.00,6729.36
a49926e3-7bb9-4c9a-8ada-b67407061ab2,111958,fd257c9b-88cb-46bc-959c-6cf6a0c84e98,Cupom desconto,2024-06-17,Encerrado,24887f2b-0a3f-4e8c-b699-fac9ebbea3a7,Visual Store / PDV,2,,,,0.00,0.0000,0.0000,0.6000,0.2000,162.94,2026-07-24 17:06:27.597938+00,2026-07-25 14:26:00.868754+00,1,0.00,0.00,0.00
a49b0d0e-2454-4046-b52a-2f7c180ba938,11656,db047eb4-c014-41d0-b052-78601e1977e1,Qr-Code,2025-07-31,BackLog,bb1443d3-c1f4-4712-8e52-04b694a00cc9,PDV,1,,,,0.00,0.0000,0.0000,0.6000,0.2000,162.94,2026-07-24 17:06:28.173943+00,2026-07-25 14:26:00.868754+00,1,0.00,0.00,0.00
a4e25e40-dc7d-4c7d-968f-67dbb450a2b6,83059,610af016-3cf6-49a0-8ebd-c84cffce3f47,Sensibilização de Credito,2021-12-22,Concluido,b5f82498-f4af-427d-995d-77f6e9116056,,,Aprovado,2022-03-03,2022-03-04,36.00,0.2000,0.0000,0.6000,0.2000,162.94,2026-07-24 17:06:27.597938+00,2026-07-25 14:26:00.868754+00,1,11731.68,0.00,6671.84
a51a0047-acd3-4b6a-9115-80c17ce8d8a0,97856,b371113f-0789-40f1-9cb3-8cdd1fd32ac9,Habilitar a opção de troca manual no Visual Store,2023-04-13,Concluido,,,,Encerrado,,,0.00,0.0000,0.0000,0.6000,0.2000,162.94,2026-07-24 17:06:27.597938+00,2026-07-25 14:26:00.868754+00,1,0.00,0.00,0.00
a51bc0dd-f9db-4cbc-b51a-c0d3f54426b5,96887,838b766f-5f18-4a79-8202-208d7960fdb6,Exibir planos de compra com juros,2023-03-17,Concluido,4f873c3e-7e48-434a-8f65-02f3b0582863,,,Aprovado,2023-04-25,2023-05-15,28.00,0.2000,0.0000,0.6000,0.3200,169.36,2026-07-24 17:06:27.597938+00,2026-07-25 14:26:00.868754+00,1,10798.08,0.00,10798.08
a5595c14-e0d4-4ce4-84ba-3ac2c5eddc09,80982,4a26fcf1-9bab-48eb-86b9-999e64310cd2,Integração SAP Time & Material de 17/08 a 16/09 - PV,2022-10-21,Concluido,24887f2b-0a3f-4e8c-b699-fac9ebbea3a7,,,Aprovado,2022-09-19,2022-10-03,0.00,0.0000,0.0000,0.6000,0.2000,162.94,2026-07-24 17:06:27.597938+00,2026-07-25 14:26:00.868754+00,1,0.00,0.00,0.00
a60c347b-8d73-4c95-a732-4c268edcf948,20019,db047eb4-c014-41d0-b052-78601e1977e1,Cupom por e-mail,2026-02-11,Concluido,4f873c3e-7e48-434a-8f65-02f3b0582863,Inovação,3,Aprovado,2026-05-11,2026-07-08,24.00,0.2000,0.0000,0.6000,0.3200,162.94,2026-07-24 17:06:28.173943+00,2026-07-25 14:26:00.868754+00,1,9124.64,0.00,9124.64
a61cdcce-0ca0-4492-829e-fe1cc9857a36,3241,923e43a8-d718-46bc-b174-5ddab0ef6da2,Bloqueio de clientes cnpj do Sistema,2025-01-29,Em Analise,,,,,,,0.00,0.0000,0.0000,0.6000,0.2000,162.94,2026-07-24 17:06:27.597938+00,2026-07-25 14:26:00.868754+00,1,0.00,0.00,0.00
a652ade9-1dc7-4481-a333-96e0cd5d214e,9251,265b48f6-1d24-4dd6-a22e-a5f9eab7546a,Aderência PDV's para NFC'e,2025-06-05,Encerrado,24887f2b-0a3f-4e8c-b699-fac9ebbea3a7,Implantação,,,2025-06-09,,0.00,0.0000,0.0000,0.6000,0.2000,162.94,2026-07-24 17:06:28.173943+00,2026-07-25 14:26:00.868754+00,1,0.00,0.00,0.00
a6c64e21-cb0a-45a3-8d4d-913a9e3d9e27,96135,923e43a8-d718-46bc-b174-5ddab0ef6da2,"Av Mobile - Tela de Alteração de Entrega ",2023-02-22,Concluido,b5f82498-f4af-427d-995d-77f6e9116056,AV,1,Release,,,18.00,0.2000,0.0000,0.6000,0.3200,152.94,2026-07-24 17:06:27.597938+00,2026-07-24 17:06:27.597938+00,1,,,
a716c7a8-26c1-484b-8c52-3ccdd21be203,104448,fea3bb07-f66e-475f-9377-0b2b1f69459f,Cancelamento transação,2023-10-17,Concluido,24887f2b-0a3f-4e8c-b699-fac9ebbea3a7,,,Aprovado,2023-11-30,2023-12-19,72.00,0.0400,0.1813,0.6000,0.3200,152.94,2026-07-24 17:06:27.597938+00,2026-07-25 14:26:00.868754+00,1,21988.12,3986.45,18001.68
a7aec22a-3a00-44fd-905f-1f4549d910ad,95756,6a00b6df-bc61-4335-8976-3e39e064aff5,Inclução de Totalizadores nos Relatorios de Perguntas,2023-02-08,Concluido,b5f82498-f4af-427d-995d-77f6e9116056,,,Cancelado,2023-03-01,,14.00,0.2000,0.0000,0.6000,0.2000,152.94,2026-07-24 17:06:27.597938+00,2026-07-25 14:26:00.868754+00,1,6117.60,0.00,6117.60
a8010f5c-e28f-48b0-a307-e7290cb4d296,101129,4a26fcf1-9bab-48eb-86b9-999e64310cd2,Registro do DUN ou Blister para multiplicação,2023-07-25,Encerrado,4f873c3e-7e48-434a-8f65-02f3b0582863,Integração,1,,,,0.00,0.0000,0.0000,0.6000,0.2000,162.94,2026-07-24 17:06:27.597938+00,2026-07-25 14:26:00.868754+00,1,0.00,0.00,0.00
a81c52d5-b330-4c2d-8b8f-af154cbf1fdb,89442,20e510ba-1c96-4519-bd31-5ff87bcb61e2,Pagamento da comanda pelo APP,2022-07-26,Concluido,4f873c3e-7e48-434a-8f65-02f3b0582863,,,Encerrado,2023-05-12,,160.00,0.2000,0.1100,0.6000,0.2000,162.94,2026-07-24 17:06:27.597938+00,2026-07-25 14:26:00.868754+00,1,56214.30,6183.57,50030.73
a9183031-7933-4158-b550-b9823f2d70d5,106145,923e43a8-d718-46bc-b174-5ddab0ef6da2,Informação Divirgente na impressão do DAV,2023-12-11,Concluido,b5f82498-f4af-427d-995d-77f6e9116056,AV,2,Bonificado,2024-07-17,2024-07-17,10.00,0.2000,1.0000,0.7000,0.3400,152.94,2026-07-24 17:06:27.597938+00,2026-07-25 14:26:00.868754+00,1,3743.97,3743.97,
a92336af-f75a-429b-bf96-649f6d11d92a,111017,b371113f-0789-40f1-9cb3-8cdd1fd32ac9,Integração OpenCashback,2024-05-22,Encerrado,b5f82498-f4af-427d-995d-77f6e9116056,Integração / PDV,2,Enviado,2024-07-25,,80.00,0.2000,0.0000,0.6000,0.3200,152.94,2026-07-24 17:06:27.597938+00,2026-07-25 14:26:00.868754+00,1,28189.90,0.00,28189.90
a92b0c0a-0a49-47fe-93fe-9d16f24de2e8,19631,d6661814-260f-4b92-9b0d-d619007208d2,Exibir desconto com cartão + Amigo,2026-01-30,Em Analise,4f873c3e-7e48-434a-8f65-02f3b0582863,PDV,2,,,,0.00,0.0000,0.0000,0.6000,0.2000,162.94,2026-07-24 17:06:28.173943+00,2026-07-25 14:26:00.868754+00,1,6517.60,0.00,6517.60
a94fe32f-1ecc-41ad-b11d-3c04c01d5051,19855,88627d86-ab81-4fb7-904e-5fd914fc4b7a,Inclusão diferimento,2026-02-04,Concluido,24887f2b-0a3f-4e8c-b699-fac9ebbea3a7,Gestão,2,Aprovado,2026-02-04,2026-02-13,24.00,0.0000,0.0000,0.0000,0.0000,162.94,2026-07-24 17:06:28.173943+00,2026-07-25 13:52:00.598382+00,1,,,
a9932d29-933a-4b0d-82e0-ce65ff574277,116459,80f9054a-4b42-4362-b04e-47852bd387ab,Promoção Natal,2024-10-10,Encerrado,,PDV,2,,,,0.00,0.0000,0.0000,0.6000,0.2000,162.94,2026-07-24 17:06:28.173943+00,2026-07-25 14:26:00.868754+00,1,0.00,0.00,0.00
a9952b2b-723d-45bb-b91b-858a6dcadd74,102817,838b766f-5f18-4a79-8202-208d7960fdb6,Ativar Preço Private Label,2023-09-19,Concluido,4f873c3e-7e48-434a-8f65-02f3b0582863,Integração / PDV,1,Aprovado,2024-08-09,2025-03-14,8.00,0.0000,0.0000,0.6000,0.3200,168.72,2026-07-24 17:06:27.597938+00,2026-07-25 14:26:00.868754+00,1,6748.80,0.00,6748.80
a9c8c33f-c12f-4e20-93f8-da788d8fefd0,113552,88627d86-ab81-4fb7-904e-5fd914fc4b7a,Implementação do tipo de registro Sell Out Crm,2024-07-25,Concluido,24887f2b-0a3f-4e8c-b699-fac9ebbea3a7,Getsão,2,Aprovado,2024-08-14,2024-08-20,66.00,0.2000,0.1397,0.6000,0.3200,152.88,2026-07-24 17:06:27.597938+00,2026-07-25 14:26:00.868754+00,1,23246.88,3246.43,20000.00
aa352862-44af-441b-a681-355262a418d6,3610,eedf6198-b134-4d0a-9acb-9fec23f95f90,Alocação de recurso,2025-02-04,Concluido,24887f2b-0a3f-4e8c-b699-fac9ebbea3a7,Implantação,3,Aprovado,2025-02-04,2025-04-07,0.00,0.0000,0.0000,0.6000,0.2000,162.94,2026-07-24 17:06:28.173943+00,2026-07-25 14:26:00.868754+00,1,19552.80,0.00,19552.80
aa5a9cf4-861d-447b-bac1-7c3ab9f1e852,20786,96f36366-04b6-47a3-8545-91e84d426059,Coletar telefone cliente,2026-02-27,Aguard. Retorno do Cliente,4f873c3e-7e48-434a-8f65-02f3b0582863,PDV,2,,,,16.00,0.2000,0.0000,0.6000,0.3200,162.94,2026-07-24 17:06:28.173943+00,2026-07-25 14:26:00.868754+00,1,7508.28,0.00,7508.28
aa7f94b1-afe8-4e64-9697-1ee242eaed32,89119,610af016-3cf6-49a0-8ebd-c84cffce3f47,Exibição PIX na Tesouraria,2022-07-13,Concluido,b5f82498-f4af-427d-995d-77f6e9116056,,,Aprovado,2022-07-28,,20.00,0.1000,0.0000,0.6000,0.2000,162.94,2026-07-24 17:06:27.597938+00,2026-07-25 14:26:00.868754+00,1,6452.42,0.00,6452.42
aabf8814-277f-4204-a2fe-2c1395ef241c,16531,eedf6198-b134-4d0a-9acb-9fec23f95f90,Migração Protheus,2025-11-18,Encerrado,24887f2b-0a3f-4e8c-b699-fac9ebbea3a7,Implantação,3,,,,0.00,0.0000,0.0000,0.6000,0.2000,162.94,2026-07-24 17:06:28.173943+00,2026-07-25 14:26:00.868754+00,1,0.00,0.00,0.00
ab086403-ffa6-4b95-8be3-e642c35fab5a,97830,b371113f-0789-40f1-9cb3-8cdd1fd32ac9,Relatorio recebimento PDV,2023-04-12,Concluido,,,,Encerrado,,,0.00,0.0000,0.0000,0.6000,0.2000,162.94,2026-07-24 17:06:27.597938+00,2026-07-25 14:26:00.868754+00,1,0.00,0.00,0.00
ab176359-ee7a-4a04-b131-4edd464452ac,99290,229d045a-7db0-446c-8af0-7efea4522eaa,Implantação Super Troco,2023-05-26,Concluido,24887f2b-0a3f-4e8c-b699-fac9ebbea3a7,,,Aprovado,2023-05-29,2023-06-19,0.00,0.0000,0.0000,0.6000,0.2000,152.94,2026-07-24 17:06:27.597938+00,2026-07-25 14:26:00.868754+00,1,6117.60,0.00,6117.60
ab26397b-39a4-4e96-a165-021022165e27,1449,649bf5d4-1dc6-46b7-afea-e2e3ebb12630,Implantação Scanntech Giassi,2025-10-02,Em Analise,24887f2b-0a3f-4e8c-b699-fac9ebbea3a7,Implantação,3,,,,0.00,0.0000,0.0000,0.6000,0.2000,162.94,2026-07-24 17:06:27.597938+00,2026-07-25 14:26:00.868754+00,1,0.00,0.00,0.00
ab5e7daa-cce3-4f79-9c9c-863154898b28,101427,4f9970fc-7e10-4350-8cdb-03c2c57cad8b,Fluxo de cadastro de cliente,2023-08-04,Em Analise,4f873c3e-7e48-434a-8f65-02f3b0582863,,,Release,,,0.00,0.0000,0.0000,0.6000,0.2000,162.94,2026-07-24 17:06:27.597938+00,2026-07-25 14:26:00.868754+00,1,0.00,0.00,0.00
ab6db647-136a-4c85-9059-43d124ef4335,21109,649bf5d4-1dc6-46b7-afea-e2e3ebb12630,Implantação Scanntech Santo,2026-03-06,Em Analise,24887f2b-0a3f-4e8c-b699-fac9ebbea3a7,Implantação,3,,,,0.00,0.0000,0.0000,0.6000,0.2000,162.94,2026-07-24 17:06:28.173943+00,2026-07-25 14:26:00.868754+00,1,0.00,0.00,0.00
ab894549-c810-4ee5-ad5a-1281c926363e,108392,037e23fd-1363-4635-8ef6-a73329228c53,Autorizador peralta troca de Senha,2024-02-27,Encerrado,b5f82498-f4af-427d-995d-77f6e9116056,"PDV / Vm_pay / ",2,Enviado,2024-04-02,,38.00,0.2000,0.2000,0.6000,0.3200,152.94,2026-07-24 17:06:27.597938+00,2026-07-25 14:26:00.868754+00,1,13390.20,2678.04,10712.16
abc8a4cd-2e47-433c-965a-0546c161af7d,22613,062f29c0-68da-4e01-aaef-2e9441927201,pagamento de duplicata Convênio,2026-04-09,Aguard. Analise Desen.,24887f2b-0a3f-4e8c-b699-fac9ebbea3a7,PDV / Inovação,3,,,,0.00,0.0000,0.0000,0.6000,0.2000,162.94,2026-07-24 17:06:28.173943+00,2026-07-25 14:26:00.868754+00,1,0.00,0.00,0.00
ac0f9140-1ee5-4420-a2e5-f0cd9757b2f4,101877,8e92fca3-e9fb-43f4-b2f2-f1764c842d74,Parametrização P3 Izio,2023-08-21,Concluido,24887f2b-0a3f-4e8c-b699-fac9ebbea3a7,,,Encerrado,2023-08-25,,0.00,0.0000,0.0000,0.6000,0.2000,152.94,2026-07-24 17:06:27.597938+00,2026-07-25 14:26:00.868754+00,1,12235.20,0.00,12235.20
ac77513f-97b9-48cb-add7-c0f6a353f063,107624,0a436d0a-2734-47af-aa71-0d2ac24b5050,Integração StopMatic,2024-01-30,Encerrado,24887f2b-0a3f-4e8c-b699-fac9ebbea3a7,Integração / PDV,2,,,,0.00,0.0000,0.0000,0.6000,0.2000,162.94,2026-07-24 17:06:27.597938+00,2026-07-25 14:26:00.868754+00,1,0.00,0.00,0.00
ac943547-3991-4dfc-86dc-e2b621ed977f,88417,d6661814-260f-4b92-9b0d-d619007208d2,Proposta atualização ISO dos PDV's - 07/11 A 11/11/2022,2022-06-17,Concluido,24887f2b-0a3f-4e8c-b699-fac9ebbea3a7,,,Aprovado,2022-11-14,2022-11-18,0.00,0.0000,0.0000,0.6000,0.2000,162.94,2026-07-24 17:06:27.597938+00,2026-07-25 14:26:00.868754+00,1,0.00,0.00,0.00
aca98fbb-4cb4-4880-9378-29387450cd9e,115129,229d045a-7db0-446c-8af0-7efea4522eaa,Cartão Pré Aprovado CredSystem,2024-09-04,Encerrado,4f873c3e-7e48-434a-8f65-02f3b0582863,PDV / Integração,2,,,,0.00,0.0000,0.0000,0.6000,0.2000,162.94,2026-07-24 17:06:28.173943+00,2026-07-25 14:26:00.868754+00,1,0.00,0.00,0.00
ad383cac-8e83-4e23-88d7-ac1f677914b8,87732,80f9054a-4b42-4362-b04e-47852bd387ab,Consulta de fatura DmCard,2022-05-26,Concluido,24887f2b-0a3f-4e8c-b699-fac9ebbea3a7,,,Aprovado,2022-07-04,2022-08-09,32.00,0.1100,0.0000,0.6000,0.2000,162.94,2026-07-24 17:06:27.597938+00,2026-07-25 14:26:00.868754+00,1,10417.73,0.00,10417.73
ae5bd0ae-b236-4e41-98e8-aec8d4223126,92267,4a26fcf1-9bab-48eb-86b9-999e64310cd2,Desconto colaborador com regras de aplicação,2022-10-21,Concluido,4f873c3e-7e48-434a-8f65-02f3b0582863,,,Aprovado,2022-11-17,2023-01-13,50.00,0.2000,0.0500,0.6000,0.2000,145.04,2026-07-24 17:06:27.597938+00,2026-07-25 14:26:00.868754+00,1,15664.32,783.22,14881.10
ae9d7a4a-ec8c-4889-83d7-0dd2e93d5ab7,11223,d6661814-260f-4b92-9b0d-d619007208d2,Estacionamento WPS pela placa,2025-07-22,Concluido,24887f2b-0a3f-4e8c-b699-fac9ebbea3a7,Implantação,2,Aprovado,2025-10-21,2025-11-14,32.00,0.2000,0.0000,0.6000,0.3200,162.94,2026-07-24 17:06:28.173943+00,2026-07-25 14:26:00.868754+00,1,12057.56,0.00,12057.56
aeae7e23-e712-488c-a719-9fe64363e1d1,19357,88627d86-ab81-4fb7-904e-5fd914fc4b7a,Exporta Produtos e inicioSQL performace e sql 2022,2026-01-26,Concluido,24887f2b-0a3f-4e8c-b699-fac9ebbea3a7,Gestão,4,Aprovado,2026-01-26,2026-03-03,180.00,0.0000,0.0000,0.0000,0.0000,162.94,2026-07-24 17:06:28.173943+00,2026-07-25 13:55:34.645481+00,1,,,
aee791ee-9b41-4a26-89cb-f6d4ead217ff,96142,bddc3eea-c4b9-4010-a353-481fb50e5f99,Automatização do reenvio de notas para a Sefaz,2023-02-22,Encerrado,,Visual Store / Autorizador,2,,,,0.00,0.0000,0.0000,0.6000,0.2000,162.94,2026-07-24 17:06:27.597938+00,2026-07-25 14:26:00.868754+00,1,0.00,0.00,0.00
aefbe3d7-aadf-41ff-bdf5-5c7227b33a2f,89463,aebbcea0-4af1-424f-8951-f3941e6cc793,Permitir alterar a data de Entrega do DAV,2022-07-27,Concluido,b5f82498-f4af-427d-995d-77f6e9116056,,,Aprovado,2022-09-15,2022-09-16,25.00,0.2000,0.0000,0.6000,0.2000,150.84,2026-07-24 17:06:27.597938+00,2026-07-25 14:26:00.868754+00,1,8145.28,0.00,8145.28
af12bd80-ecd0-46a3-8522-91d02c096eea,18870,1906d458-3c21-4f23-9720-ab05b01fb3f6,Alteração na exibição e formas de parcelamento,2026-01-13,Concluido,24887f2b-0a3f-4e8c-b699-fac9ebbea3a7,PDV,3,Enviado,2026-03-18,,24.00,0.2000,0.0000,0.6000,0.3200,162.94,2026-07-24 17:06:28.173943+00,2026-07-25 14:26:00.868754+00,1,9124.64,0.00,9124.64
af3bd99b-3798-418f-beaa-ac4f76abdd4d,101341,d6661814-260f-4b92-9b0d-d619007208d2,Finalizadora Vtex,2023-08-01,Encerrado,b5f82498-f4af-427d-995d-77f6e9116056,Integração,Médio,,,,0.00,0.0000,0.0000,0.6000,0.2000,162.94,2026-07-24 17:06:27.597938+00,2026-07-25 14:26:00.868754+00,1,0.00,0.00,0.00
af4edf56-f76e-4547-8f00-7d734e7b23b2,8827,80f9054a-4b42-4362-b04e-47852bd387ab,Alteração assistente de Vendas,2025-05-27,Em Analise,4f873c3e-7e48-434a-8f65-02f3b0582863,AV,2,Release,,,0.00,0.0000,0.0000,0.6000,0.2000,162.94,2026-07-24 17:06:28.173943+00,2026-07-25 14:26:00.868754+00,1,0.00,0.00,0.00
af91dab8-c4b2-42d3-a046-e05e1946e7bf,20467,80fdd68a-1536-41e7-a7c6-29444ed91d18,Projeto MGVCloud,2026-02-20,BackLog,,PDV,2,,,,0.00,0.0000,0.0000,0.6000,0.2000,162.94,2026-07-24 17:06:28.173943+00,2026-07-25 14:26:00.868754+00,1,0.00,0.00,0.00
afc88f6e-2bfa-4cae-8aa2-fa8facbadeff,7834,923e43a8-d718-46bc-b174-5ddab0ef6da2,Parametro 113 aos domingos,2025-05-04,Concluido,4f873c3e-7e48-434a-8f65-02f3b0582863,AV,1,,,,6.00,0.2000,0.0000,0.6000,0.2000,162.94,2026-07-24 17:06:28.173943+00,2026-07-25 14:26:00.868754+00,1,0.00,0.00,9776.40
b039b14b-7282-4873-89fa-ebc773859427,18868,80f9054a-4b42-4362-b04e-47852bd387ab,Troco em cash back,2026-01-13,Encerrado,4f873c3e-7e48-434a-8f65-02f3b0582863,Inovação / PDV,2,,,,0.00,0.0000,0.0000,0.6000,0.2000,162.94,2026-07-24 17:06:28.173943+00,2026-07-25 14:26:00.868754+00,1,0.00,0.00,0.00
b082de99-aa69-408c-822c-b52187a299ab,97365,b371113f-0789-40f1-9cb3-8cdd1fd32ac9,Inclução de campo no cadastro de cliente,2023-03-31,Concluido,,,,Encerrado,,,0.00,0.0000,0.0000,0.6000,0.2000,162.94,2026-07-24 17:06:27.597938+00,2026-07-25 14:26:00.868754+00,1,0.00,0.00,0.00
b0c56564-04af-440b-8b41-400ff4829480,107491,d6661814-260f-4b92-9b0d-d619007208d2,Alteração Fluxo Ifood,2024-01-26,Concluido,4f873c3e-7e48-434a-8f65-02f3b0582863,,,Aprovado,2024-05-20,2024-06-07,24.00,0.2000,0.0000,0.6250,0.3250,152.50,2026-07-24 17:06:27.597938+00,2026-07-25 14:26:00.868754+00,1,8564.64,0.00,8564.64
b0ed032f-6548-436f-abf8-dfdec512948d,87053,abf23b33-9ed4-4317-8b5f-8ccde48ddde9,Implantação CRM MercaFácil,2022-04-29,Concluido,24887f2b-0a3f-4e8c-b699-fac9ebbea3a7,,,Aprovado,2022-04-29,2022-06-14,0.00,0.0000,0.0000,0.6000,0.2000,162.94,2026-07-24 17:06:27.597938+00,2026-07-25 14:26:00.868754+00,1,7000.00,0.00,7000.00
b1b6a7d9-b9a1-4553-b357-f7e74feec96a,109241,d6661814-260f-4b92-9b0d-d619007208d2,Integração de Venda Esfera,2024-03-22,Encerrado,b5f82498-f4af-427d-995d-77f6e9116056,,,,,,0.00,0.0000,0.0000,0.6000,0.2000,162.94,2026-07-24 17:06:27.597938+00,2026-07-25 14:26:00.868754+00,1,0.00,0.00,0.00
b22761fd-0595-4fb1-aa4a-a3a478c9c294,88417,d6661814-260f-4b92-9b0d-d619007208d2,Proposta atualização ISO dos PDV's - 31/10 A 04/11/2022,2022-06-17,Concluido,24887f2b-0a3f-4e8c-b699-fac9ebbea3a7,,,Aprovado,2022-11-04,2022-11-04,0.00,0.0000,0.0000,0.6000,0.2000,162.94,2026-07-24 17:06:27.597938+00,2026-07-25 14:26:00.868754+00,1,0.00,0.00,0.00
b29c5d72-be4f-471b-bfeb-1c9ebb1b805d,118226,bddc3eea-c4b9-4010-a353-481fb50e5f99,Cresce Vendes - Rede Economia,2024-11-29,Concluido,24887f2b-0a3f-4e8c-b699-fac9ebbea3a7,Integração / PDV,3,Aprovado,2024-12-04,2024-12-18,0.00,0.0000,0.0000,0.6000,0.2000,152.94,2026-07-24 17:06:28.173943+00,2026-07-25 14:26:00.868754+00,1,15294.00,0.00,15294.00
b2b36421-f151-4428-ae7b-a273c1e9aded,105598,610af016-3cf6-49a0-8ebd-c84cffce3f47,Alteração de bilhete Seguro e Roubo,2023-11-27,Concluido,b5f82498-f4af-427d-995d-77f6e9116056,,,Cancelado,2024-02-07,,13.00,0.2000,0.0000,0.6154,0.3231,152.94,2026-07-24 17:06:27.597938+00,2026-07-25 14:26:00.868754+00,1,4624.91,0.00,4624.91
b2b38b77-0a23-4f92-aa1e-4e16a46b38c9,89145,7f63efab-ea62-4df5-8339-5875ae9b2732,Identificar itens que serão Parcelados,2022-07-14,Concluido,4f873c3e-7e48-434a-8f65-02f3b0582863,,,Bonificado,2022-08-11,2022-08-23,28.00,0.0000,1.0000,0.6000,0.2000,162.94,2026-07-24 17:06:27.597938+00,2026-07-25 14:26:00.868754+00,1,8212.18,8212.18,
b2c469af-6af5-483e-b747-4086fb65f839,94491,fd257c9b-88cb-46bc-959c-6cf6a0c84e98,Integração Ifoods,2022-12-30,Concluido,24887f2b-0a3f-4e8c-b699-fac9ebbea3a7,,,Aprovado,2023-01-31,2023-02-22,0.00,0.0000,0.0000,0.6000,0.2000,152.94,2026-07-24 17:06:27.597938+00,2026-07-25 14:26:00.868754+00,1,6729.36,0.00,6729.36
b346b8e4-86ad-4c63-8860-f1aae48752e5,94588,1906d458-3c21-4f23-9720-ab05b01fb3f6,"Resgate de DAV's ",2023-01-03,Concluido,b5f82498-f4af-427d-995d-77f6e9116056,,,Aprovado,2023-02-22,2023-03-06,133.00,0.2000,0.2000,0.6000,0.2000,162.94,2026-07-24 17:06:27.597938+00,2026-07-24 17:06:27.597938+00,1,,,
b38254ec-0c7d-4194-b0c2-d664d24bbf47,86398,20e510ba-1c96-4519-bd31-5ff87bcb61e2,Cadastro de Kit,2022-04-07,Concluido,4f873c3e-7e48-434a-8f65-02f3b0582863,,,Aprovado,2022-07-18,2022-07-26,10.00,0.2000,0.0000,0.6000,0.2000,162.94,2026-07-24 17:06:27.597938+00,2026-07-25 14:26:00.868754+00,1,3519.50,0.00,3519.50
b3b906a8-8091-4a36-bc74-c2d4b576edd9,113962,4f9970fc-7e10-4350-8cdb-03c2c57cad8b,Integração Seal Via API,2024-08-05,BackLog,,Integração,3,,,,0.00,0.0000,0.0000,0.6000,0.2000,162.94,2026-07-24 17:06:28.173943+00,2026-07-25 14:26:00.868754+00,1,5897.37,0.00,0.00
b3c032bb-a5e4-44e2-9296-b3fe8a50e045,23744,3636c0c9-fdae-439b-b2d4-9714d0e7ef66,Frete na aplicação papa Fila,2026-05-07,Concluido,24887f2b-0a3f-4e8c-b699-fac9ebbea3a7,Inovação,3,Enviado,2026-07-07,,0.00,0.0000,0.0000,0.6000,0.2000,162.94,2026-07-24 17:06:28.173943+00,2026-07-25 14:26:00.868754+00,1,4254.69,0.00,4254.69
b3c3c8d3-0cf2-4813-9126-52dac4170bf6,76227,44900930-9abb-42ec-977e-076034299a13,Alteração layout de Etiqueta Mata Burro,2021-06-10,Concluido,7cf7d560-8945-44d0-8aa9-f57e5e40bee7,,,Aprovado,2022-06-27,2022-04-27,0.00,0.0000,0.0000,0.6000,0.2000,162.94,2026-07-24 17:06:27.597938+00,2026-07-25 14:26:00.868754+00,1,0.00,0.00,0.00
b3e930b5-c1b9-4b1f-bdda-6f4f1173ba78,9729,8e8248c7-2bfa-4dde-9f2d-d383e1908c72,Elaboração DAVT,2025-06-16,Encerrado,24887f2b-0a3f-4e8c-b699-fac9ebbea3a7,TODOS,4,,,,0.00,0.0000,0.0000,0.6000,0.2000,162.94,2026-07-24 17:06:28.173943+00,2026-07-25 14:26:00.868754+00,1,0.00,0.00,0.00
b4071f26-b926-4ac0-bf3d-040d75c4762a,88104,20e510ba-1c96-4519-bd31-5ff87bcb61e2,Proposta Homologar equipamento Elgin DUO,2022-06-07,Concluido,24887f2b-0a3f-4e8c-b699-fac9ebbea3a7,,,Recusada,2022-09-26,,0.00,0.0000,0.0000,0.6000,0.2000,162.94,2026-07-24 17:06:27.597938+00,2026-07-25 14:26:00.868754+00,1,0.00,0.00,0.00
b538b3ff-ad95-492d-8745-d888a30c5037,26171,20e510ba-1c96-4519-bd31-5ff87bcb61e2,E-commmerce com Selos,2026-07-03,A Iniciar,4f873c3e-7e48-434a-8f65-02f3b0582863,PDV,2,,,,0.00,0.0000,0.0000,0.6000,0.2000,162.94,2026-07-24 17:06:28.173943+00,2026-07-25 14:26:00.868754+00,1,12057.56,0.00,12057.56
b5745a8f-4746-4f0c-affb-633969072846,90775,20e510ba-1c96-4519-bd31-5ff87bcb61e2,Casadinha Combo,2022-09-09,Concluido,24887f2b-0a3f-4e8c-b699-fac9ebbea3a7,,,Aprovado,2022-10-19,2022-10-19,12.00,0.2000,0.0000,0.6000,0.2000,162.94,2026-07-24 17:06:27.597938+00,2026-07-25 14:26:00.868754+00,1,4223.40,0.00,4223.40
b5a94929-be9b-444c-8e0c-12b7d37714c4,97646,80fdd68a-1536-41e7-a7c6-29444ed91d18,Homologação Chama Fila,2023-04-06,Concluido,24887f2b-0a3f-4e8c-b699-fac9ebbea3a7,,,Aprovado,2023-06-13,2023-06-29,8.00,0.0000,0.0000,0.6000,0.2000,162.94,2026-07-24 17:06:27.597938+00,2026-07-25 14:26:00.868754+00,1,4000.00,0.00,4000.00
b5adbc8e-fc6d-4209-b512-75ed05d83ac2,116658,80f9054a-4b42-4362-b04e-47852bd387ab,Melhorias no PDV,2024-10-16,Encerrado,,PDV / implantação,3,,,,0.00,0.0000,0.0000,0.6000,0.2000,162.94,2026-07-24 17:06:28.173943+00,2026-07-25 14:26:00.868754+00,1,0.00,0.00,0.00
b5d71310-bd59-456b-8a7d-3dd50e3def85,9509,88627d86-ab81-4fb7-904e-5fd914fc4b7a,Custo Sell out,2025-06-12,Concluido,24887f2b-0a3f-4e8c-b699-fac9ebbea3a7,Gestão,2,Aprovado,2025-06-18,2025-06-23,0.00,0.0000,0.0000,0.6000,0.2000,162.94,2026-07-24 17:06:28.173943+00,2026-07-25 14:26:00.868754+00,1,11731.68,0.00,11731.68
b65ad19d-8a05-4d4f-8c42-f44b980a07f4,25297,229d045a-7db0-446c-8af0-7efea4522eaa,Conciliação de Cartões e PIX,2026-07-24,Aguard. Retorno do Cliente,24887f2b-0a3f-4e8c-b699-fac9ebbea3a7,Integração,2,,,,0.00,0.0000,0.0000,0.6000,0.2000,162.94,2026-07-24 17:06:28.173943+00,2026-07-25 14:26:00.868754+00,1,0.00,0.00,0.00
b65e3880-97e9-40bb-80b8-089206d104d5,89420,aebbcea0-4af1-424f-8951-f3941e6cc793,Cálculo de frete por faixa de distancia e valor,2022-07-25,Concluido,b5f82498-f4af-427d-995d-77f6e9116056,,,Aprovado,2022-08-31,2022-09-06,30.00,0.2000,0.0000,0.6000,0.2000,154.71,2026-07-24 17:06:27.597938+00,2026-07-25 14:26:00.868754+00,1,10024.96,0.00,10024.96
b6b70e5d-c345-4a67-938b-4d23c146fd60,94681,418ed8e3-cad9-407c-ac64-872f59d269ca,Instalação do novo servidor,2023-01-06,Concluido,24887f2b-0a3f-4e8c-b699-fac9ebbea3a7,,,Encerrado,2023-01-23,,0.00,0.0000,0.0000,0.6000,0.2000,152.94,2026-07-24 17:06:27.597938+00,2026-07-25 14:26:00.868754+00,1,6117.60,0.00,6117.60
b6b83a5b-b503-43fc-98f0-1ad4b020c16b,79907,838b766f-5f18-4a79-8202-208d7960fdb6,Termo de segurança nos cupons,2021-09-20,Concluido,24887f2b-0a3f-4e8c-b699-fac9ebbea3a7,,,Aprovado,2022-03-03,2022-03-04,100.00,0.0000,0.0000,0.6000,0.2000,188.45,2026-07-24 17:06:27.597938+00,2026-07-25 14:26:00.868754+00,1,33921.00,0.00,27136.80
b7aaf4e2-d35f-4491-9444-61d51b1fa2ec,78923,44900930-9abb-42ec-977e-076034299a13,App Mobile - 304 Função  Vale Agua,2021-08-23,Concluido,7cf7d560-8945-44d0-8aa9-f57e5e40bee7,,,Recusada,,,18.00,0.2000,0.0000,0.6000,0.2000,162.94,2026-07-24 17:06:27.597938+00,2026-07-25 14:26:00.868754+00,1,7039.01,0.00,0.00
b7b0c959-afeb-4630-be66-20f24b5a8d0c,73615,01ff7797-f539-45cb-9e9a-dc195620d23f,Criação de casadinha com promovido com peso variavel,2022-03-25,Concluido,4f873c3e-7e48-434a-8f65-02f3b0582863,,,Cancelado,2022-06-08,,64.00,0.1000,0.2000,0.6000,0.2000,162.94,2026-07-24 17:06:27.597938+00,2026-07-25 14:26:00.868754+00,1,20647.76,4129.55,16518.21
b7cb5456-0921-43af-beb0-e16d6f377cf3,84881,bb0e15fd-cf58-4db3-b926-63c4e5488af1,Melhoria DAV E-commerce,2022-02-18,Concluido,b5f82498-f4af-427d-995d-77f6e9116056,,,Cancelado,2022-05-11,,92.00,0.1000,0.0000,0.6000,0.2000,162.94,2026-07-24 17:06:27.597938+00,2026-07-25 14:26:00.868754+00,1,29681.15,0.00,29681.15
b7ea81d5-794c-4a55-8317-030a348f64bb,96968,44900930-9abb-42ec-977e-076034299a13,Melhoria no processo de Sangria,2023-03-20,Concluido,b5f82498-f4af-427d-995d-77f6e9116056,,,Release,,,4.00,0.2000,0.0000,0.6000,0.3200,152.94,2026-07-24 17:06:27.597938+00,2026-07-25 14:26:00.868754+00,1,1409.50,0.00,1409.50
b84e57e5-43d2-4645-9326-d003a65146b2,93681,abf23b33-9ed4-4317-8b5f-8ccde48ddde9,Atualização Pin Block,2022-12-07,Concluido,24887f2b-0a3f-4e8c-b699-fac9ebbea3a7,,,Aprovado,2022-12-13,2022-12-28,0.00,0.0000,0.0000,0.6000,0.2000,162.94,2026-07-24 17:06:27.597938+00,2026-07-25 14:26:00.868754+00,1,0.00,0.00,0.00
b8b23aa6-3811-4e4a-81df-3c191fa9373c,111761,7f63efab-ea62-4df5-8339-5875ae9b2732,Implementação Estacionamento Aucon,2024-06-11,Concluido,4f873c3e-7e48-434a-8f65-02f3b0582863,Integração / PDV,2,Aprovado,2024-08-06,2024-08-08,40.00,0.2000,0.0000,0.6000,0.3200,152.67,2026-07-24 17:06:27.597938+00,2026-07-25 14:26:00.868754+00,1,14070.48,0.00,14070.48
b9c37f21-ffe2-4dfe-9431-4f3fb0b0f95a,89813,7f63efab-ea62-4df5-8339-5875ae9b2732,Leitura de QrCode para Saida de Clientes,2022-08-08,Cancelado,b5f82498-f4af-427d-995d-77f6e9116056,,,,,,0.00,0.0000,0.0000,0.6000,0.2000,162.94,2026-07-24 17:06:27.597938+00,2026-07-25 14:26:00.868754+00,1,0.00,0.00,0.00
ba1a1ae6-4b75-4e67-9f32-8f30630a6f05,102195,f8a59749-e052-458a-afc4-d7e7f228ddbe,Implantação CDC - Clientes,2023-09-01,Concluido,4f873c3e-7e48-434a-8f65-02f3b0582863,,,Aprovado,2023-10-17,2023-10-19,139.00,0.2000,0.1827,0.6000,0.3200,152.82,2026-07-24 17:06:27.597938+00,2026-07-25 14:26:00.868754+00,1,48940.80,8940.51,40000.29
bb214bcd-04d8-4bb5-b2e7-bed71b84161c,59,229d045a-7db0-446c-8af0-7efea4522eaa,Venda não fiscal,2023-05-29,Concluido,b5f82498-f4af-427d-995d-77f6e9116056,PDV / Integração,2,Aprovado,2025-04-08,2025-04-16,20.00,0.2000,0.1000,0.6000,0.3200,162.66,2026-07-24 17:06:27.597938+00,2026-07-25 14:26:00.868754+00,1,7495.24,749.52,6745.72
bb288bb8-46bb-4ba4-8412-e52e4f935345,14233,7f63efab-ea62-4df5-8339-5875ae9b2732,Projeto Ifoods,2026-09-26,BackLog,24887f2b-0a3f-4e8c-b699-fac9ebbea3a7,AV,3,,,,0.00,0.0000,0.0000,0.6000,0.2000,162.94,2026-07-24 17:06:28.173943+00,2026-07-25 14:26:00.868754+00,1,0.00,0.00,0.00
bb50062e-fc39-4cad-8478-a0d5e7371732,91304,aebbcea0-4af1-424f-8951-f3941e6cc793,Migração tesouraria Web,2023-09-21,BackLog,,Tesouraria / Implantação,2,,,,0.00,0.0000,0.0000,0.6000,0.2000,162.94,2026-07-24 17:06:28.173943+00,2026-07-25 14:26:00.868754+00,1,8956.17,0.00,0.00
bb7ee7ce-7288-4122-a2e3-752b633c2aa2,24187,e674311e-9e6c-452c-b7f8-8b90acb0927e,"Integração Estacionamento Hive ",2026-05-18,Concluido,24887f2b-0a3f-4e8c-b699-fac9ebbea3a7,Integração,3,Release,,,0.00,0.0000,0.0000,0.6000,0.2000,162.94,2026-07-24 17:06:28.173943+00,2026-07-24 17:06:28.173943+00,1,,,
bbea3494-f666-427c-9dcd-a89a80ecaac8,95714,4f9970fc-7e10-4350-8cdb-03c2c57cad8b,Migração de Servidor,2023-02-07,Concluido,24887f2b-0a3f-4e8c-b699-fac9ebbea3a7,,,Aprovado,2023-02-08,2023-02-13,80.00,0.2000,0.1554,0.6000,0.2000,162.94,2026-07-24 17:06:27.597938+00,2026-07-25 14:26:00.868754+00,1,18352.80,2852.80,15500.00
bbf1903e-16d1-4f26-bb34-39536878389c,5782,88627d86-ab81-4fb7-904e-5fd914fc4b7a,"Inclusão das informações referente as promoções (Clube) De/Por ",2025-03-17,Concluido,24887f2b-0a3f-4e8c-b699-fac9ebbea3a7,Gestão,2,Aprovado,2025-03-19,2025-03-19,32.00,0.0000,0.0000,0.0000,0.0000,162.94,2026-07-24 17:06:28.173943+00,2026-07-25 14:41:50.927835+00,1,,,
bcb5725b-df50-4dea-bc10-ed5b0ff70593,99848,b371113f-0789-40f1-9cb3-8cdd1fd32ac9,Venda por percentual de desconto,2023-06-13,Encerrado,b5f82498-f4af-427d-995d-77f6e9116056,PDV / Victor,4,,,,0.00,0.0000,0.0000,0.6000,0.2000,162.94,2026-07-24 17:06:27.597938+00,2026-07-25 14:26:00.868754+00,1,0.00,0.00,0.00
bcc28231-ba12-4dfa-b662-308456466a74,7857,88627d86-ab81-4fb7-904e-5fd914fc4b7a,V02 - Consiste Central performance,2025-07-04,Concluido,24887f2b-0a3f-4e8c-b699-fac9ebbea3a7,Gestão,2,Enviado,2025-07-30,,0.00,0.0000,0.0000,0.6000,0.2000,162.94,2026-07-24 17:06:28.173943+00,2026-07-25 14:26:00.868754+00,1,113940.30,0.00,119791.94
bdd23742-f6a9-4d73-9f9a-bf8db5419432,98719,44900930-9abb-42ec-977e-076034299a13,Alerta de validade do certificado das Nfc'e,2023-05-08,Concluido,24887f2b-0a3f-4e8c-b699-fac9ebbea3a7,,,Release,,,0.00,0.0000,0.0000,0.6000,0.2000,162.94,2026-07-24 17:06:27.597938+00,2026-07-25 14:26:00.868754+00,1,0.00,0.00,0.00
bdeb192c-d50f-4adb-a157-3def96ebbcc2,109240,61714421-ac80-47e3-a190-f40fb8efd17b,Venda de varejo junto a Itens de Farmacia,2024-03-22,Encerrado,,PDV / Autorizador,Exceção,,,,0.00,0.0000,0.0000,0.6000,0.2000,162.94,2026-07-24 17:06:27.597938+00,2026-07-25 14:26:00.868754+00,1,0.00,0.00,0.00
be79339b-9e06-4b91-bc88-c86bae4d333f,114086,d6661814-260f-4b92-9b0d-d619007208d2,Envio de Cupom por e-mail,2024-08-07,Encerrado,,PDV / Integração,2,,,,13.00,0.2000,0.0000,0.6000,0.3200,153.13,2026-07-24 17:06:27.597938+00,2026-07-25 14:26:00.868754+00,1,4894.08,0.00,4894.08
be9ac51d-bcce-41ae-b3ac-43fe2dee4978,102570,4c5fbb61-0077-476b-b009-bd7a471edb55,Integração Estacionamento,2023-09-13,Concluido,4f873c3e-7e48-434a-8f65-02f3b0582863,,,Aprovado,2023-10-11,2023-10-24,0.00,0.0000,0.1827,0.6000,0.2000,152.94,2026-07-24 17:06:27.597938+00,2026-07-25 14:26:00.868754+00,1,7341.12,1341.08,6000.00
bee9a88f-5955-4fa1-a2f8-b05ead6eef0e,96529,838b766f-5f18-4a79-8202-208d7960fdb6,Implementação NFC'e CE,2023-03-07,Concluido,24887f2b-0a3f-4e8c-b699-fac9ebbea3a7,,,Cancelado,2023-04-03,2023-04-04,0.00,0.0000,0.0000,0.6000,0.2000,168.72,2026-07-24 17:06:27.597938+00,2026-07-25 14:26:00.868754+00,1,13497.60,0.00,0.00
beeeb13f-895a-439c-bb7e-bd2eaf3c399d,113294,923e43a8-d718-46bc-b174-5ddab0ef6da2,Preço promocional na pesquisa de produto,2024-07-18,Concluido,24887f2b-0a3f-4e8c-b699-fac9ebbea3a7,AV,1,Release,,,14.00,0.2000,0.0000,0.6000,0.3200,152.94,2026-07-24 17:06:27.597938+00,2026-07-25 14:26:00.868754+00,1,4933.23,0.00,4933.23
bf07962e-e0ea-4bcb-8b3e-0cb3dcdd744d,96578,88627d86-ab81-4fb7-904e-5fd914fc4b7a,Alterar o status do Voucher pelo Visual Store,2023-03-08,Encerrado,,,,Bonificado,,,0.00,0.0000,0.0000,0.6000,0.2000,162.94,2026-07-24 17:06:27.597938+00,2026-07-25 14:26:00.868754+00,1,0.00,0.00,0.00
bf18fa04-40c7-4fcb-99f0-7118706f2eb2,90922,610af016-3cf6-49a0-8ebd-c84cffce3f47,Alteração de texto no serviço de garantia estendida,2022-09-12,Concluido,b5f82498-f4af-427d-995d-77f6e9116056,,,Bonificado,,2022-09-21,4.00,0.2000,0.0000,0.6000,0.2000,162.94,2026-07-24 17:06:27.597938+00,2026-07-25 14:26:00.868754+00,1,1407.80,0.00,1407.80
bf388fb0-d54a-4816-a2fa-256fd52d1d3f,23462,3636c0c9-fdae-439b-b2d4-9714d0e7ef66,Pager - P1,2026-06-01,Concluido,24887f2b-0a3f-4e8c-b699-fac9ebbea3a7,Inovação,2,Enviado,2026-07-02,,18.00,0.2000,0.0000,0.6000,0.3200,162.94,2026-07-24 17:06:28.173943+00,2026-07-25 14:26:00.868754+00,1,0.00,0.00,0.00
bf3d45e6-c072-4b08-9a54-9a39f7e0b764,108825,07ef7533-9281-4b78-bee4-6b35bdc48e39,Proposta Cartão Presente,2024-03-08,Encerrado,24887f2b-0a3f-4e8c-b699-fac9ebbea3a7,Convênio,1,Enviado,2024-03-08,,0.00,0.0000,0.0000,0.6000,0.2000,162.94,2026-07-24 17:06:27.597938+00,2026-07-25 14:26:00.868754+00,1,0.00,0.00,0.00
bf5fad30-6e90-4609-9435-6a423f7bff93,3156,80f9054a-4b42-4362-b04e-47852bd387ab,Opção de App e Nota Fiscal Gaucha,2025-01-28,Encerrado,,,,,,,0.00,0.0000,0.0000,0.6000,0.2000,162.94,2026-07-24 17:06:28.173943+00,2026-07-25 14:26:00.868754+00,1,0.00,0.00,0.00
bf879ac9-f6a6-4b12-a949-b86f7853b3b1,98614,20e510ba-1c96-4519-bd31-5ff87bcb61e2,Integração com a Cupom Verde,2023-05-04,Encerrado,b5f82498-f4af-427d-995d-77f6e9116056,,,Enviado,2023-06-02,,48.00,0.2000,0.1000,0.6042,0.3333,152.94,2026-07-24 17:06:27.597938+00,2026-07-25 14:26:00.868754+00,1,17068.10,1706.81,15361.29
bff8adcc-0f03-4268-b705-5eebd52b102e,17011,d6661814-260f-4b92-9b0d-d619007208d2,Projeto Familião,2025-11-28,Concluido,4f873c3e-7e48-434a-8f65-02f3b0582863,Inovação / PDV,4,Aprovado,2026-01-07,2026-03-03,156.00,0.2000,0.1802,0.6000,0.3200,162.94,2026-07-24 17:06:28.173943+00,2026-07-25 14:26:00.868754+00,1,58564.55,10553.33,48000.00
c057ef16-d338-4838-ab53-f3312e210da8,112591,07ef7533-9281-4b78-bee4-6b35bdc48e39,Integração EzShop,2024-07-01,Encerrado,b5f82498-f4af-427d-995d-77f6e9116056,Integração / PDV,2,,,,0.00,0.0000,0.0000,0.6000,0.2000,162.94,2026-07-24 17:06:27.597938+00,2026-07-25 14:26:00.868754+00,1,0.00,0.00,0.00
c0664a93-ddef-4c0f-9243-fbe668e2b164,85057,6a00b6df-bc61-4335-8976-3e39e064aff5,Proposta Integração Propz,2022-03-25,Concluido,4f873c3e-7e48-434a-8f65-02f3b0582863,,,Aprovado,2022-03-28,2022-04-07,44.00,0.2000,0.1000,0.6000,0.2000,162.94,2026-07-24 17:06:27.597938+00,2026-07-25 14:26:00.868754+00,1,15485.82,1548.58,12400.90
c0751915-3f7c-437f-a4f3-b1b8aa452aaf,113846,56d9260f-27ea-41bd-87a6-7ed51ae6fe0f,Solicitação de melhoria da promoção relâmpago,2024-08-01,Encerrado,,Visual Store,2,,,,0.00,0.0000,0.0000,0.6000,0.2000,162.94,2026-07-24 17:06:28.173943+00,2026-07-25 14:26:00.868754+00,1,0.00,0.00,0.00
c080de71-378d-4862-a253-68d510dff04b,4559,923e43a8-d718-46bc-b174-5ddab0ef6da2,PDV Mobile,2025-02-18,Concluido,24887f2b-0a3f-4e8c-b699-fac9ebbea3a7,Implantação,,Enviado,2025-03-17,,0.00,0.0000,0.0000,0.6000,0.2000,162.94,2026-07-24 17:06:27.597938+00,2026-07-25 14:26:00.868754+00,1,782.11,0.00,4894.08
c1207f26-eed1-43e2-838a-2c0a3b4585f8,88417,d6661814-260f-4b92-9b0d-d619007208d2,Proposta atualização ISO dos PDV's - 24/10 A 28/10/2022,2022-06-17,Concluido,24887f2b-0a3f-4e8c-b699-fac9ebbea3a7,,,Aprovado,2022-10-28,2022-10-29,0.00,0.0000,0.0000,0.6000,0.2000,162.94,2026-07-24 17:06:27.597938+00,2026-07-25 14:26:00.868754+00,1,0.00,0.00,0.00
c16bdd03-866f-4c45-aadf-4f933a04382f,83058,5b9bfa00-02d7-46d5-94fe-d28dc784281a,Implantação Pix saque / Troco,2021-12-22,Concluido,24887f2b-0a3f-4e8c-b699-fac9ebbea3a7,,,Aprovado,2022-06-14,2022-06-30,0.00,0.0000,0.0000,0.6000,0.2000,162.94,2026-07-24 17:06:27.597938+00,2026-07-25 14:26:00.868754+00,1,0.00,0.00,0.00
c23d8383-cd1c-4fef-b5d3-4a7307d19e8b,98109,07ef7533-9281-4b78-bee4-6b35bdc48e39,Codigo do Convenio,2023-04-20,Em Analise,7a0a249c-9cd5-4c74-8f79-91925439d261,Convenio,2,Release,,,0.00,0.0000,0.0000,0.6000,0.2000,162.94,2026-07-24 17:06:27.597938+00,2026-07-25 14:26:00.868754+00,1,0.00,0.00,0.00
c263f3dc-52d5-441e-a2c6-03cc6e25af04,82876,aebbcea0-4af1-424f-8951-f3941e6cc793,Alteração formulario requisição,2021-12-16,Aguard. Retorno do Cliente,b5f82498-f4af-427d-995d-77f6e9116056,,,Cancelado,,,0.00,0.0000,0.0000,0.6000,0.2000,162.94,2026-07-24 17:06:27.597938+00,2026-07-25 14:26:00.868754+00,1,0.00,0.00,0.00
c2cf30c6-1956-4b27-9585-67d04b5363e8,96965,1906d458-3c21-4f23-9720-ab05b01fb3f6,Integração Tipo de desconto,2023-03-20,Concluido,b5f82498-f4af-427d-995d-77f6e9116056,,,Release,2023-04-03,,7.00,0.2000,0.0000,0.6000,0.3200,152.94,2026-07-24 17:06:27.597938+00,2026-07-25 14:26:00.868754+00,1,2466.62,0.00,2466.62
c3160937-2d6f-4d25-a8d9-9ec1f74a39aa,12703,c069fb43-c230-41b4-8b0a-ae7e02072cd1,Integração CRM Cresce Vendas,2025-08-25,Concluido,24887f2b-0a3f-4e8c-b699-fac9ebbea3a7,Gestão,3,Aprovado,2025-09-08,2025-09-09,0.00,0.0000,0.0000,0.6000,0.2000,162.94,2026-07-24 17:06:28.173943+00,2026-07-25 14:26:00.868754+00,1,13035.20,0.00,13035.20
c32f46ce-df23-450d-a1e7-e78a62330de5,91851,4a26fcf1-9bab-48eb-86b9-999e64310cd2,Loja Condominio Honest market,2022-10-07,Concluido,4f873c3e-7e48-434a-8f65-02f3b0582863,,,Aprovado,2022-12-14,2023-04-10,0.00,0.0000,0.0000,0.6000,0.2000,162.94,2026-07-24 17:06:27.597938+00,2026-07-25 14:26:00.868754+00,1,21850.00,0.00,21850.00
c34e450b-df1f-49ce-a2a3-65a9486a3797,89612,838b766f-5f18-4a79-8202-208d7960fdb6,Envio do Campo TXID,2022-08-01,Concluido,24887f2b-0a3f-4e8c-b699-fac9ebbea3a7,,,Cancelado,2022-08-29,,12.00,0.2000,0.0000,0.6000,0.2000,162.94,2026-07-24 17:06:27.597938+00,2026-07-25 14:26:00.868754+00,1,4223.40,0.00,4223.40
c3d460cd-eebf-467c-bb00-f904b385f904,93809,56d9260f-27ea-41bd-87a6-7ed51ae6fe0f,Integração de preço PriceFy,2022-12-12,Concluido,4f873c3e-7e48-434a-8f65-02f3b0582863,,,Aprovado,2023-01-24,2023-11-21,48.00,0.2000,0.2000,0.6000,0.2000,153.41,2026-07-24 17:06:27.597938+00,2026-07-25 14:26:00.868754+00,1,15905.76,3181.15,12700.00
c4089d69-6d41-4ae6-b656-ace80e38953d,20667,d6661814-260f-4b92-9b0d-d619007208d2,Inauguração Loja 31 - Dom Olivio,2026-02-25,Em Analise,24887f2b-0a3f-4e8c-b699-fac9ebbea3a7,Implantação,3,,,,0.00,0.0000,0.0000,0.6000,0.2000,162.94,2026-07-24 17:06:28.173943+00,2026-07-25 14:26:00.868754+00,1,0.00,0.00,0.00
c414a1b6-1877-427e-b0ee-bc3cf67c5593,7549,88627d86-ab81-4fb7-904e-5fd914fc4b7a," Venda Ident, Mercafacil, Casadinha CRM 0",2025-04-25,Concluido,24887f2b-0a3f-4e8c-b699-fac9ebbea3a7,Gestão,3,Aprovado,2025-05-07,2025-05-07,0.00,0.0000,0.0000,0.6000,0.2000,162.94,2026-07-24 17:06:28.173943+00,2026-07-24 17:06:28.173943+00,1,,,
c4403b0f-a612-4c00-94b5-96e5b316bfdb,9741,d6661814-260f-4b92-9b0d-d619007208d2,Envio de Cupom por e-mail,2025-06-17,Encerrado,4f873c3e-7e48-434a-8f65-02f3b0582863,Inovação,3,,,,0.00,0.0000,0.0000,0.6000,0.2000,162.94,2026-07-24 17:06:28.173943+00,2026-07-25 14:26:00.868754+00,1,0.00,0.00,0.00
c4632005-8480-44d7-9c4c-fec456728250,25176,4f9970fc-7e10-4350-8cdb-03c2c57cad8b,Validação Qr-Code - Convênio,2026-06-11,Em Analise,24887f2b-0a3f-4e8c-b699-fac9ebbea3a7,PDV / Digger,3,,,,0.00,0.0000,0.0000,0.6000,0.2000,162.94,2026-07-24 17:06:28.173943+00,2026-07-25 14:26:00.868754+00,1,0.00,0.00,0.00
c4eeeb39-2264-44b6-b709-718bf104ee0a,110927,88627d86-ab81-4fb7-904e-5fd914fc4b7a,V02 da Cartaz facil,2024-05-20,Concluido,b5f82498-f4af-427d-995d-77f6e9116056,Gestão,3,Aprovado,2024-11-08,2024-11-12,100.00,0.2000,0.1545,0.6000,0.3200,152.94,2026-07-24 17:06:28.173943+00,2026-07-25 14:26:00.868754+00,1,35482.08,5482.08,30000.00
c5324fc4-385f-441b-95b2-5e817d4000eb,98207,20e510ba-1c96-4519-bd31-5ff87bcb61e2,Relatorio de Cuponagem,2023-04-25,BackLog,,,,Release,,,0.00,0.0000,0.0000,0.6000,0.2000,162.94,2026-07-24 17:06:27.597938+00,2026-07-25 14:26:00.868754+00,1,0.00,0.00,0.00
c57bc97e-9dfa-4479-9eb1-ce3b57402045,24896,3636c0c9-fdae-439b-b2d4-9714d0e7ef66,CRM RD Santa Luzia,2026-06-05,Concluido,24887f2b-0a3f-4e8c-b699-fac9ebbea3a7,Integração,3,Enviado,2026-06-26,,40.00,0.2000,0.0000,0.6000,0.3200,162.94,2026-07-24 17:06:28.173943+00,2026-07-25 14:26:00.868754+00,1,14990.48,0.00,14990.48
c58a4022-fbbe-464d-bb52-12e4ac48a5f6,94324,d6661814-260f-4b92-9b0d-d619007208d2,Cadastro de senha convenio,2022-12-26,Concluido,b5f82498-f4af-427d-995d-77f6e9116056,,,Aprovado,2023-03-13,2023-03-14,26.00,0.2000,0.0792,0.6000,0.2000,145.04,2026-07-24 17:06:27.597938+00,2026-07-25 14:26:00.868754+00,1,8145.45,645.45,7500.00
c610f4f5-cb85-4768-ba84-86cf32eec036,94881,d6661814-260f-4b92-9b0d-d619007208d2,Autorizador NFc'e São Paulo,2023-01-12,Encerrado,,,,,,,0.00,0.0000,0.0000,0.6000,0.2000,162.94,2026-07-24 17:06:27.597938+00,2026-07-25 14:26:00.868754+00,1,0.00,0.00,0.00
c635a010-9cf3-4a2b-ac22-80ef518859f0,105382,44900930-9abb-42ec-977e-076034299a13,Implantação Envio de E-mail,2023-11-20,Concluido,4f873c3e-7e48-434a-8f65-02f3b0582863,,,Aprovado,2024-02-07,2024-02-23,32.00,0.2000,0.0000,0.5625,0.3125,152.94,2026-07-24 17:06:27.597938+00,2026-07-25 14:26:00.868754+00,1,11011.68,0.00,11011.68
c667886d-dd9f-4250-8f1f-9632318db970,111225,eedf6198-b134-4d0a-9acb-9fec23f95f90,Integrar forma de pagamento IZIO,2024-05-28,Encerrado,24887f2b-0a3f-4e8c-b699-fac9ebbea3a7,Integração,1,,,,0.00,0.2000,0.0000,0.6000,0.2000,162.94,2026-07-24 17:06:27.597938+00,2026-07-25 14:26:00.868754+00,1,0.00,0.00,0.00
c6de91a6-d952-4f84-8d8b-40ea17e5e61e,103731,b371113f-0789-40f1-9cb3-8cdd1fd32ac9,Travas para Desconto,2023-10-11,Encerrado,,PDV,1,,,,0.00,0.0000,0.0000,0.6000,0.2000,162.94,2026-07-24 17:06:27.597938+00,2026-07-25 14:26:00.868754+00,1,0.00,0.00,0.00
c6f3d2cc-cc91-45ef-a70a-1bb9e8eba1f2,102732,96f36366-04b6-47a3-8545-91e84d426059,Alteração PDV Touch,2023-09-18,Em Analise,4f873c3e-7e48-434a-8f65-02f3b0582863,,,Encerrado,,,0.00,0.0000,0.0000,0.6000,0.2000,162.94,2026-07-24 17:06:27.597938+00,2026-07-25 14:26:00.868754+00,1,0.00,0.00,0.00
c71750c5-5b5c-4389-a8a1-f65492e23359,101611,ab01596f-cd83-4dc7-b76f-406168367461,Instalação MercaPromo,2023-08-11,Concluido,24887f2b-0a3f-4e8c-b699-fac9ebbea3a7,,,Aprovado,2023-08-18,2023-08-22,0.00,0.0000,0.0000,0.6000,0.2000,152.94,2026-07-24 17:06:27.597938+00,2026-07-25 14:26:00.868754+00,1,12235.20,0.00,12235.20
c802f264-af28-4b65-a0b4-ae540fe5c683,14574,88627d86-ab81-4fb7-904e-5fd914fc4b7a,Implementação Suporte POS,2025-10-06,Em Analise,24887f2b-0a3f-4e8c-b699-fac9ebbea3a7,TODOS,,,,,80.00,0.0000,0.0000,0.6000,0.2000,162.94,2026-07-24 17:06:28.173943+00,2026-07-25 14:26:00.868754+00,1,0.00,0.00,0.00
c816ae0a-a932-4707-acbe-cef51e184157,75983,20e510ba-1c96-4519-bd31-5ff87bcb61e2,Implementações da consulta de cliente,2021-06-02,Concluido,24887f2b-0a3f-4e8c-b699-fac9ebbea3a7,,,Aprovado,2022-03-03,2022-03-03,20.00,0.2000,0.0000,0.6000,0.2000,162.94,2026-07-24 17:06:27.597938+00,2026-07-25 14:26:00.868754+00,1,7821.12,0.00,6961.92
c82b5453-103a-45e3-9f1c-d0682b4bec49,99840,229d045a-7db0-446c-8af0-7efea4522eaa,Exportação Zoombox por PDV,2023-06-13,Concluido,b5f82498-f4af-427d-995d-77f6e9116056,,,Aprovado,2023-08-18,2024-02-27,12.00,0.2000,0.0000,0.6000,0.2000,162.94,2026-07-24 17:06:27.597938+00,2026-07-25 14:26:00.868754+00,1,5505.84,0.00,5505.84
c8b39d74-9c7f-4f56-a136-06dfe5f979fc,1173,229d045a-7db0-446c-8af0-7efea4522eaa,Habilitar de Voucher no Visual Store,2025-01-15,Encerrado,4f873c3e-7e48-434a-8f65-02f3b0582863,Inovação,3,,,,0.00,0.0000,0.0000,0.6000,0.2000,162.94,2026-07-24 17:06:27.597938+00,2026-07-25 14:26:00.868754+00,1,0.00,0.00,0.00
c8f46c92-a1fc-49a8-b09c-fcd0ad0f8782,111234,adab66f2-f8b1-4e16-bb2e-6fda9fd05439,Adequanção processo Sonda para operação Super Troco,2024-05-22,Concluido,24887f2b-0a3f-4e8c-b699-fac9ebbea3a7,,,Aprovado,2024-05-29,2024-05-29,0.00,0.0000,0.0000,0.6000,0.2000,152.94,2026-07-24 17:06:27.597938+00,2026-07-25 14:26:00.868754+00,1,8564.64,0.00,8564.64
c928454d-e763-4d67-87e6-92cacd9181b2,104440,80f9054a-4b42-4362-b04e-47852bd387ab,Problema Scanner no Self,2023-10-17,Encerrado,,PDV,1,,,,0.00,0.0000,0.0000,0.6000,0.2000,162.94,2026-07-24 17:06:27.597938+00,2026-07-25 14:26:00.868754+00,1,0.00,0.00,0.00
c949b67c-b5e7-46ab-92df-dcf296151c96,102197,96f36366-04b6-47a3-8545-91e84d426059,CRM Sonda,2023-09-01,Encerrado,b5f82498-f4af-427d-995d-77f6e9116056,,,,,,150.00,0.2000,0.0000,0.6000,0.3200,152.94,2026-07-24 17:06:27.597938+00,2026-07-25 14:26:00.868754+00,1,59952.48,0.00,59952.48
c94b6f0c-3aaa-47ac-9d79-e0272c0b968a,108308,229d045a-7db0-446c-8af0-7efea4522eaa,Definições Convenio Boleto,2024-02-23,Encerrado,b5f82498-f4af-427d-995d-77f6e9116056,Convenio,2,Enviado,2024-07-30,,40.00,0.2000,0.0000,0.6000,0.3200,152.94,2026-07-24 17:06:27.597938+00,2026-07-25 14:26:00.868754+00,1,14094.95,0.00,14094.95
c99aa8cf-61e3-4408-b73c-66913313c373,95957,25fb280d-6272-4826-99de-32d918204dff,Cheque por extenso,2023-02-15,Concluido,24887f2b-0a3f-4e8c-b699-fac9ebbea3a7,,,Aprovado,2023-04-24,2023-04-24,0.00,0.0000,0.0000,0.6000,0.2000,152.94,2026-07-24 17:06:27.597938+00,2026-07-25 14:26:00.868754+00,1,2447.04,0.00,2447.04
c9d2349a-d886-49c4-8f75-9f2f5dd7c8ec,89219,4a26fcf1-9bab-48eb-86b9-999e64310cd2,Instalação e configuração de 3 Self + estação de pesagem na loja Alonso Vasconcelos - Mauá,2022-07-18,Concluido,24887f2b-0a3f-4e8c-b699-fac9ebbea3a7,,,Aprovado,2022-07-18,2022-08-24,0.00,0.0000,0.0000,0.6000,0.2000,162.94,2026-07-24 17:06:27.597938+00,2026-07-25 14:26:00.868754+00,1,2900.80,0.00,2900.80
c9ee4887-c2af-499c-8c77-4492712525a6,100375,44900930-9abb-42ec-977e-076034299a13,Implantação Jade loja 41,2023-06-29,Concluido,24887f2b-0a3f-4e8c-b699-fac9ebbea3a7,,,Aprovado,2023-11-23,2023-12-04,0.00,0.0000,0.0000,0.6000,0.2000,152.94,2026-07-24 17:06:27.597938+00,2026-07-25 14:26:00.868754+00,1,7341.12,0.00,7341.12
ca9df4be-df75-4fcd-b76f-65d6aac821d0,78982,44900930-9abb-42ec-977e-076034299a13,App Mobile - Recarga de Celular,2021-08-24,Concluido,7cf7d560-8945-44d0-8aa9-f57e5e40bee7,,,Recusada,,,18.00,0.2000,0.0000,0.6000,0.2000,162.94,2026-07-24 17:06:27.597938+00,2026-07-25 14:26:00.868754+00,1,7039.01,0.00,0.00
cab0d407-b694-493a-9ada-a119ddd617ec,99966,fd257c9b-88cb-46bc-959c-6cf6a0c84e98,Varias telas de disponivel no Self,2023-06-15,Reunião Tecnica,24887f2b-0a3f-4e8c-b699-fac9ebbea3a7,"PDV ",4,Release,,,0.00,0.0000,0.0000,0.6000,0.2000,162.94,2026-07-24 17:06:27.597938+00,2026-07-25 14:26:00.868754+00,1,0.00,0.00,0.00
cab991a6-755c-4333-9504-6b1d3d1c22b7,116644,3f2129ff-8a6b-494c-b4bd-334c77b36967,Implantação Scannctech,2024-10-16,Concluido,24887f2b-0a3f-4e8c-b699-fac9ebbea3a7,Implantação,2,Aprovado,2025-01-22,2025-01-22,0.00,0.0000,0.0000,0.6000,0.2000,162.94,2026-07-24 17:06:28.173943+00,2026-07-25 14:26:00.868754+00,1,5000.00,0.00,5000.00
cabc0255-c6f4-44c9-8b5a-e5ee9331f7f8,85716,80fdd68a-1536-41e7-a7c6-29444ed91d18,Solicitação de customização de PDV,2022-03-16,Concluido,7cf7d560-8945-44d0-8aa9-f57e5e40bee7,,,Bonificado,2022-03-28,2022-03-29,16.00,0.2000,1.0000,0.6000,0.2000,162.94,2026-07-24 17:06:27.597938+00,2026-07-25 14:26:00.868754+00,1,5631.21,5631.21,0.00
cb1005ff-684b-412e-92d5-86dcb09f2326,7357,44900930-9abb-42ec-977e-076034299a13,Projeto Super Troco,2025-04-22,Encerrado,24887f2b-0a3f-4e8c-b699-fac9ebbea3a7,Implantação,,Enviado,2025-05-13,,0.00,0.0000,0.0000,0.6000,0.2000,162.94,2026-07-24 17:06:28.173943+00,2026-07-25 14:26:00.868754+00,1,6517.60,0.00,6517.60
cb1c1c44-ce7d-4462-b651-9bc389eff673,86905,6a00b6df-bc61-4335-8976-3e39e064aff5,Implantação modulo Devolução,2022-04-26,Concluido,24887f2b-0a3f-4e8c-b699-fac9ebbea3a7,,,Aprovado,2022-04-26,2022-05-09,0.00,0.0000,0.0000,0.6000,0.2000,162.94,2026-07-24 17:06:27.597938+00,2026-07-25 14:26:00.868754+00,1,9776.40,0.00,9776.40
cb6ed62c-05e5-42e6-8f9c-45959aa0b8dc,94388,44900930-9abb-42ec-977e-076034299a13,Conceito Troco Solidário,2022-12-02,Concluido,b5f82498-f4af-427d-995d-77f6e9116056,,,Cancelado,2023-04-13,,108.00,0.2000,0.0000,0.5926,0.3185,153.14,2026-07-24 17:06:27.597938+00,2026-07-25 14:26:00.868754+00,1,37929.12,0.00,37929.12
cb7cc93d-acb0-41fa-8b86-95739e7cb06d,8928,1906d458-3c21-4f23-9720-ab05b01fb3f6,Adição de informações de parcelas,2025-05-29,Reunião Tecnica,b5f82498-f4af-427d-995d-77f6e9116056,Inovação,3,Release,,,0.00,0.0000,0.0000,0.6000,0.2000,162.94,2026-07-24 17:06:28.173943+00,2026-07-25 14:26:00.868754+00,1,0.00,0.00,0.00
cba7dd1f-b5f8-4de2-a4c2-f25985fb3d1a,108819,44900930-9abb-42ec-977e-076034299a13,Entendimento de Funcionalidade do Convenio,2024-03-08,Encerrado,,Convenio,2,,,,0.00,0.0000,0.0000,0.6000,0.2000,162.94,2026-07-24 17:06:27.597938+00,2026-07-25 14:26:00.868754+00,1,0.00,0.00,0.00
cbab377e-705f-4534-a89a-50ecfc252784,9399,88627d86-ab81-4fb7-904e-5fd914fc4b7a,Ajuste na criação de promoções do Tipo De/Por,2025-06-09,Concluido,24887f2b-0a3f-4e8c-b699-fac9ebbea3a7,Gestão,2,Aprovado,2025-06-10,2025-06-10,0.00,0.0000,0.0000,0.6000,0.2000,162.94,2026-07-24 17:06:28.173943+00,2026-07-25 14:26:00.868754+00,1,3258.80,0.00,3258.80
cc008d66-9a26-4832-baa3-14c7b1550bd3,89065,88627d86-ab81-4fb7-904e-5fd914fc4b7a,Diferenciar Preço 2 (Clube) e Preço 3 (Mercafácil),2022-07-11,Concluido,24887f2b-0a3f-4e8c-b699-fac9ebbea3a7,,,Encerrado,,,80.00,0.0000,0.0000,0.6000,0.2000,162.94,2026-07-24 17:06:27.597938+00,2026-07-25 14:26:00.868754+00,1,17271.64,0.00,17271.64
cc3f9c23-a353-4b6b-8b26-8d8a7e726919,97886,cab5f978-beb2-4ac6-904a-9fadd25971ac,Integração Dclube (Zicard),2023-04-13,Concluido,b5f82498-f4af-427d-995d-77f6e9116056,,,Aprovado,2023-06-02,2023-06-12,80.00,0.2000,0.0000,0.6000,0.3250,152.94,2026-07-24 17:06:27.597938+00,2026-07-25 14:26:00.868754+00,1,28140.96,0.00,28140.96
cd5f6b43-4f89-44f0-9cf5-b9548cbeeae7,85921,4a26fcf1-9bab-48eb-86b9-999e64310cd2,Integração CRM Cresce Vendas,2022-03-23,Concluido,b5f82498-f4af-427d-995d-77f6e9116056,,,Aprovado,2022-04-25,2022-05-12,125.00,0.2000,0.2000,0.6000,0.2000,160.00,2026-07-24 17:06:27.597938+00,2026-07-25 14:26:00.868754+00,1,43200.00,8640.00,34560.00
cd901266-d2ed-40b8-92cb-fd1f3d4a4a90,7894,8290d590-bae6-4b00-ba08-db4dd0e46e51,Restrições de pagamento para campanha,2025-05-05,Encerrado,24887f2b-0a3f-4e8c-b699-fac9ebbea3a7,Inrtegração / PDV,,,,,0.00,0.0000,0.0000,0.6000,0.2000,162.94,2026-07-24 17:06:28.173943+00,2026-07-25 14:26:00.868754+00,1,0.00,0.00,0.00
cdc2a9e4-2d39-4143-ba8d-f488188fcb6f,111406,4a26fcf1-9bab-48eb-86b9-999e64310cd2,Time out tela de E-mail,2024-06-03,Encerrado,,PDV,Simples,Release,,,0.00,0.0000,0.0000,0.6000,0.2000,162.94,2026-07-24 17:06:27.597938+00,2026-07-25 14:26:00.868754+00,1,0.00,0.00,0.00
ce4bb6d0-5de3-44b7-8f5c-243fc43f4de0,96936,44900930-9abb-42ec-977e-076034299a13,Cafeteria Super Facil,2023-03-20,Concluido,b5f82498-f4af-427d-995d-77f6e9116056,,,Cancelado,,,0.00,0.0000,0.0000,0.6000,0.2000,162.94,2026-07-24 17:06:27.597938+00,2026-07-25 14:26:00.868754+00,1,0.00,0.00,0.00
cee69fc4-5970-4acd-8607-aec8e417d4f5,115842,d6661814-260f-4b92-9b0d-d619007208d2,Pagar com 2 Cartões no Self,2024-09-25,Em Analise,4f873c3e-7e48-434a-8f65-02f3b0582863,Implantação,1,Suporte,,,0.00,0.0000,0.0000,0.6000,0.2000,162.94,2026-07-24 17:06:28.173943+00,2026-07-25 14:26:00.868754+00,1,0.00,0.00,0.00
cefd3c73-fd81-4bc3-922e-86d567d537b6,114000,193bf769-f868-4e36-a847-a51fd1a7c3c9,Integração Mercadapp x Visual Mix,2024-08-05,Concluido,24887f2b-0a3f-4e8c-b699-fac9ebbea3a7,"PDv / Intgeração ",2,Release,,,0.00,0.0000,0.0000,0.6000,0.2000,162.94,2026-07-24 17:06:27.597938+00,2026-07-25 14:26:00.868754+00,1,0.00,0.00,0.00
cf069f26-ca96-4ecc-91f0-d54dca2969ef,81533,8e92fca3-e9fb-43f4-b2f2-f1764c842d74,Integração da nota Conjugada centralizada,2021-11-08,Encerrado,b5f82498-f4af-427d-995d-77f6e9116056,,,Encerrado,2022-11-17,,60.00,0.2000,0.1000,0.6000,0.2000,162.94,2026-07-24 17:06:27.597938+00,2026-07-25 14:26:00.868754+00,1,21117.02,2111.70,19005.32
cf18dd46-eba7-4c61-a40a-fd0bf0588506,109185,4a26fcf1-9bab-48eb-86b9-999e64310cd2,Monitoramento de Carga PDV's,2024-03-20,Encerrado,,Visual Store,2,,,,0.00,0.0000,0.0000,0.6000,0.2000,162.94,2026-07-24 17:06:27.597938+00,2026-07-25 14:26:00.868754+00,1,0.00,0.00,0.00
cf5bf4da-17e4-4f31-9ad6-e3b61ab02da5,103613,80fdd68a-1536-41e7-a7c6-29444ed91d18,Casadinha com carteira Digital,2023-10-09,Encerrado,4f873c3e-7e48-434a-8f65-02f3b0582863,PDV / Visual Store,Médio,,,,0.00,0.0000,0.0000,0.6000,0.2000,162.94,2026-07-24 17:06:27.597938+00,2026-07-25 14:26:00.868754+00,1,0.00,0.00,0.00
cfcb49d8-915f-42e6-9d3b-9b597ac2bad7,105094,903465be-01cf-46cf-a6c6-cfdf8f6c9c58,Inauguração loja 56 - Paraiba do Sul,2023-11-09,Concluido,24887f2b-0a3f-4e8c-b699-fac9ebbea3a7,,,Aprovado,2023-11-10,2023-11-21,0.00,0.0000,0.0000,0.6000,0.2000,152.94,2026-07-24 17:06:27.597938+00,2026-07-25 14:26:00.868754+00,1,6117.60,0.00,6117.60
d0cd3fef-bcc9-462c-bd85-2389b61c93ab,99761,d6661814-260f-4b92-9b0d-d619007208d2,Pré-cadastro CRM,2023-06-09,Concluido,4f873c3e-7e48-434a-8f65-02f3b0582863,,,Aprovado,2023-07-28,2023-07-31,20.00,0.2000,0.0000,0.6500,0.3300,152.94,2026-07-24 17:06:27.597938+00,2026-07-25 14:26:00.868754+00,1,7267.71,0.00,7267.71
d0ddb954-8ce4-4e5a-a6bf-705c5dba7c6e,115863,d6661814-260f-4b92-9b0d-d619007208d2,Tratamento de dados para gerar duas finalizadoras,2024-09-25,Concluido,b5f82498-f4af-427d-995d-77f6e9116056,Ext-Sale,2,Enviado,2024-12-09,,16.00,0.2000,0.0000,0.6000,0.2000,162.94,2026-07-24 17:06:28.173943+00,2026-07-25 14:26:00.868754+00,1,0.00,0.00,0.00
d124fd59-29f2-4683-b7af-74b488e079b2,15894,5f251ee0-b360-4eda-89a3-7121ecca8036,Relátorio de Desconto,2025-11-03,Em Analise,bb1443d3-c1f4-4712-8e52-04b694a00cc9,Visual Store,,Release,,,0.00,0.0000,0.0000,0.6000,0.2000,162.94,2026-07-24 17:06:28.173943+00,2026-07-25 14:26:00.868754+00,1,0.00,0.00,0.00
d13506be-6066-43a0-bb92-4209e88ef020,95482,838b766f-5f18-4a79-8202-208d7960fdb6,Leitura do codigo de barras,2023-01-31,Concluido,4f873c3e-7e48-434a-8f65-02f3b0582863,,,Aprovado,2023-03-23,2023-03-30,8.00,0.2000,0.0000,0.6000,0.2000,162.94,2026-07-24 17:06:27.597938+00,2026-07-25 14:26:00.868754+00,1,4049.28,0.00,4049.28
d1acd92c-9e75-49d1-9d57-cd8790997a60,107074,4f9970fc-7e10-4350-8cdb-03c2c57cad8b,Tela PDV,2024-01-12,Encerrado,,,,,,,0.00,0.0000,0.0000,0.6000,0.2000,162.94,2026-07-24 17:06:27.597938+00,2026-07-25 14:26:00.868754+00,1,0.00,0.00,0.00
d1adfff7-ee7f-4817-9126-2938d931ab19,23462,3636c0c9-fdae-439b-b2d4-9714d0e7ef66,Autoatentimento Café P2,2026-04-30,Concluido,24887f2b-0a3f-4e8c-b699-fac9ebbea3a7,Inovação,3,Enviado,2026-07-01,,94.00,0.2000,0.1450,0.6000,0.3200,162.94,2026-07-24 17:06:28.173943+00,2026-07-25 14:26:00.868754+00,1,35195.04,5103.28,30091.76
d1cc6b20-c81c-45ce-b9a0-8a24d4b092c0,80982,4a26fcf1-9bab-48eb-86b9-999e64310cd2,Integração SAP Time & Material de 19/09 a 06/10/22,2022-10-21,Concluido,24887f2b-0a3f-4e8c-b699-fac9ebbea3a7,,,Aprovado,2022-10-24,2022-10-26,0.00,0.0000,0.0000,0.6000,0.2000,162.94,2026-07-24 17:06:27.597938+00,2026-07-25 14:26:00.868754+00,1,0.00,0.00,0.00
d1fec518-16d2-414e-8317-894bc9c4f57f,87973,aebbcea0-4af1-424f-8951-f3941e6cc793,Revisão de processo de Cadastro,2022-06-03,Encerrado,b5f82498-f4af-427d-995d-77f6e9116056,,,Enviado,2023-04-13,,100.00,0.2000,0.0000,0.6000,0.2000,162.94,2026-07-24 17:06:27.597938+00,2026-07-25 14:26:00.868754+00,1,48232.56,0.00,48232.56
d2203356-c7dd-44d0-a0f2-92c9be2b2337,102327,265b48f6-1d24-4dd6-a22e-a5f9eab7546a,Projeto E-commerce,2023-09-05,Encerrado,,,,,,,0.00,0.0000,0.0000,0.6000,0.2000,162.94,2026-07-24 17:06:27.597938+00,2026-07-25 14:26:00.868754+00,1,0.00,0.00,0.00
d2d26656-219a-4cae-a076-97d5b94c16f0,101705,aebbcea0-4af1-424f-8951-f3941e6cc793,Tabela de preço,2023-08-15,Encerrado,b5f82498-f4af-427d-995d-77f6e9116056,,,,,,0.00,0.0000,0.0000,0.6000,0.2000,162.94,2026-07-24 17:06:27.597938+00,2026-07-25 14:26:00.868754+00,1,0.00,0.00,0.00
d330f5b5-9f49-4190-a7bc-23557db00740,102983,d6661814-260f-4b92-9b0d-d619007208d2,Implementação Terminal de Consulta,2023-09-11,Concluido,24887f2b-0a3f-4e8c-b699-fac9ebbea3a7,,,Aprovado,2023-09-27,2023-10-03,0.00,0.0000,0.0000,0.6000,0.2000,152.94,2026-07-24 17:06:27.597938+00,2026-07-25 14:26:00.868754+00,1,3670.56,0.00,3670.56
d35ac144-b391-4432-839b-49c32aa3da83,91279,44900930-9abb-42ec-977e-076034299a13,Melhoria no relatorio de Transações,2022-09-21,Concluido,4f873c3e-7e48-434a-8f65-02f3b0582863,,,Aprovado,2022-11-08,2022-11-11,13.00,0.2000,0.1000,0.6000,0.2000,162.94,2026-07-24 17:06:27.597938+00,2026-07-25 14:26:00.868754+00,1,4575.36,457.54,4117.82
d3d59bc6-698d-4fa5-ae69-b020bf0b0caa,20338,3636c0c9-fdae-439b-b2d4-9714d0e7ef66,Automação Processo de Cesta,2026-02-18,Concluido,24887f2b-0a3f-4e8c-b699-fac9ebbea3a7,Inovação,4,Enviado,2026-06-10,,0.00,0.0000,0.0000,0.6000,0.2000,162.94,2026-07-24 17:06:28.173943+00,2026-07-25 14:26:00.868754+00,1,0.00,0.00,0.00
d40669e3-b542-426c-a0e3-557e742bcd58,82623,44900930-9abb-42ec-977e-076034299a13,Regras Etiquetas Preço Clube,2021-12-07,Concluido,24887f2b-0a3f-4e8c-b699-fac9ebbea3a7,,,Aprovado,2022-04-26,2022-06-13,20.00,0.2000,0.0000,0.6000,0.2000,144.37,2026-07-24 17:06:27.597938+00,2026-07-25 14:26:00.868754+00,1,6236.72,0.00,6236.72
d56a879a-2a0b-4318-a1c3-dc6c3906fb02,74910,923e43a8-d718-46bc-b174-5ddab0ef6da2,Agendamento retirada de Mercadoria,2021-05-03,Concluido,7cf7d560-8945-44d0-8aa9-f57e5e40bee7,,,Aprovado,2022-06-28,2022-06-28,108.00,0.2000,0.1000,0.6000,0.2000,162.94,2026-07-24 17:06:27.597938+00,2026-07-25 14:26:00.868754+00,1,38010.64,3801.06,34209.58
d58abea8-599a-4148-8132-b52044ab3254,98564,80fdd68a-1536-41e7-a7c6-29444ed91d18,Aparecer desconto na promoção relampago,2023-05-03,Concluido,,,,Release,,,0.00,0.0000,0.0000,0.6000,0.2000,162.94,2026-07-24 17:06:27.597938+00,2026-07-25 14:26:00.868754+00,1,0.00,0.00,0.00
d5f65f4f-278e-410d-9146-9fd7d2bd38f4,87497,610af016-3cf6-49a0-8ebd-c84cffce3f47,Modificações cadastro de Cliente,2022-05-16,Concluido,b5f82498-f4af-427d-995d-77f6e9116056,,,Aprovado,2022-07-15,2022-08-02,90.00,0.2000,0.0500,0.6000,0.2000,162.94,2026-07-24 17:06:27.597938+00,2026-07-25 14:26:00.868754+00,1,29720.26,1486.01,28234.24
d5f80f6e-ab47-476b-8fe2-8c6b2b1a4b5f,99606,b371113f-0789-40f1-9cb3-8cdd1fd32ac9,Atualização de Clube Daju,2023-06-05,Concluido,b5f82498-f4af-427d-995d-77f6e9116056,,,Aprovado,2023-11-08,2023-11-21,24.00,0.2000,0.1851,0.6250,0.3250,152.94,2026-07-24 17:06:27.597938+00,2026-07-25 14:26:00.868754+00,1,8589.11,1589.84,7000.00
d6620155-36a1-4f58-b800-434d05134042,99714,7715eec8-7dbd-45d8-b4da-228ac883230a,Implantação CashBack,2023-06-07,Concluido,24887f2b-0a3f-4e8c-b699-fac9ebbea3a7,,,Encerrado,2023-06-29,,0.00,0.0000,0.0000,0.6000,0.2000,162.94,2026-07-24 17:06:27.597938+00,2026-07-25 14:26:00.868754+00,1,0.00,0.00,0.00
d6877ace-132a-46f3-be0f-39f96c35ab0e,90168,923e43a8-d718-46bc-b174-5ddab0ef6da2,Novo campo AV Mobile,2022-08-18,Concluido,b5f82498-f4af-427d-995d-77f6e9116056,,,Bonificado,2022-10-17,2023-03-13,15.00,0.2000,1.0000,0.6000,0.2000,143.25,2026-07-24 17:06:27.597938+00,2026-07-25 14:26:00.868754+00,1,4641.28,4641.28,
d7017f22-6384-4869-9756-5cefcccad714,23462,3636c0c9-fdae-439b-b2d4-9714d0e7ef66,Estoque - P2,2026-06-01,Concluido,24887f2b-0a3f-4e8c-b699-fac9ebbea3a7,Inovação,3,Enviado,2026-07-02,,44.00,0.2000,0.2708,0.6000,0.3200,161.34,2026-07-24 17:06:28.173943+00,2026-07-25 14:26:00.868754+00,1,16619.88,13580.44,3039.44
d7104242-7881-44e4-af50-e6c78b4bee9a,98123,bddc3eea-c4b9-4010-a353-481fb50e5f99,Utilização de casadinha no Cupom Desconto,2023-04-20,Encerrado,,,,,,,0.00,0.0000,0.0000,0.6000,0.2000,162.94,2026-07-24 17:06:27.597938+00,2026-07-25 14:26:00.868754+00,1,0.00,0.00,0.00
d75cb753-3599-42a4-ad73-b94ada135282,19499,88627d86-ab81-4fb7-904e-5fd914fc4b7a,Inclusão diferimento,2026-02-02,Concluido,24887f2b-0a3f-4e8c-b699-fac9ebbea3a7,Gestão,1,Aprovado,2026-02-04,2026-02-13,24.00,0.0000,0.0000,0.0000,0.0000,162.94,2026-07-24 17:06:28.173943+00,2026-07-25 13:51:42.971928+00,1,,,
d7913249-60c9-4beb-9be0-3a0e0823b4cd,88160,7715eec8-7dbd-45d8-b4da-228ac883230a,Alteração no fluxo,2023-06-08,Encerrado,4f873c3e-7e48-434a-8f65-02f3b0582863,,,,,,0.00,0.0000,0.0000,0.6000,0.2000,162.94,2026-07-24 17:06:27.597938+00,2026-07-25 14:26:00.868754+00,1,0.00,0.00,0.00
d7e410f0-ceee-478b-a712-9034e9a36ec4,101982,fea3bb07-f66e-475f-9377-0b2b1f69459f,Envio de produtos,2023-08-24,Concluido,24887f2b-0a3f-4e8c-b699-fac9ebbea3a7,,,Aprovado,2023-09-15,2023-10-09,24.00,0.2000,0.0000,0.6000,0.2000,162.94,2026-07-24 17:06:27.597938+00,2026-07-25 14:26:00.868754+00,1,14070.48,0.00,14070.48
d7e967a2-b6d4-46e6-9780-2a89de4e279a,99899,96f36366-04b6-47a3-8545-91e84d426059,Bloqueio Bebida Alcoolica,2023-06-14,Encerrado,4f873c3e-7e48-434a-8f65-02f3b0582863,,,,,,0.00,0.0000,0.0000,0.6000,0.2000,162.94,2026-07-24 17:06:27.597938+00,2026-07-25 14:26:00.868754+00,1,0.00,0.00,0.00
d83709fb-0c56-44e9-bc84-5d6205d9e2f9,114291,d6661814-260f-4b92-9b0d-d619007208d2,Campanha Festival de Premio Don Olivio,2024-08-13,Encerrado,4f873c3e-7e48-434a-8f65-02f3b0582863,PDV / Integração,3,,,,0.00,0.0000,0.0000,0.6000,0.2000,162.94,2026-07-24 17:06:28.173943+00,2026-07-25 14:26:00.868754+00,1,0.00,0.00,0.00
d8ac6be4-cb08-4294-b3a6-4a7cd9cbca7b,105926,923e43a8-d718-46bc-b174-5ddab0ef6da2,Cadastro de profissão,2023-12-04,Concluido,b5f82498-f4af-427d-995d-77f6e9116056,,,Aprovado,2024-03-06,2024-05-02,21.00,0.2000,0.5000,0.6000,0.3200,151.73,2026-07-24 17:06:27.597938+00,2026-07-25 14:26:00.868754+00,1,7341.12,3670.56,3670.56
d8ecda8b-60d9-4c22-ab79-4f680659db38,5513,44900930-9abb-42ec-977e-076034299a13,Integração NexTop Carrinho Inteligente,2025-03-11,Encerrado,24887f2b-0a3f-4e8c-b699-fac9ebbea3a7,Inovação,2,Enviado,2025-04-30,,72.00,0.2000,0.0000,0.6528,0.3306,162.94,2026-07-24 17:06:28.173943+00,2026-07-25 14:26:00.868754+00,1,28025.68,0.00,28025.68
d976b95f-ad12-43a1-8fe9-a20c0767819b,109798,80fdd68a-1536-41e7-a7c6-29444ed91d18,QrCode para Cadastramento,2024-04-11,Encerrado,4f873c3e-7e48-434a-8f65-02f3b0582863,Integração / PDV,1,Enviado,2024-07-17,,24.00,0.2000,0.4250,0.6000,0.3200,152.94,2026-07-24 17:06:27.597938+00,2026-07-25 14:26:00.868754+00,1,8564.64,3639.97,4924.67
d98ea37a-4dda-480e-a32d-03056fbee891,110655,88627d86-ab81-4fb7-904e-5fd914fc4b7a,Painel terminal de Consulta,2024-05-09,BackLog,,Terminal de Consulta,1,,,,0.00,0.0000,0.0000,0.6000,0.2000,162.94,2026-07-24 17:06:28.173943+00,2026-07-25 14:26:00.868754+00,1,6517.60,0.00,6517.60
d9a59634-9708-4850-8424-d4205c762ca3,16760,4f9970fc-7e10-4350-8cdb-03c2c57cad8b,Atualização de imagens Flother,2025-11-24,Em Analise,,Inovação,4,,,,0.00,0.0000,0.0000,0.6000,0.2000,162.94,2026-07-24 17:06:28.173943+00,2026-07-25 14:26:00.868754+00,1,0.00,0.00,0.00
d9a96c50-b361-465a-87d5-781a27030171,98074,80f9054a-4b42-4362-b04e-47852bd387ab,Equipe Dedicada,2023-04-19,Concluido,24887f2b-0a3f-4e8c-b699-fac9ebbea3a7,,,Aprovado,2023-04-19,2023-04-19,0.00,0.0000,0.0000,0.6000,0.2000,162.94,2026-07-24 17:06:27.597938+00,2026-07-25 14:26:00.868754+00,1,64800.00,0.00,64800.00
da1426c6-3146-4626-85e1-518c047f18e2,97986,4f9970fc-7e10-4350-8cdb-03c2c57cad8b,Integração Payless (Rappi),2023-04-17,Concluido,24887f2b-0a3f-4e8c-b699-fac9ebbea3a7,,,Aprovado,2023-04-18,2023-05-17,0.00,0.0000,0.0000,0.6000,0.2000,152.94,2026-07-24 17:06:27.597938+00,2026-07-25 14:26:00.868754+00,1,12235.20,0.00,12235.20
da2d0af5-91d1-4b47-8fd0-52e540b0bd63,114377,25fb280d-6272-4826-99de-32d918204dff,Campo PSP,2024-08-14,Concluido,24887f2b-0a3f-4e8c-b699-fac9ebbea3a7,Integração,1,Suporte,,,0.00,0.0000,0.0000,0.6000,0.2000,162.94,2026-07-24 17:06:28.173943+00,2026-07-25 14:26:00.868754+00,1,0.00,0.00,0.00
dae5fbea-744b-4596-8685-e52ed2e77203,93211,649bf5d4-1dc6-46b7-afea-e2e3ebb12630,Promoção por BIN,2022-11-23,Concluido,b5f82498-f4af-427d-995d-77f6e9116056,,,Aprovado,2022-12-19,2023-01-02,80.00,0.2000,0.0000,0.6000,0.2000,145.21,2026-07-24 17:06:27.597938+00,2026-07-25 14:26:00.868754+00,1,25091.92,0.00,25091.92
db08fd51-4ffd-448c-9e86-30c0946c1459,109385,20e510ba-1c96-4519-bd31-5ff87bcb61e2,Campanha Selos 2024,2024-03-27,Encerrado,24887f2b-0a3f-4e8c-b699-fac9ebbea3a7,,,,,,0.00,0.0000,0.0000,0.6000,0.2000,162.94,2026-07-24 17:06:27.597938+00,2026-07-25 14:26:00.868754+00,1,0.00,0.00,0.00
db5a4f8f-fb24-433e-bd1d-daea3be0f635,109631,418ed8e3-cad9-407c-ac64-872f59d269ca,Relação de Codigo de produtos,2024-04-05,Encerrado,,Visual Store,2,,,,0.00,0.0000,0.0000,0.6000,0.2000,162.94,2026-07-24 17:06:27.597938+00,2026-07-25 14:26:00.868754+00,1,0.00,0.00,0.00
db825038-b47d-4fba-9317-ef43e8051f49,84164,6a00b6df-bc61-4335-8976-3e39e064aff5,Interação Tela do Cliente,2022-01-31,Concluido,4f873c3e-7e48-434a-8f65-02f3b0582863,,,Recusada,2022-03-09,,80.00,0.2000,0.0000,0.6000,0.2000,162.94,2026-07-24 17:06:27.597938+00,2026-07-25 14:26:00.868754+00,1,28156.03,0.00,0.00
dbed3c10-8cd6-4c4a-bfb4-fa941fdc927c,97811,923e43a8-d718-46bc-b174-5ddab0ef6da2,Estorno de cartão no PDV sem gerar titulo,2023-04-12,Concluido,4f873c3e-7e48-434a-8f65-02f3b0582863,AV / PDV,,Release,,,32.00,0.2000,0.0000,0.6000,0.3200,152.94,2026-07-24 17:06:27.597938+00,2026-07-25 14:26:00.868754+00,1,11275.96,0.00,11275.96
dc1f905b-01e5-4aea-869a-8c4579109a23,87014,f8a59749-e052-458a-afc4-d7e7f228ddbe,"Controle de Km das Frota ",2022-05-01,Concluido,4f873c3e-7e48-434a-8f65-02f3b0582863,,,Cancelado,2022-05-04,,101.00,0.2000,0.1000,0.6000,0.2000,144.93,2026-07-24 17:06:27.597938+00,2026-07-24 17:06:27.597938+00,1,,,
dc2495aa-6b52-4a48-b41a-3e8571f22065,115541,229d045a-7db0-446c-8af0-7efea4522eaa,Migração do Servidor VS,2024-09-16,Encerrado,24887f2b-0a3f-4e8c-b699-fac9ebbea3a7,Implantação,3,Enviado,2024-10-07,,0.00,0.0000,0.0000,0.6000,0.2000,152.94,2026-07-24 17:06:28.173943+00,2026-07-25 14:26:00.868754+00,1,12235.20,0.00,12235.20
dc4c8868-0b3b-4086-95d1-10e81682da85,98563,96f36366-04b6-47a3-8545-91e84d426059,Desativar colaboradores desligados,2023-05-03,Concluido,4f873c3e-7e48-434a-8f65-02f3b0582863,,,Suporte,,,0.00,0.0000,0.0000,0.6000,0.2000,162.94,2026-07-24 17:06:27.597938+00,2026-07-25 14:26:00.868754+00,1,0.00,0.00,0.00
dcb5c350-23e8-466f-9c9c-2a340a3ef021,5204,dbcd63f9-ac5e-48d1-ae36-93a5710cf0a0,Implantação NFC'e,2025-03-05,Concluido,24887f2b-0a3f-4e8c-b699-fac9ebbea3a7,Implantação,3,Aprovado,2025-05-13,2025-06-04,0.00,0.0000,0.0000,0.6000,0.2000,162.94,2026-07-24 17:06:28.173943+00,2026-07-25 14:26:00.868754+00,1,13035.20,0.00,13035.20
dcdb4218-eace-4eb5-8af5-ecb84c01b2b1,91247,25fb280d-6272-4826-99de-32d918204dff,Migração Oracle  19c,2022-09-20,Concluido,24887f2b-0a3f-4e8c-b699-fac9ebbea3a7,,,Aprovado,2022-09-21,2022-09-21,0.00,0.0000,0.0000,0.6000,0.2000,162.94,2026-07-24 17:06:27.597938+00,2026-07-25 14:26:00.868754+00,1,0.00,0.00,0.00
de43ebf7-e647-489d-bd58-8fb5e260809c,109186,d6661814-260f-4b92-9b0d-d619007208d2,Promoção Raspadinha,2024-03-20,Concluido,4f873c3e-7e48-434a-8f65-02f3b0582863,,,Aprovado,2024-04-05,2024-04-11,88.00,0.2000,0.0000,0.6000,0.3200,152.94,2026-07-24 17:06:27.597938+00,2026-07-25 14:26:00.868754+00,1,31811.52,0.00,31811.52
de44811e-645a-4262-be80-62428d6a2aad,108814,44900930-9abb-42ec-977e-076034299a13,Implantação tesouraria Web,2024-03-08,Encerrado,,Tesouraria,2,,,,0.00,0.0000,0.0000,0.6000,0.2000,162.94,2026-07-24 17:06:28.173943+00,2026-07-25 14:26:00.868754+00,1,0.00,0.00,0.00
de763010-6932-40b2-aab3-c15353799941,82204,923e43a8-d718-46bc-b174-5ddab0ef6da2,Estação de Pagamento,2021-11-26,Encerrado,24887f2b-0a3f-4e8c-b699-fac9ebbea3a7,,,,,,0.00,0.0000,0.0000,0.6000,0.2000,162.94,2026-07-24 17:06:27.597938+00,2026-07-25 14:26:00.868754+00,1,0.00,0.00,0.00
de79a58c-f69f-4271-89ab-d4e756c3d629,11861,d6661814-260f-4b92-9b0d-d619007208d2,Inauguração Loja 26 - Orosimbo,2025-08-05,Concluido,24887f2b-0a3f-4e8c-b699-fac9ebbea3a7,Implantação,2,Aprovado,2025-09-23,2025-09-30,0.00,0.0000,0.0000,0.6000,0.2000,162.94,2026-07-24 17:06:28.173943+00,2026-07-25 14:26:00.868754+00,1,16619.88,0.00,16619.88
de896598-da6e-49e8-8f0a-0cd24a8a6c42,86140,80f9054a-4b42-4362-b04e-47852bd387ab,Identificar pagamento com PIX,2022-03-31,Concluido,4f873c3e-7e48-434a-8f65-02f3b0582863,,,Cancelado,2022-08-26,,18.00,0.2000,0.0000,0.6000,0.2000,162.94,2026-07-24 17:06:27.597938+00,2026-07-25 14:26:00.868754+00,1,6335.11,0.00,6335.11
df6940b1-a555-4fec-b98c-81a316460ca1,82027,6a00b6df-bc61-4335-8976-3e39e064aff5,Projeto Arredondar,2021-11-23,Concluido,4f873c3e-7e48-434a-8f65-02f3b0582863,,,Encerrado,2022-07-08,,112.00,0.2000,0.3000,0.6000,0.2000,162.94,2026-07-24 17:06:27.597938+00,2026-07-25 14:26:00.868754+00,1,39418.44,11825.53,27592.91
dfb15dfd-eacc-4fc3-b97e-fc369ea091ff,98993,bddc3eea-c4b9-4010-a353-481fb50e5f99,Consulta Clientes Mercafacil,2023-05-17,Encerrado,24887f2b-0a3f-4e8c-b699-fac9ebbea3a7,PDV  / Integração,2,,,,0.00,0.0000,0.0000,0.6000,0.2000,162.94,2026-07-24 17:06:27.597938+00,2026-07-25 14:26:00.868754+00,1,0.00,0.00,0.00
e07ebd09-956d-4160-b098-d0e99840e602,105226,838b766f-5f18-4a79-8202-208d7960fdb6,Criação de letra para vendas Dr. Nagem,2023-11-14,Encerrado,4f873c3e-7e48-434a-8f65-02f3b0582863,PDV / Integração,2,,,,0.00,0.0000,0.0000,0.6000,0.2000,162.94,2026-07-24 17:06:27.597938+00,2026-07-25 14:26:00.868754+00,1,0.00,0.00,0.00
e10f0bf0-822a-40a8-8658-8be73c2b7cef,97635,fd257c9b-88cb-46bc-959c-6cf6a0c84e98,Identificação do cliente na Venda Izio,2023-04-05,Concluido,b5f82498-f4af-427d-995d-77f6e9116056,PDV,1,Suporte,2023-07-20,,8.00,0.2000,0.0000,0.6000,0.2000,162.94,2026-07-24 17:06:27.597938+00,2026-07-25 14:26:00.868754+00,1,3303.50,0.00,3303.50
e1a5945b-971e-43ca-8651-9359c68a1603,20191,7f63efab-ea62-4df5-8339-5875ae9b2732,Documentação API Intelbras,2026-02-13,Encerrado,,,,,,,0.00,0.0000,0.0000,0.6000,0.2000,162.94,2026-07-24 17:06:28.173943+00,2026-07-25 14:26:00.868754+00,1,0.00,0.00,0.00
e1c7fb5f-d075-4a00-977c-6e2f56b0277c,81739,8e92fca3-e9fb-43f4-b2f2-f1764c842d74,Tesouraria - Relatorio Analitico / Sintetico,2021-11-13,Concluido,b5f82498-f4af-427d-995d-77f6e9116056,,,Cancelado,2022-03-03,,14.00,0.2000,0.0000,0.6000,0.2000,162.94,2026-07-24 17:06:27.597938+00,2026-07-25 14:26:00.868754+00,1,4927.31,0.00,0.00
e237bc5b-de6c-4748-b4c7-1ed44e2e609d,21004,3636c0c9-fdae-439b-b2d4-9714d0e7ef66,Projeto PDV All in Ond Duas Telas,2026-03-04,Concluido,24887f2b-0a3f-4e8c-b699-fac9ebbea3a7,Inovação,3,Aprovado,2026-03-27,2026-04-03,0.00,0.0000,0.1475,0.6000,0.2000,162.94,2026-07-24 17:06:28.173943+00,2026-07-25 14:26:00.868754+00,1,11731.68,1730.42,10000.00
e2d86ece-3ec2-4416-b96f-11f891e41b44,89712,80f9054a-4b42-4362-b04e-47852bd387ab,API Visual Kitchen,2022-08-04,Concluido,4f873c3e-7e48-434a-8f65-02f3b0582863,,,Cancelado,2022-09-28,,27.00,0.2000,0.5000,0.6000,0.2000,162.94,2026-07-24 17:06:27.597938+00,2026-07-25 14:26:00.868754+00,1,9502.66,4751.33,4751.33
e33f4b36-dc94-4f4d-ba1b-e1a8e9e395cb,79695,7f63efab-ea62-4df5-8339-5875ae9b2732,Programa Fidelidade acumulo de Pontos,2021-09-14,Concluido,b5f82498-f4af-427d-995d-77f6e9116056,,,Cancelado,2022-03-03,,47.00,0.2000,0.0000,0.6000,0.2000,162.94,2026-07-24 17:06:27.597938+00,2026-07-25 14:26:00.868754+00,1,18379.63,0.00,18379.63
e37d1cb7-bd3f-4df6-883f-baca5bbf37ab,114377,25fb280d-6272-4826-99de-32d918204dff,PSP do PIX,2024-08-14,Concluido,24887f2b-0a3f-4e8c-b699-fac9ebbea3a7,Integração,1,Suporte,,,0.00,0.0000,0.0000,0.6000,0.2000,162.94,2026-07-24 17:06:28.173943+00,2026-07-25 14:26:00.868754+00,1,0.00,0.00,0.00
e3bf6b67-aceb-41f3-a712-dd9f61098ce1,89907,f8a59749-e052-458a-afc4-d7e7f228ddbe,Integração RPE/DOCK,2022-08-10,Concluido,4f873c3e-7e48-434a-8f65-02f3b0582863,,,Aprovado,2022-12-14,2022-12-20,22.00,0.2000,0.2746,0.6000,0.2000,162.94,2026-07-24 17:06:27.597938+00,2026-07-25 14:26:00.868754+00,1,7742.91,2125.82,5617.09
e3f1f3da-dcec-41cf-9424-c29188f9b070,107002,923e43a8-d718-46bc-b174-5ddab0ef6da2,Limpeza de Cache,2024-01-09,Reunião Tecnica,,"AV ",1,Suporte,,,0.00,0.0000,0.0000,0.6000,0.2000,162.94,2026-07-24 17:06:27.597938+00,2026-07-25 14:26:00.868754+00,1,0.00,0.00,0.00
e48079ee-abec-4605-a43e-0990683377d7,111558,96f36366-04b6-47a3-8545-91e84d426059,Envio da forma de pagamento do pedido,2024-06-06,Encerrado,,PDV / Integração,1,,,,0.00,0.0000,0.0000,0.6000,0.2000,162.94,2026-07-24 17:06:28.173943+00,2026-07-25 14:26:00.868754+00,1,0.00,0.00,0.00
e4938693-5893-4e2e-b5d0-dbd583a11c1b,104634,d6661814-260f-4b92-9b0d-d619007208d2,Nova Loja Boa Jundiai,2023-10-24,Concluido,24887f2b-0a3f-4e8c-b699-fac9ebbea3a7,,,Aprovado,2024-01-16,2024-01-19,0.00,0.0000,0.0919,0.6000,0.2000,152.94,2026-07-24 17:06:27.597938+00,2026-07-25 14:26:00.868754+00,1,11011.68,1011.68,10000.00
e4ac366c-b4fc-493e-9f99-13a36c12850e,112562,44900930-9abb-42ec-977e-076034299a13,Utilização do Saldo CashBack no Self,2024-07-01,Em Analise,4f873c3e-7e48-434a-8f65-02f3b0582863,PDV,1,Release,,,0.00,0.0000,0.0000,0.6000,0.2000,162.94,2026-07-24 17:06:27.597938+00,2026-07-25 14:26:00.868754+00,1,0.00,0.00,0.00
e4cfeae9-5570-4cbc-95d7-c4c81a105b2c,85715,80fdd68a-1536-41e7-a7c6-29444ed91d18,Customização do Integrador de Carga de Produtos,2022-03-16,Concluido,7cf7d560-8945-44d0-8aa9-f57e5e40bee7,,,Bonificado,2022-03-31,2022-03-31,6.00,0.2000,1.0000,0.6000,0.2000,162.94,2026-07-24 17:06:27.597938+00,2026-07-25 14:26:00.868754+00,1,2111.70,2111.70,0.00
e5fbb0e3-7a5a-40c9-a78a-339323eff99a,8042,770a7889-ad6f-47c2-b614-e3db637a49c6,Inclusão de forma de pagamento a prazo,2025-05-08,Encerrado,b5f82498-f4af-427d-995d-77f6e9116056,DT-Core,3,,,,48.00,0.2000,0.0000,0.6000,0.3200,162.94,2026-07-24 17:06:27.597938+00,2026-07-25 14:26:00.868754+00,1,18019.86,0.00,18019.86
e6025646-5a5f-4e80-8e44-24d5a1547e94,89966,4a26fcf1-9bab-48eb-86b9-999e64310cd2,Ato Cooperativo x NFP,2022-08-11,Concluido,4f873c3e-7e48-434a-8f65-02f3b0582863,,,Aprovado,2022-09-12,2022-10-03,20.00,0.2000,0.1062,0.6000,0.2000,162.94,2026-07-24 17:06:27.597938+00,2026-07-25 14:26:00.868754+00,1,7039.01,747.89,6291.12
e60caa85-a61b-470e-bf23-2708ea7b3af7,97549,838b766f-5f18-4a79-8202-208d7960fdb6,Recupera cupom,2023-04-04,Concluido,4f873c3e-7e48-434a-8f65-02f3b0582863,,,Aprovado,2023-06-06,2023-09-19,40.00,0.2000,0.0000,0.6000,0.3250,167.99,2026-07-24 17:06:27.597938+00,2026-07-25 14:26:00.868754+00,1,15522.24,0.00,15522.24
e624575f-01f0-4c50-b9b7-b31e6d83f4ec,77733,44fd0466-a014-4e2c-8384-893bc245a47e,Qtde Maxima de Produto por Cupom,2022-07-21,Concluido,b5f82498-f4af-427d-995d-77f6e9116056,,,Cancelado,2022-02-24,,78.00,0.2000,0.0000,0.6000,0.2000,162.94,2026-07-24 17:06:27.597938+00,2026-07-25 14:26:00.868754+00,1,22876.78,0.00,0.00
e659dd97-6f3b-4536-803d-e3a1b1e96b3f,702,96f36366-04b6-47a3-8545-91e84d426059,NFC'e,2025-12-17,Concluido,24887f2b-0a3f-4e8c-b699-fac9ebbea3a7,Implantação,3,Aprovado,2025-05-07,2025-08-01,0.00,0.0000,0.0000,0.6000,0.2000,162.94,2026-07-24 17:06:28.173943+00,2026-07-25 14:26:00.868754+00,1,33891.52,0.00,33891.52
e6bb384a-ece1-4b40-a472-2281b747fecc,15883,610af016-3cf6-49a0-8ebd-c84cffce3f47,Projeto emissão de certificados,2025-11-03,BackLog,b5f82498-f4af-427d-995d-77f6e9116056,AV,4,,,,0.00,0.0000,0.0000,0.6000,0.2000,162.94,2026-07-24 17:06:28.173943+00,2026-07-25 14:26:00.868754+00,1,0.00,0.00,0.00
e754c262-7b5a-4478-8065-6c1e7b321211,1267,f8a59749-e052-458a-afc4-d7e7f228ddbe,Número da Sorte,2025-01-16,Encerrado,b5f82498-f4af-427d-995d-77f6e9116056,PDV / Integração,4,,,,0.00,0.0000,0.0000,0.6000,0.2000,162.94,2026-07-24 17:06:28.173943+00,2026-07-25 14:26:00.868754+00,1,0.00,0.00,0.00
e768396b-1632-448c-9941-803a0a22e79e,99615,80f9054a-4b42-4362-b04e-47852bd387ab,Desconto por unidade,2023-06-05,Encerrado,b5f82498-f4af-427d-995d-77f6e9116056,,,Enviado,2023-09-25,,14.00,0.2000,0.0000,0.6000,0.3200,152.94,2026-07-24 17:06:27.597938+00,2026-07-25 14:26:00.868754+00,1,4933.23,0.00,4933.23
e7c19180-70e7-4ec4-a81d-9475b5e1a8cb,103438,4f9970fc-7e10-4350-8cdb-03c2c57cad8b,Envio de e-mail,2023-10-03,Encerrado,4f873c3e-7e48-434a-8f65-02f3b0582863,,,,,,0.00,0.0000,0.0000,0.6000,0.2000,162.94,2026-07-24 17:06:27.597938+00,2026-07-25 14:26:00.868754+00,1,0.00,0.00,0.00
e869e4d4-a9de-403f-b6fc-9098c7b3e8b9,103437,4f9970fc-7e10-4350-8cdb-03c2c57cad8b,Alteração no corpo do e-mail,2023-10-03,Encerrado,4f873c3e-7e48-434a-8f65-02f3b0582863,,,,,,0.00,0.0000,0.0000,0.6000,0.2000,162.94,2026-07-24 17:06:27.597938+00,2026-07-25 14:26:00.868754+00,1,0.00,0.00,0.00
e8c34464-6e77-4dae-b859-c0431b602ced,97247,aebbcea0-4af1-424f-8951-f3941e6cc793,Relatório de Agenda,2023-03-28,Encerrado,b5f82498-f4af-427d-995d-77f6e9116056,,,Enviado,2023-08-07,,12.00,0.2000,0.2875,0.6000,0.2000,162.94,2026-07-24 17:06:27.597938+00,2026-07-25 14:26:00.868754+00,1,6607.20,1899.57,4707.63
e8e4836d-945a-4bc2-a900-582124fe6d34,98126,07ef7533-9281-4b78-bee4-6b35bdc48e39,Integração Pricefy,2023-05-10,Encerrado,4f873c3e-7e48-434a-8f65-02f3b0582863,Integração / PDV,3,,,,100.00,0.2000,0.0000,0.6000,0.3200,152.94,2026-07-24 17:06:27.597938+00,2026-07-25 14:26:00.868754+00,1,35482.08,0.00,35482.08
e90f395d-cf73-4d1a-bd67-b683e9e39abe,95758,037e23fd-1363-4635-8ef6-a73329228c53,Implementação Painel SIGEF-e,2023-02-08,Encerrado,b5f82498-f4af-427d-995d-77f6e9116056,Inovação,1,,,,0.00,0.0000,0.0000,0.6000,0.2000,162.94,2026-07-24 17:06:27.597938+00,2026-07-25 14:26:00.868754+00,1,0.00,0.00,0.00
e918bd13-7e0f-4a89-bffa-71f0f580ba3d,96400,80f9054a-4b42-4362-b04e-47852bd387ab,Projeto Visual Store - Azure,2023-03-02,Concluido,24887f2b-0a3f-4e8c-b699-fac9ebbea3a7,,,Equipe Exclusiva,,,0.00,0.0000,0.0000,0.6000,0.2000,162.94,2026-07-24 17:06:27.597938+00,2026-07-25 14:26:00.868754+00,1,0.00,0.00,0.00
e933972d-415d-4152-83ad-c02a4f0eb4d3,25418,f8a59749-e052-458a-afc4-d7e7f228ddbe,Avaliação de Integração da fatura Z-on,2026-06-15,Em Analise,4f873c3e-7e48-434a-8f65-02f3b0582863,Inovação,4,,,,0.00,0.0000,0.0000,0.6000,0.2000,195.53,2026-07-24 17:06:28.173943+00,2026-07-25 14:26:00.868754+00,1,42046.34,0.00,42046.34
e95508f2-23fe-407e-b925-63583c8fdfa0,103132,923e43a8-d718-46bc-b174-5ddab0ef6da2,Desconto PJ,2023-09-28,Reunião Tecnica,b5f82498-f4af-427d-995d-77f6e9116056,PDV / AV / Integração,2,,,,24.00,0.2000,0.0000,0.6000,0.2000,162.94,2026-07-24 17:06:28.173943+00,2026-07-25 14:26:00.868754+00,1,0.00,0.00,0.00
e95c3430-ccea-45e9-a155-8188659a5174,11856,d6661814-260f-4b92-9b0d-d619007208d2,Reinauguração Loja 04 - Maxi Shopping,2025-08-05,Encerrado,24887f2b-0a3f-4e8c-b699-fac9ebbea3a7,Implantação,2,,,,0.00,0.0000,0.0000,0.6000,0.2000,162.94,2026-07-24 17:06:28.173943+00,2026-07-25 14:26:00.868754+00,1,0.00,0.00,0.00
eb1b7785-2dad-4ab7-925a-8b641ed31b2c,23462,3636c0c9-fdae-439b-b2d4-9714d0e7ef66,Linguagem - P3,2026-06-01,Concluido,24887f2b-0a3f-4e8c-b699-fac9ebbea3a7,Inovação,4,Enviado,2026-07-02,,32.00,0.2000,0.0000,0.6000,0.2000,162.94,2026-07-24 17:06:28.173943+00,2026-07-25 14:26:00.868754+00,1,12057.56,0.00,12057.56
eb24b567-a546-4cad-aef5-d9d380dcfcef,20946,229d045a-7db0-446c-8af0-7efea4522eaa,Implantação ifoods,2026-03-23,Em Analise,24887f2b-0a3f-4e8c-b699-fac9ebbea3a7,Implantação,2,Enviado,2026-04-01,,0.00,0.0000,0.0000,0.6000,0.2000,162.94,2026-07-24 17:06:28.173943+00,2026-07-25 14:26:00.868754+00,1,0.00,0.00,0.00
eb3f06bb-3358-4689-9b44-d16110cef2eb,109781,229d045a-7db0-446c-8af0-7efea4522eaa,Implementação no Convenio,2024-04-10,Encerrado,b5f82498-f4af-427d-995d-77f6e9116056,Convenio,4,Enviado,2024-07-25,,72.00,0.2000,0.0000,0.6000,0.3200,152.94,2026-07-24 17:06:27.597938+00,2026-07-25 14:26:00.868754+00,1,25370.91,0.00,25370.91
ebbb5956-737e-46d0-9556-df28d05ac5b8,241,eedf6198-b134-4d0a-9acb-9fec23f95f90,Implantação Cartão Proprio,2024-05-28,Encerrado,4f873c3e-7e48-434a-8f65-02f3b0582863,PDV / Integração,2,Enviado,2024-09-26,,120.00,0.2000,0.2000,0.6000,0.3200,152.67,2026-07-24 17:06:27.597938+00,2026-07-25 14:26:00.868754+00,1,42211.44,8442.29,33769.15
ebd40a9b-61f8-4f4f-9916-337ea3e94710,98341,80f9054a-4b42-4362-b04e-47852bd387ab,Criação de View e-commerce,2023-04-28,Encerrado,,,,,,,0.00,0.0000,0.0000,0.6000,0.2000,162.94,2026-07-24 17:06:27.597938+00,2026-07-25 14:26:00.868754+00,1,0.00,0.00,0.00
ec6eb08f-d735-4d5f-bc6a-5a1e2a51c0d0,5271,d6661814-260f-4b92-9b0d-d619007208d2,implementação da função pré-venda,2026-03-06,Concluido,b5f82498-f4af-427d-995d-77f6e9116056,PDV,2,,,,16.00,0.2000,0.0000,0.6000,0.3200,162.94,2026-07-24 17:06:27.597938+00,2026-07-25 14:26:00.868754+00,1,0.00,0.00,0.00
eca6ace7-fec5-472f-953d-3136a554c557,11331,88627d86-ab81-4fb7-904e-5fd914fc4b7a,Estatistica margem Liquida,2025-07-24,Concluido,24887f2b-0a3f-4e8c-b699-fac9ebbea3a7,Gestão,2,Aprovado,2025-08-07,2026-02-06,180.00,0.0000,0.0000,0.0000,0.0000,162.94,2026-07-24 17:06:28.173943+00,2026-07-25 13:47:17.902141+00,1,,,
ece5b1d8-a847-4ea9-8e02-b6ca6a7e8deb,97361,b371113f-0789-40f1-9cb3-8cdd1fd32ac9,Cupom desconto,2023-03-31,Concluido,24887f2b-0a3f-4e8c-b699-fac9ebbea3a7,,,Aprovado,2023-03-31,2023-04-14,24.00,0.2000,0.5000,0.6000,0.2000,162.94,2026-07-24 17:06:27.597938+00,2026-07-25 14:26:00.868754+00,1,20856.32,10428.16,10428.16
ecef5909-b3aa-4c9e-a1fb-7bcc359c31c6,112269,923e43a8-d718-46bc-b174-5ddab0ef6da2,Tipo de Veiculo,2024-06-24,Em Analise,b5f82498-f4af-427d-995d-77f6e9116056,AV,1,,,,0.00,0.0000,0.0000,0.6000,0.2000,162.94,2026-07-24 17:06:28.173943+00,2026-07-25 14:26:00.868754+00,1,7341.12,3910.56,3910.56
ed19feaf-72fc-4b4e-b470-d96435e51a8d,97740,838b766f-5f18-4a79-8202-208d7960fdb6,Mudança de nomenclatura no espelho de caixa,2023-04-10,Concluido,4f873c3e-7e48-434a-8f65-02f3b0582863,,,Bonificado,2023-06-06,2023-09-19,16.00,0.2000,1.0000,0.6000,0.3200,164.77,2026-07-24 17:06:27.597938+00,2026-07-25 14:26:00.868754+00,1,6073.92,6073.92,0.00
ee11ff4d-c53f-4a6a-9609-0a028e74c66d,26488,d6661814-260f-4b92-9b0d-d619007208d2,Evolução da jornada do Familião,2026-07-24,BackLog,4f873c3e-7e48-434a-8f65-02f3b0582863,PDV,2,,,,0.00,0.0000,0.0000,0.6000,0.2000,162.94,2026-07-24 17:06:28.173943+00,2026-07-25 14:26:00.868754+00,1,0.00,0.00,0.00
ee1fcc01-6de9-446c-b039-8f0cb57fa3a3,15266,eedf6198-b134-4d0a-9acb-9fec23f95f90,Venda de E-book,2025-10-20,Concluido,24887f2b-0a3f-4e8c-b699-fac9ebbea3a7,PDV,,Aprovado,2025-10-21,2025-11-03,20.00,0.2000,0.1050,0.6000,0.2560,162.94,2026-07-24 17:06:28.173943+00,2026-07-25 14:26:00.868754+00,1,11731.68,1231.65,10500.03
ee6915d6-1938-48fa-8752-93d4ea98af5e,12139,879633fa-54eb-4eb7-b131-f35ced891fb3,Relatorio de exportação de XML,2025-08-12,Encerrado,bb1443d3-c1f4-4712-8e52-04b694a00cc9,AV,2,,,,0.00,0.0000,0.0000,0.6000,0.2000,162.94,2026-07-24 17:06:28.173943+00,2026-07-25 14:26:00.868754+00,1,0.00,0.00,0.00
eeb6a6aa-f1ff-41d1-9ef5-af98f76e4920,112654,bddc3eea-c4b9-4010-a353-481fb50e5f99,Integração CRM Cresce Vendas,2024-07-02,Concluido,24887f2b-0a3f-4e8c-b699-fac9ebbea3a7,Implatação /Integração,2,Aprovado,2024-07-22,2024-07-25,0.00,0.0000,0.1827,0.6000,0.2000,152.94,2026-07-24 17:06:27.597938+00,2026-07-25 14:26:00.868754+00,1,12235.20,2235.14,10000.00
eef24d6c-4b22-416b-b9ba-aa36bb46a1a8,102414,838b766f-5f18-4a79-8202-208d7960fdb6,Ativar preço exclusivo por cliente,2023-09-08,Encerrado,4f873c3e-7e48-434a-8f65-02f3b0582863,PDV / Integração,2,,,,0.00,0.0000,0.0000,0.6000,0.2000,162.94,2026-07-24 17:06:28.173943+00,2026-07-25 14:26:00.868754+00,1,0.00,0.00,0.00
f06e399d-d0f8-427c-9431-1534fcd9b13d,379,229d045a-7db0-446c-8af0-7efea4522eaa,Cartão Pre-aprovado,2025-04-08,Concluido,4f873c3e-7e48-434a-8f65-02f3b0582863,PDV / Integração,3,Enviado,2025-06-12,,32.00,0.2000,0.0000,0.6000,0.2000,162.94,2026-07-24 17:06:27.597938+00,2026-07-25 14:26:00.868754+00,1,16619.88,2064.78,13765.17
f081b81c-5a20-4987-a0eb-691bcab06d31,95869,7f63efab-ea62-4df5-8339-5875ae9b2732,Alteração no Fluxo DAV Vtex,2023-02-13,Concluido,b5f82498-f4af-427d-995d-77f6e9116056,,,Aprovado,2023-04-12,2023-04-12,10.00,0.2000,0.0000,0.6000,0.2000,162.94,2026-07-24 17:06:27.597938+00,2026-07-25 14:26:00.868754+00,1,5900.00,0.00,5900.00
f094f9f6-539e-4784-b082-496b4f06d08c,7698,d6661814-260f-4b92-9b0d-d619007208d2,Promoção Selos lfounders,2025-04-30,Concluido,4f873c3e-7e48-434a-8f65-02f3b0582863,Implantação / PDV,3,Aprovado,2025-05-12,2025-10-03,120.00,0.1500,0.0000,0.6000,0.3200,162.69,2026-07-24 17:06:28.173943+00,2026-07-25 14:26:00.868754+00,1,43016.16,0.00,43016.16
f11b29da-d095-4f71-986c-9a4a159f4e76,11602,80f9054a-4b42-4362-b04e-47852bd387ab,Inativação de Itens,2025-07-30,Concluido,4f873c3e-7e48-434a-8f65-02f3b0582863,integração,2,Release,,,0.00,0.0000,0.0000,0.6000,0.2000,162.94,2026-07-24 17:06:28.173943+00,2026-07-25 14:26:00.868754+00,1,0.00,0.00,0.00
f14afb3f-8d60-46f7-9e63-1186ef2aefd5,23739,e674311e-9e6c-452c-b7f8-8b90acb0927e,Integração Estacionamento Madis,2026-05-07,Em Analise,24887f2b-0a3f-4e8c-b699-fac9ebbea3a7,Integração,3,,,,0.00,0.0000,0.0000,0.6000,0.2000,162.94,2026-07-24 17:06:28.173943+00,2026-07-25 14:26:00.868754+00,1,0.00,0.00,0.00
f17513ca-b51f-4c2e-8cb4-97176e81ca7c,116965,923e43a8-d718-46bc-b174-5ddab0ef6da2,Integração de banco de daos Tinting Akzo,2024-10-24,BackLog,,Integração,4,,,,0.00,0.0000,0.0000,0.6000,0.2000,162.94,2026-07-24 17:06:28.173943+00,2026-07-25 14:26:00.868754+00,1,0.00,0.00,0.00
f1ea752e-a159-42e7-ab9e-a7ec7d17d411,117366,44900930-9abb-42ec-977e-076034299a13,Implantação da Campanha Selos Loyaltcon,2024-11-06,Concluido,24887f2b-0a3f-4e8c-b699-fac9ebbea3a7,PDV / implantação,3,Aprovado,2024-11-13,2025-01-22,16.00,0.0000,0.0000,0.6000,0.2000,162.94,2026-07-24 17:06:28.173943+00,2026-07-25 14:26:00.868754+00,1,12235.20,0.00,12235.20
f22b78d2-fa71-4d6f-a6c5-3841d52666fd,20191,7f63efab-ea62-4df5-8339-5875ae9b2732,Integração API Intelbras,2026-02-13,Concluido,4f873c3e-7e48-434a-8f65-02f3b0582863,Inovação / PDV,3,Enviado,2026-06-16,,50.00,0.2000,0.0000,0.6000,0.3200,162.94,2026-07-24 17:06:28.173943+00,2026-07-25 14:26:00.868754+00,1,18770.69,0.00,18770.69
f2935181-fab9-4cd7-928c-2e62ca526bdb,20598,7bb9fe46-c037-434c-93be-7222870a2fc7,Elaboração DAVT,2026-02-24,Novo Cliente,24887f2b-0a3f-4e8c-b699-fac9ebbea3a7,Projeto,3,Aprovado,,,0.00,0.0000,0.0000,0.6000,0.2000,162.94,2026-07-24 17:06:28.173943+00,2026-07-25 14:26:00.868754+00,1,0.00,0.00,0.00
f2a2f9a1-da9e-4bfc-a553-4e2879aef26e,85281,44900930-9abb-42ec-977e-076034299a13,Alteração View da Vm_integração,2022-03-02,Concluido,7cf7d560-8945-44d0-8aa9-f57e5e40bee7,,,Bonificado,2022-04-18,2022-04-19,4.00,0.0000,1.0000,0.6000,0.2000,162.94,2026-07-24 17:06:27.597938+00,2026-07-25 14:26:00.868754+00,1,1173.17,1173.17,0.00
f2e54671-fcb6-4b3a-887f-b60a2655e20f,110182,cf905278-2639-4f5f-ae27-a2cf610c3574,Especificação Farmacia,2024-04-26,Encerrado,,Visual Store / Inovação / PDV,Exceção,,,,0.00,0.0000,0.0000,0.6000,0.2000,162.94,2026-07-24 17:06:27.597938+00,2026-07-25 14:26:00.868754+00,1,0.00,0.00,0.00
f2f3b063-a2d7-40ce-ba1a-d6507445b06f,107664,1906d458-3c21-4f23-9720-ab05b01fb3f6,Recebimento Boleto,2024-01-31,Concluido,b5f82498-f4af-427d-995d-77f6e9116056,PDV / Integração / Vm_pay,4,Aprovado,2024-06-13,2024-10-04,80.00,0.2000,0.0000,0.6000,0.3200,152.67,2026-07-24 17:06:27.597938+00,2026-07-25 14:26:00.868754+00,1,28140.96,0.00,28140.96
f384b27c-f1a9-4726-8eb9-4d5bb376601c,105452,f8a59749-e052-458a-afc4-d7e7f228ddbe,Envio de e-mail,2023-11-22,Encerrado,4f873c3e-7e48-434a-8f65-02f3b0582863,,,,,,0.00,0.0000,0.0000,0.6000,0.2000,162.94,2026-07-24 17:06:27.597938+00,2026-07-25 14:26:00.868754+00,1,0.00,0.00,0.00
f393f21f-0a32-4214-9fd3-0dc6566164c2,706,229d045a-7db0-446c-8af0-7efea4522eaa,Somatoria dos desconto a partir de na tela,2024-12-18,Concluido,b5f82498-f4af-427d-995d-77f6e9116056,PDV,2,Aprovado,2025-05-10,2025-07-21,28.00,0.1100,0.0596,0.6000,0.3200,162.94,2026-07-24 17:06:28.173943+00,2026-07-25 14:26:00.868754+00,1,10102.28,602.30,9500.00
f3d1d4b6-79d8-44c3-a6ae-1cdcfc2478b7,100209,20e510ba-1c96-4519-bd31-5ff87bcb61e2,Etiqueta Eletronica Seal,2023-06-23,Concluido,b5f82498-f4af-427d-995d-77f6e9116056,,,Aprovado,2023-08-23,2024-03-05,48.00,0.2000,0.0000,0.6250,0.3250,152.50,2026-07-24 17:06:27.597938+00,2026-07-25 14:26:00.868754+00,1,17129.28,0.00,17129.28
f4078cf2-9ffd-41f8-a0dc-54f4f57b6ca5,97828,b371113f-0789-40f1-9cb3-8cdd1fd32ac9,Data de nascimento no cadastro de Cliente,2023-04-12,Concluido,b5f82498-f4af-427d-995d-77f6e9116056,,,Bonificado,2023-06-15,2023-06-16,16.00,0.2000,1.0000,0.6000,0.3750,152.94,2026-07-24 17:06:27.597938+00,2026-07-25 14:26:00.868754+00,1,5799.48,5799.48,0.00
f4517630-80d0-4ef0-99e6-ee564dee17cd,89063,88627d86-ab81-4fb7-904e-5fd914fc4b7a,Integração de Preco II (Preço Clube),2022-07-11,Concluido,24887f2b-0a3f-4e8c-b699-fac9ebbea3a7,,,Encerrado,2022-08-02,,40.00,0.1500,0.0000,0.6000,0.2000,162.94,2026-07-24 17:06:27.597938+00,2026-07-25 14:26:00.868754+00,1,13491.43,0.00,13491.43
f4d980f7-2255-433f-82a7-e0531d3fd9d7,80982,4a26fcf1-9bab-48eb-86b9-999e64310cd2,Integração SAP Time & Material de 04/03 a 10/05/22,2022-10-21,Concluido,24887f2b-0a3f-4e8c-b699-fac9ebbea3a7,,,Aprovado,2022-05-30,2022-07-13,0.00,0.0000,0.0000,0.6000,0.2000,162.94,2026-07-24 17:06:27.597938+00,2026-07-25 14:26:00.868754+00,1,0.00,0.00,0.00
f4dbf388-3786-4c0a-bc41-e8b8f6331dc8,109355,f8a59749-e052-458a-afc4-d7e7f228ddbe,Integração 99,2024-06-03,Encerrado,24887f2b-0a3f-4e8c-b699-fac9ebbea3a7,PDV / Integração,2,Enviado,2024-08-02,,94.00,0.2000,0.0925,0.6000,0.3200,152.94,2026-07-24 17:06:27.597938+00,2026-07-25 14:26:00.868754+00,1,33035.04,3035.04,30000.00
f50ca220-1da3-480b-a0cd-6886470883b5,112477,44900930-9abb-42ec-977e-076034299a13,Alterações na Pagina das formas de pagamento,2024-06-27,Em Analise,4f873c3e-7e48-434a-8f65-02f3b0582863,PDV,1,Suporte,,,0.00,0.0000,0.0000,0.6000,0.2000,162.94,2026-07-24 17:06:27.597938+00,2026-07-25 14:26:00.868754+00,1,0.00,0.00,0.00
f574ec33-fe21-46e2-88f7-61c67afe2dea,114816,923e43a8-d718-46bc-b174-5ddab0ef6da2,Projeto PIX Copia e Cola,2024-08-27,Encerrado,b5f82498-f4af-427d-995d-77f6e9116056,AV,3,,,,0.00,0.0000,0.0000,0.6000,0.2000,162.94,2026-07-24 17:06:28.173943+00,2026-07-25 14:26:00.868754+00,1,0.00,0.00,0.00
f58d374e-4435-4911-b17c-6b2062d7d1c5,9276,ea230a9f-9fbb-4207-b87e-05154ea03587,Elaboração DAVT,2025-06-03,Encerrado,24887f2b-0a3f-4e8c-b699-fac9ebbea3a7,,,,,,0.00,0.0000,0.0000,0.6000,0.2000,162.94,2026-07-24 17:06:28.173943+00,2026-07-25 14:26:00.868754+00,1,0.00,0.00,0.00
f5a54d1d-4d5a-4aed-a9c8-f73108dd51a5,7548,88627d86-ab81-4fb7-904e-5fd914fc4b7a,Estatística Central vendas dos produtos da casadinha CRM,2025-04-25,BackLog,24887f2b-0a3f-4e8c-b699-fac9ebbea3a7,Gestão,,,,,0.00,0.0000,0.0000,0.6000,0.2000,162.94,2026-07-24 17:06:28.173943+00,2026-07-25 14:26:00.868754+00,1,1001.10,0.00,0.00
f5c87566-d874-408a-8874-9a179419ff5f,87261,20e510ba-1c96-4519-bd31-5ff87bcb61e2,Sorteio de Prêmios,2022-05-06,A Iniciar,4f873c3e-7e48-434a-8f65-02f3b0582863,,,Cancelado,,,0.00,0.0000,0.0000,0.6000,0.2000,162.94,2026-07-24 17:06:27.597938+00,2026-07-25 14:26:00.868754+00,1,0.00,0.00,0.00
f6246f9d-fddc-4e56-96ca-0b8f5891d393,111057,25fb280d-6272-4826-99de-32d918204dff,Cupom Ecologico,2024-05-23,Encerrado,b5f82498-f4af-427d-995d-77f6e9116056,PDV / Integração,2,,,,0.00,0.0000,0.0000,0.6000,0.2000,162.94,2026-07-24 17:06:27.597938+00,2026-07-25 14:26:00.868754+00,1,0.00,0.00,0.00
f640651a-9d60-4928-af86-9d6fb5fb5d65,100090,44900930-9abb-42ec-977e-076034299a13,Mudar a validação do Saldo do Convenio,2023-06-20,Concluido,24887f2b-0a3f-4e8c-b699-fac9ebbea3a7,,,Release,2023-08-14,,16.00,0.2000,0.0000,0.6000,0.2000,162.94,2026-07-24 17:06:27.597938+00,2026-07-25 14:26:00.868754+00,1,6166.54,0.00,6166.54
f6be114f-4c21-4279-a355-bbbea0be0cc9,107702,1906d458-3c21-4f23-9720-ab05b01fb3f6,Desconto Abrasel,2024-02-01,Concluido,b5f82498-f4af-427d-995d-77f6e9116056,PDV / VisualStore/ Integração,2,Recusada,2024-06-26,,64.00,0.2000,0.0000,0.6406,0.3438,152.94,2026-07-24 17:06:27.597938+00,2026-07-25 14:26:00.868754+00,1,23308.06,0.00,23308.06
f6f6cb97-d11d-4108-be49-8af5cd0af4c8,24919,88627d86-ab81-4fb7-904e-5fd914fc4b7a,Criticar os pontos de senha para conta corrente,2026-06-05,Concluido,24887f2b-0a3f-4e8c-b699-fac9ebbea3a7,Getsão,2,Enviado,2026-06-17,,0.00,0.0000,0.0000,0.6000,0.2000,195.53,2026-07-24 17:06:28.173943+00,2026-07-25 14:26:00.868754+00,1,9009.93,0.00,9009.93
f785fa50-369d-4bd4-a4aa-640c3c1e2fe6,15790,88627d86-ab81-4fb7-904e-5fd914fc4b7a,Tratativa para bloqueio de entrada de notas,2025-10-30,Concluido,24887f2b-0a3f-4e8c-b699-fac9ebbea3a7,Gestão,,Aprovado,2025-10-30,2026-02-06,50.00,0.0000,0.0000,0.0000,0.0000,162.94,2026-07-24 17:06:28.173943+00,2026-07-25 13:46:59.346443+00,1,,,
f7a3fbd3-481e-4a91-b3a0-1d1d53688699,102355,20e510ba-1c96-4519-bd31-5ff87bcb61e2,CRM Festval,2023-09-06,Concluido,b5f82498-f4af-427d-995d-77f6e9116056,,,Aprovado,2024-01-05,2024-02-02,32.00,0.2000,0.1068,0.6000,0.2000,162.94,2026-07-24 17:06:27.597938+00,2026-07-25 14:26:00.868754+00,1,13434.25,1434.25,12000.00
f7b32b49-3e78-4fc7-a0b6-9d5439aaa59c,16705,923e43a8-d718-46bc-b174-5ddab0ef6da2,Alterar dias para entrega,2025-11-21,Encerrado,4f873c3e-7e48-434a-8f65-02f3b0582863,AV,2,,,,0.00,0.0000,0.0000,0.6000,0.2000,162.94,2026-07-24 17:06:28.173943+00,2026-07-25 14:26:00.868754+00,1,0.00,0.00,0.00
f81b976c-1727-4ff4-a2b4-f7fa4008a0de,101171,1906d458-3c21-4f23-9720-ab05b01fb3f6,Integração Trocados,2023-07-26,Encerrado,4f873c3e-7e48-434a-8f65-02f3b0582863,,,,,,0.00,0.0000,0.0000,0.6000,0.2000,162.94,2026-07-24 17:06:27.597938+00,2026-07-25 14:26:00.868754+00,1,0.00,0.00,0.00
f82ec2e8-257d-41f1-b05d-1bcaae3ca1ff,113425,88627d86-ab81-4fb7-904e-5fd914fc4b7a,Relatorio gerencial MercaPromo,2024-07-22,Encerrado,24887f2b-0a3f-4e8c-b699-fac9ebbea3a7,PDV,1,,,,0.00,0.0000,0.0000,0.6000,0.2000,162.94,2026-07-24 17:06:27.597938+00,2026-07-25 14:26:00.868754+00,1,0.00,0.00,0.00
f83e0211-0e59-4019-a895-7de7562a3bc5,107149,610af016-3cf6-49a0-8ebd-c84cffce3f47,Financeira Losango,2024-01-15,Encerrado,b5f82498-f4af-427d-995d-77f6e9116056,AV/PDV/Integração/Vm_pay,Caótico,Enviado,2024-05-03,,380.00,0.2000,0.2000,0.5947,0.3189,152.94,2026-07-24 17:06:27.597938+00,2026-07-25 14:26:00.868754+00,1,133363.68,26672.74,106690.94
f87be98a-5f85-45c4-bbda-d558df137e93,97832,b371113f-0789-40f1-9cb3-8cdd1fd32ac9,Carga inicial de itens inativos,2023-04-12,Concluido,b5f82498-f4af-427d-995d-77f6e9116056,,,Recusada,2023-08-14,,12.00,0.2000,0.0000,0.6000,0.2000,162.94,2026-07-24 17:06:27.597938+00,2026-07-25 14:26:00.868754+00,1,6166.54,0.00,6166.54
f88a6dd0-3dd0-4979-a321-29edada00067,75393,6a00b6df-bc61-4335-8976-3e39e064aff5,Checagem 2 Pontos crachá,2021-05-14,Concluido,4f873c3e-7e48-434a-8f65-02f3b0582863,,,Aprovado,2023-06-06,2023-06-14,24.00,0.2000,0.1537,0.6250,0.3333,152.94,2026-07-24 17:06:27.597938+00,2026-07-25 14:26:00.868754+00,1,8625.82,1325.79,7300.03
f8aadf77-401d-480d-b09f-adf7323b6e90,102266,80f9054a-4b42-4362-b04e-47852bd387ab,Pergunta no PDV qual tipo de Moeda,2023-09-04,Encerrado,4f873c3e-7e48-434a-8f65-02f3b0582863,,,,,,24.00,0.0000,0.0000,0.6667,0.3333,152.94,2026-07-24 17:06:27.597938+00,2026-07-25 14:26:00.868754+00,1,7341.12,0.00,7341.12
f8f58002-fdb9-4bf5-a5ce-adc4682a6729,100516,4a26fcf1-9bab-48eb-86b9-999e64310cd2,Eliminar Comprovante,2023-07-04,Encerrado,4f873c3e-7e48-434a-8f65-02f3b0582863,PDV,2,,,,0.00,0.0000,0.0000,0.6000,0.2000,162.94,2026-07-24 17:06:27.597938+00,2026-07-25 14:26:00.868754+00,1,0.00,0.00,0.00
f91e7310-a176-4ce1-8cc2-1fcebb80d9d5,117440,229d045a-7db0-446c-8af0-7efea4522eaa,Integração Intelbras,2024-11-08,Encerrado,b5f82498-f4af-427d-995d-77f6e9116056,PDV,2,,,,0.00,0.0000,0.0000,0.6000,0.2000,162.94,2026-07-24 17:06:28.173943+00,2026-07-25 14:26:00.868754+00,1,0.00,0.00,0.00
f93a7fb1-da0d-4d8e-a313-5484559e1901,87731,4f9970fc-7e10-4350-8cdb-03c2c57cad8b,NPS - Self,2022-05-26,Concluido,4f873c3e-7e48-434a-8f65-02f3b0582863,,,Encerrado,,,0.00,0.0000,0.0000,0.6000,0.2000,162.94,2026-07-24 17:06:27.597938+00,2026-07-25 14:26:00.868754+00,1,0.00,0.00,0.00
f99218e1-edf8-4b4b-9e75-c00c1f3db235,83207,7f63efab-ea62-4df5-8339-5875ae9b2732,"Embalagem 2 ",2022-12-27,Concluido,b5f82498-f4af-427d-995d-77f6e9116056,,,Recusada,2022-03-04,,39.00,0.0000,0.0000,0.6000,0.2000,162.94,2026-07-24 17:06:27.597938+00,2026-07-25 01:10:14.700544+00,1,,,
f9e28288-c989-46b3-b1cb-375f5715cc05,669,20e510ba-1c96-4519-bd31-5ff87bcb61e2,Troca de Senha,2024-12-12,Aguard. Horas de Desen.,4f873c3e-7e48-434a-8f65-02f3b0582863,PDV,,,,,8.00,0.2000,0.0000,0.6000,0.2000,162.94,2026-07-24 17:06:27.597938+00,2026-07-25 14:26:00.868754+00,1,0.00,0.00,293.64
fa8722f3-8a81-466f-8956-9c0baed3e958,87890,d6661814-260f-4b92-9b0d-d619007208d2,Proposta atualização ISO Estação de Pesagem,2022-06-01,Concluido,24887f2b-0a3f-4e8c-b699-fac9ebbea3a7,,,Aprovado,2022-06-20,2022-06-20,0.00,0.0000,0.0000,0.6000,0.2000,162.94,2026-07-24 17:06:27.597938+00,2026-07-25 14:26:00.868754+00,1,0.00,0.00,0.00
fae7565d-bdf9-4f16-b273-85f20f3cd67c,87257,20e510ba-1c96-4519-bd31-5ff87bcb61e2,Campanhas Selos,2022-05-06,A Iniciar,24887f2b-0a3f-4e8c-b699-fac9ebbea3a7,,,Cancelado,,,0.00,0.0000,0.0000,0.6000,0.2000,162.94,2026-07-24 17:06:27.597938+00,2026-07-25 14:26:00.868754+00,1,0.00,0.00,0.00
fb542b41-e900-407c-aef3-2b4ac150c9f8,19462,80f9054a-4b42-4362-b04e-47852bd387ab,Ajuste RFC,2026-01-26,Em Analise,4f873c3e-7e48-434a-8f65-02f3b0582863,Integração,2,,,,0.00,0.0000,0.0000,0.6000,0.2000,162.94,2026-07-24 17:06:28.173943+00,2026-07-25 14:26:00.868754+00,1,0.00,0.00,0.00
fb66a411-4491-48a0-94e0-acd77f489764,17719,879633fa-54eb-4eb7-b131-f35ced891fb3,Pedido Balcao,2025-12-16,Encerrado,4f873c3e-7e48-434a-8f65-02f3b0582863,Integração,3,,,,12.00,0.2000,0.0000,0.6000,0.3200,162.94,2026-07-24 17:06:28.173943+00,2026-07-25 14:26:00.868754+00,1,5214.08,0.00,5214.08
fbbd521f-886f-44c1-8163-d4d6b4f062d8,88592,d91a8467-91a9-4f3d-8c51-8f578fb07798,Integração IdEver,2022-06-24,Concluido,b5f82498-f4af-427d-995d-77f6e9116056,,,Aprovado,2022-09-26,2022-12-06,100.00,0.0000,0.5000,0.6200,0.2000,162.94,2026-07-24 17:06:27.597938+00,2026-07-25 14:26:00.868754+00,1,29655.08,14827.54,14827.54
fc196cee-d22d-4017-82f3-1dc17850d847,97984,80fdd68a-1536-41e7-a7c6-29444ed91d18,Migração Banco de dados,2023-04-17,Concluido,24887f2b-0a3f-4e8c-b699-fac9ebbea3a7,,,Aprovado,2023-04-17,2023-04-19,0.00,0.0000,0.2000,0.6000,0.2000,152.94,2026-07-24 17:06:27.597938+00,2026-07-25 14:26:00.868754+00,1,55058.40,11058.40,44000.00
fcc33cf9-8a10-4dcb-acba-4d6a2a014491,14293,1c3dd165-ab53-4a03-a1bd-c6f56e2856e5,Instalação 3 PDV's mobile,2025-09-29,Encerrado,24887f2b-0a3f-4e8c-b699-fac9ebbea3a7,TODOS,,Enviado,2025-10-06,,0.00,0.0000,0.0000,0.6000,0.2000,162.94,2026-07-24 17:06:28.173943+00,2026-07-25 14:26:00.868754+00,1,9776.40,0.00,9776.40
fdb11064-98ba-49e4-85cb-451e246ef367,14042,879633fa-54eb-4eb7-b131-f35ced891fb3,Instalação CRM Rock,2025-09-23,Concluido,24887f2b-0a3f-4e8c-b699-fac9ebbea3a7,Implantação,2,Aprovado,2025-10-16,2026-03-03,80.00,0.0000,0.3863,0.0000,0.0000,162.94,2026-07-24 17:06:28.173943+00,2026-07-25 13:54:49.664524+00,1,,,
fe2cfe05-ce2e-43c1-b0ed-738fc3c7cf5f,96254,20e510ba-1c96-4519-bd31-5ff87bcb61e2,DW CRM Sales Force,2023-02-27,Concluido,b5f82498-f4af-427d-995d-77f6e9116056,,,Encerrado,,,0.00,0.0000,0.0000,0.6000,0.2000,162.94,2026-07-24 17:06:27.597938+00,2026-07-25 14:26:00.868754+00,1,0.00,0.00,0.00
fea3919f-ce2e-4986-8998-c7c780407e9b,101754,80fdd68a-1536-41e7-a7c6-29444ed91d18,Cancelamento Extemporâneo,2023-08-16,Encerrado,,PDV,2,,,,0.00,0.0000,0.0000,0.6000,0.2000,162.94,2026-07-24 17:06:27.597938+00,2026-07-25 14:26:00.868754+00,1,0.00,0.00,0.00
fed2e659-f03e-464d-b0e3-34c889b9effa,111085,88627d86-ab81-4fb7-904e-5fd914fc4b7a,"Integração RPE ",2024-05-24,Concluido,4f873c3e-7e48-434a-8f65-02f3b0582863,"Integração ",2,Aprovado,2024-08-02,2024-08-13,28.00,0.2000,0.0000,0.6000,0.3200,155.01,2026-07-24 17:06:27.597938+00,2026-07-24 17:06:27.597938+00,1,,,
fef64402-50a3-4d8b-971d-bf1a0976bda5,1234,8e92fca3-e9fb-43f4-b2f2-f1764c842d74,Tabela DE/Para de finalizadora,2023-12-11,Encerrado,24887f2b-0a3f-4e8c-b699-fac9ebbea3a7,,,Enviado,2023-12-21,,36.00,0.2000,0.0000,0.6000,0.3200,152.94,2026-07-24 17:06:27.597938+00,2026-07-25 14:26:00.868754+00,1,11011.68,0.00,11011.68
ff0e7813-7aec-4231-b704-166cfcce888b,97278,f8a59749-e052-458a-afc4-d7e7f228ddbe,Atualização 3DES,2023-03-29,Encerrado,,,,,,,0.00,0.0000,0.0000,0.6000,0.2000,162.94,2026-07-24 17:06:27.597938+00,2026-07-25 14:26:00.868754+00,1,0.00,0.00,0.00
ff606614-9ff2-40e9-b502-45b324c98569,91236,d6661814-260f-4b92-9b0d-d619007208d2,Integração pedidos Ifoods,2022-09-20,Concluido,24887f2b-0a3f-4e8c-b699-fac9ebbea3a7,,,Aprovado,2022-09-20,2022-09-20,0.00,0.0000,0.0000,0.6000,0.2000,162.94,2026-07-24 17:06:27.597938+00,2026-07-25 14:26:00.868754+00,1,8000.00,0.00,8000.00
ff7f10cf-c830-4b87-9e42-db4ea9c03310,13721,770a7889-ad6f-47c2-b614-e3db637a49c6,Abertura de Loja,2025-09-15,Concluido,24887f2b-0a3f-4e8c-b699-fac9ebbea3a7,Todos,3,Aprovado,2025-09-18,2025-09-22,0.00,0.0000,0.0000,0.6000,0.2000,162.94,2026-07-24 17:06:28.173943+00,2026-07-25 14:26:00.868754+00,1,5000.00,0.00,5000.00
ff82734a-1664-4858-ab1a-034013a60e5d,115673,923e43a8-d718-46bc-b174-5ddab0ef6da2,Projeto PDV Touch,2024-09-19,Concluido,4f873c3e-7e48-434a-8f65-02f3b0582863,PDV / Inovação,4,Bonificado,2025-01-08,2025-01-08,100.00,0.2000,1.0000,0.6000,0.3200,152.94,2026-07-24 17:06:28.173943+00,2026-07-25 14:26:00.868754+00,1,35482.08,35482.08,
ff8ca95d-2e62-46d9-be96-56cfabb6c12d,85983,44900930-9abb-42ec-977e-076034299a13,Implantação Propz no Super Facil,2022-03-25,Concluido,24887f2b-0a3f-4e8c-b699-fac9ebbea3a7,,,Cancelado,2022-06-20,,40.00,0.1500,0.0000,0.6000,0.2000,162.94,2026-07-24 17:06:27.597938+00,2026-07-25 14:26:00.868754+00,1,13491.43,0.00,13491.43
ffaebdb5-662d-4281-8f04-3449ce522c4f,92240,b371113f-0789-40f1-9cb3-8cdd1fd32ac9,Melhoria preço Programado,2022-10-20,Concluido,b5f82498-f4af-427d-995d-77f6e9116056,,,Suporte,,,0.00,0.2000,0.0000,0.6000,0.2000,162.94,2026-07-24 17:06:27.597938+00,2026-07-25 14:26:00.868754+00,1,0.00,0.00,0.00
ffaf6951-12b5-490d-b578-e9c6b74f46e3,930,4f9970fc-7e10-4350-8cdb-03c2c57cad8b,Integração de preço promoção / Atacado,2025-01-14,Aguard. Analise Desen.,24887f2b-0a3f-4e8c-b699-fac9ebbea3a7,Integração,3,,,,0.00,0.0000,0.0000,0.6000,0.2000,162.94,2026-07-24 17:06:27.597938+00,2026-07-25 14:26:00.868754+00,1,293.64,0.00,2398.48
ffd81860-b62f-449a-9cee-5c4800230297,99556,4f9970fc-7e10-4350-8cdb-03c2c57cad8b,Alteração de fluxo de venda,2023-06-02,Concluido,4f873c3e-7e48-434a-8f65-02f3b0582863,,,Aprovado,2023-06-26,2023-08-02,20.00,0.2000,0.0000,0.6000,0.2000,162.94,2026-07-24 17:06:27.597938+00,2026-07-25 14:26:00.868754+00,1,9726.98,0.00,9726.98
ffdaa839-1af9-4d9d-8212-b6a59deca639,8800,923e43a8-d718-46bc-b174-5ddab0ef6da2,Função DAV no PDV Mobile,2025-05-29,Encerrado,b5f82498-f4af-427d-995d-77f6e9116056,Inovação,2,,,,0.00,0.0000,0.0000,0.6000,0.2000,162.94,2026-07-24 17:06:28.173943+00,2026-07-25 14:26:00.868754+00,1,0.00,0.00,0.00